Model,Cost (bp),Permutation,Selected Candidate Null,Max Active Null
gbm,0,0,-0.04457012302637746,0.05625036413106918
gbm,0,1,0.006235603815261476,0.0800934225856107
gbm,0,2,-0.2409324190161447,0.012791727370739081
gbm,0,3,0.10264545463005831,0.3186130976519375
gbm,0,4,0.08206465856139214,0.1430290932697839
gbm,0,5,-0.03220169686413872,0.11811402182837816
gbm,0,6,0.08568304454816594,0.09574108190049752
gbm,0,7,-0.2803329823440217,0.07055021721209084
gbm,0,8,0.07617231992903489,0.09780425280410676
gbm,0,9,0.0027277973949070555,0.07292946941225881
gbm,0,10,0.12057900679136507,0.13965795925584457
gbm,0,11,0.087793863707879,0.2809532654392825
gbm,0,12,0.02398928377920395,0.13325152633651588
gbm,0,13,0.043599085140709676,0.164582202897948
gbm,0,14,0.08964438188944246,0.08964438188944246
gbm,0,15,0.051112561297344705,0.13515828391229162
gbm,0,16,-0.37080739361082976,-0.04353975536993886
gbm,0,17,-0.19409707305125598,-0.07035709672789822
gbm,0,18,0.005264998160519757,0.0762231913192235
gbm,0,19,-0.10861490129177556,0.04152445330656418
gbm,0,20,0.056716848023095234,0.08723314604092172
gbm,0,21,0.16114175623344396,0.16114175623344396
gbm,0,22,-0.0014793562051199638,0.051152882981844894
gbm,0,23,-0.297088602068486,-0.07760037811478096
gbm,0,24,-0.1706038032284386,0.05062384148982621
gbm,0,25,0.1340316124454255,0.14455946616571874
gbm,0,26,-0.04368921687229513,0.05412022166702182
gbm,0,27,0.014040298293694242,0.13661325760476806
gbm,0,28,0.11401493046657557,0.11401493046657557
gbm,0,29,-0.023355213086599283,0.0019063481282241002
gbm,0,30,-0.08572389901865943,0.09770778237331768
gbm,0,31,0.13347430951837852,0.20054764411258214
gbm,0,32,0.008442607488265336,0.1084596448179021
gbm,0,33,0.10802732119542624,0.10802732119542624
gbm,0,34,0.054232253934623414,0.10441839267080216
gbm,0,35,-0.20730598743399564,-0.09946411913363445
gbm,0,36,-0.005674746005153275,0.07957985990670241
gbm,0,37,-0.01974146620384401,0.011450918684710154
gbm,0,38,0.0696274573016461,0.15395443638040718
gbm,0,39,-0.09821241276549342,0.11561225578586642
gbm,0,40,-0.11014928900464965,0.03103408433961405
gbm,0,41,0.04921645027825866,0.08794765444926075
gbm,0,42,-0.019022282597416534,0.09926305909523811
gbm,0,43,0.08704069798235123,0.1459256086282214
gbm,0,44,-0.37540010740280827,-0.1682833683965797
gbm,0,45,-0.08016190324641363,0.07823890556585641
gbm,0,46,0.040286566299663346,0.09194986210022982
gbm,0,47,-0.01529269608399772,0.07879411653755436
gbm,0,48,-0.09721589231320796,0.03647747107016741
gbm,0,49,-0.03573039391622075,0.022203891950836607
gbm,0,50,0.11918820969040494,0.11918820969040494
gbm,0,51,0.12978416303031964,0.19843631416562157
gbm,0,52,0.15700724863085935,0.15700724863085935
gbm,0,53,0.10861449843738641,0.10861449843738641
gbm,0,54,-0.26132812728308263,-0.036932162908052235
gbm,0,55,-0.03742663538926795,0.09689489750010324
gbm,0,56,-0.04627682167358138,0.02088004781238323
gbm,0,57,-0.169507983194016,-0.011557244240725406
gbm,0,58,-0.1252093230150651,0.07598831360023431
gbm,0,59,0.157215675259181,0.157215675259181
gbm,0,60,0.1640891871943373,0.23292126632703147
gbm,0,61,-0.15603889063825377,-0.0065061335088016925
gbm,0,62,-0.03215745107218741,0.08335045591198573
gbm,0,63,0.02503532728745353,0.09099535225379826
gbm,0,64,0.01920002230099238,0.05303387334858631
gbm,0,65,0.08041461985745374,0.16533140395930845
gbm,0,66,0.15918326519732257,0.15918326519732257
gbm,0,67,0.2473492935902062,0.2473492935902062
gbm,0,68,0.0624747809587006,0.14486180533300774
gbm,0,69,-0.15380404317470323,0.07356926669572336
gbm,0,70,0.07891035038235086,0.1237509492473331
gbm,0,71,-0.08706605582404708,-0.0014791112553294572
gbm,0,72,0.07408298545607234,0.1831686428896694
gbm,0,73,-0.23014134336477993,0.02743501346097757
gbm,0,74,-0.05019272254214201,0.01943796048308044
gbm,0,75,0.033151327210779874,0.07129812785531547
gbm,0,76,-0.015929596638223187,0.0962229705208299
gbm,0,77,-0.2961224451391794,0.019975148518254104
gbm,0,78,0.030189583512351126,0.10764351866782651
gbm,0,79,-0.34789687305298883,0.01375387495385913
gbm,0,80,0.2005450671963261,0.2005450671963261
gbm,0,81,0.09468272982047332,0.11944559874275479
gbm,0,82,0.08784252701079598,0.17380382997119104
gbm,0,83,-0.03917416812246545,0.13531840714473664
gbm,0,84,0.0403870195428766,0.0403870195428766
gbm,0,85,0.14671066443620068,0.14671066443620068
gbm,0,86,0.07609530335609002,0.110041962493101
gbm,0,87,-0.27300782817684194,-0.045811603729575726
gbm,0,88,-0.016256310250975875,0.025346677467469936
gbm,0,89,-0.13893903824635923,0.02886488382778135
gbm,0,90,-0.01189521827989079,0.09079866574591483
gbm,0,91,0.006081472360150136,0.06987253323295853
gbm,0,92,0.07440184382726556,0.07440184382726556
gbm,0,93,-0.01487795196207442,0.031935960490556276
gbm,0,94,-0.2300987413441356,-0.056248963039321045
gbm,0,95,-0.022980528233941616,0.036366313931686906
gbm,0,96,-0.1235277135107677,0.11676008350714018
gbm,0,97,0.05001779129698669,0.05824253385982053
gbm,0,98,-0.014608952337687636,0.0549339412417065
gbm,0,99,-0.0413381439563804,0.08203875912269154
gbm,0,100,-0.1078597195163768,-0.06082783634829188
gbm,0,101,0.027064205897380622,0.04772066375083367
gbm,0,102,-0.08169080064687119,0.07315642493105146
gbm,0,103,0.06010933179105257,0.06286331464466441
gbm,0,104,0.15097003497913747,0.15170072289680525
gbm,0,105,0.006594178055186556,0.07301156414964083
gbm,0,106,-0.1092362958122588,-0.016074418326582574
gbm,0,107,-0.012294928424238072,0.18238213226134403
gbm,0,108,0.07280583760635695,0.09162839777006546
gbm,0,109,0.10375121333672882,0.15024817195874968
gbm,0,110,-0.07032776226768346,0.01569677247526835
gbm,0,111,-0.18316271563426123,0.02799218372071688
gbm,0,112,-0.1725196953981654,0.05309349937036181
gbm,0,113,0.08430934932270626,0.14277466333535266
gbm,0,114,0.07776162551540364,0.1392555212273091
gbm,0,115,0.013944396760902561,0.06564286184383264
gbm,0,116,0.11156957040834081,0.11156957040834081
gbm,0,117,-0.17435981735251285,0.027871224210236217
gbm,0,118,-0.024770459936026154,0.12648543267184226
gbm,0,119,0.035837162448825816,0.09255158144405484
gbm,0,120,0.13822130111566377,0.20949182715464243
gbm,0,121,-0.04015412785249377,0.03621803720397079
gbm,0,122,-0.1875095928366878,0.05288887974591827
gbm,0,123,-0.04099286757806962,0.0442049552245434
gbm,0,124,-0.15327428695116074,0.040554322534896575
gbm,0,125,-0.19870767082864332,-0.02100192913218768
gbm,0,126,-0.32679873515664615,-0.007539428358024458
gbm,0,127,0.06386625568286886,0.12970618296903513
gbm,0,128,-0.2317406927041924,-0.062012768136290655
gbm,0,129,0.05157103485640105,0.05781045278795249
gbm,0,130,0.14500664269078722,0.14897373921431267
gbm,0,131,-0.1091508653318333,-0.042983238360492476
gbm,0,132,0.001997999757093305,0.07088162588063915
gbm,0,133,-0.19728738157513126,-0.00802549820019352
gbm,0,134,-0.08380395865709128,0.015659151145755112
gbm,0,135,-0.021334380728046845,0.020332754183856355
gbm,0,136,-0.2622883933372992,-0.08859133437167005
gbm,0,137,0.06842255098946817,0.15001395578109816
gbm,0,138,-0.15856869459743383,-0.041929908719128106
gbm,0,139,0.19392928858348668,0.2564778725606044
gbm,0,140,0.09791520813270871,0.11340755648853479
gbm,0,141,0.06638399884928287,0.07082073773473507
gbm,0,142,0.16651510112059714,0.16651510112059714
gbm,0,143,-0.04066834180324949,0.03804302040595861
gbm,0,144,0.04813893709871725,0.09221966389072722
gbm,0,145,0.011591073713474342,0.08074909503703201
gbm,0,146,0.09294216926693699,0.09294216926693699
gbm,0,147,0.03002696849207484,0.13852734496075697
gbm,0,148,-0.11306553509596576,0.049137534826148715
gbm,0,149,0.07188075998323953,0.13437446277769144
gbm,0,150,0.00980785301321413,0.09126024118901771
gbm,0,151,0.16625768206785801,0.19930171648921957
gbm,0,152,-0.10712520729236533,0.0971084805755259
gbm,0,153,0.07824250420886977,0.1443778611872466
gbm,0,154,0.09531663613547006,0.09531663613547006
gbm,0,155,0.021769738020714025,0.05848917536235454
gbm,0,156,-0.09408861123676508,0.022344246346008956
gbm,0,157,0.016504592392491607,0.0757558548113651
gbm,0,158,-0.12021821838969549,0.022877331218428748
gbm,0,159,-0.003137859297316359,0.05631157890059374
gbm,0,160,-0.024384699048555142,0.02037183685774055
gbm,0,161,-0.21636184113782775,-0.018426252208570776
gbm,0,162,-0.15981829513229961,0.05376685281761337
gbm,0,163,-0.01186911829380935,0.051436067077732406
gbm,0,164,0.0609811291129462,0.09478210240622534
gbm,0,165,0.07502264386716073,0.11406342568403055
gbm,0,166,0.1371238467645679,0.15205696925109025
gbm,0,167,-0.014575741137235476,0.0255674822207948
gbm,0,168,0.005202115832830478,0.09810572548247468
gbm,0,169,-0.02588177546146664,0.12556897301865594
gbm,0,170,-0.09188451147708526,0.06919969367577888
gbm,0,171,-0.057269723766751754,0.07813840013310194
gbm,0,172,0.008454563926437203,0.07276630867037912
gbm,0,173,-0.06909468551446367,0.0062068701778116575
gbm,0,174,-0.03419558759730336,0.07456318759798536
gbm,0,175,0.021067874799694353,0.10910645331141688
gbm,0,176,-0.0939706676406977,-0.016820030837231215
gbm,0,177,-0.2574212767850193,0.009408831809722323
gbm,0,178,0.06302992675311497,0.07057501370270056
gbm,0,179,-0.018469552268252004,0.06575917567397241
gbm,0,180,0.06461382342722968,0.1659242580722166
gbm,0,181,-0.1284758393458973,-0.051133772368480546
gbm,0,182,-0.046192447478292556,0.0019056207611048703
gbm,0,183,-0.022315746449543386,0.07258718574205364
gbm,0,184,0.023103798940626114,0.08606093645726315
gbm,0,185,-0.0051179423448186045,0.048225547798512375
gbm,0,186,-0.34392863643589683,0.017908429992030156
gbm,0,187,0.048575968107812756,0.15951871286070923
gbm,0,188,-0.13325812647296778,-0.050463031937078115
gbm,0,189,-0.1851967299232285,0.09406496731954891
gbm,0,190,-0.13947852707188327,0.05304590237121315
gbm,0,191,-0.026207521940996445,0.058867189273321546
gbm,0,192,0.04164567831335261,0.055281165505075114
gbm,0,193,0.0901555754166379,0.09022251233025788
gbm,0,194,-0.13874139641880526,0.01539589538162639
gbm,0,195,-0.15552462398483033,0.02248664760185104
gbm,0,196,-0.0018751382719662535,0.1331696792604063
gbm,0,197,0.04307592671770091,0.07526641327793912
gbm,0,198,0.39999107806265,0.39999107806265
gbm,0,199,-0.0859793772054182,-0.03107684202653707
gbm,0,200,-0.039363925419174856,0.056396853358014254
gbm,0,201,-0.043671428006471905,-0.00028327912235248665
gbm,0,202,0.06834956596025327,0.1564293525943703
gbm,0,203,0.033751970463094805,0.06719529827667675
gbm,0,204,-0.08645574723824012,0.045765478561756834
gbm,0,205,-0.00850308146063003,0.20095655531556256
gbm,0,206,-0.32299685037546966,0.04504956959375561
gbm,0,207,0.03370461028413313,0.03370461028413313
gbm,0,208,-0.07154594128605272,0.015888953442768056
gbm,0,209,-0.017897970055718027,0.132025547143737
gbm,0,210,-0.02359146785603808,0.08895817727000255
gbm,0,211,0.09901294496250285,0.22198936279776227
gbm,0,212,0.007793888389890341,0.08463994084899895
gbm,0,213,0.14697824339382276,0.14867046217439717
gbm,0,214,0.10581533041347257,0.16915234596632794
gbm,0,215,0.07011107023729438,0.10889811139188604
gbm,0,216,0.07974227633322714,0.11253102358944794
gbm,0,217,0.031233872688869957,0.15236111464309182
gbm,0,218,-0.055254359060511876,0.05708662695739011
gbm,0,219,-0.22804141487431878,0.031089004228960215
gbm,0,220,0.07428844489322192,0.08544910044908632
gbm,0,221,-0.17190779237815534,0.11479312590585333
gbm,0,222,-0.07705994538054463,-0.020313990396779474
gbm,0,223,-0.06260320063940578,0.060743069119688325
gbm,0,224,-0.027640237128348066,0.12794812497004204
gbm,0,225,-0.0693773734811537,0.01983204208289585
gbm,0,226,-0.17825368467700728,0.020983101528099235
gbm,0,227,-0.027497484035356068,0.036274766995449875
gbm,0,228,-0.021881431515291594,0.09176069196950107
gbm,0,229,-0.20243030856781308,-0.026943047600846218
gbm,0,230,-0.08921158709671445,0.17045590360433294
gbm,0,231,0.012311455180415098,0.06226250741291839
gbm,0,232,0.04715421316592874,0.10315576426187284
gbm,0,233,-0.036314777423529745,0.047841521756306515
gbm,0,234,-0.19223224814234013,-0.0033379112771526886
gbm,0,235,-0.08446300760806251,0.022317143984662696
gbm,0,236,0.0553507694462331,0.089732019392433
gbm,0,237,-0.010964764886107037,0.07661357755252365
gbm,0,238,-0.20092392317868146,-0.015549022778795968
gbm,0,239,-0.02240095836345761,0.07168746793097747
gbm,0,240,0.21036781438417196,0.21036781438417196
gbm,0,241,0.030271137377247043,0.10176828555022036
gbm,0,242,-0.028379735339126022,0.053060992156990006
gbm,0,243,-0.03804184142454976,0.1485004208603084
gbm,0,244,0.0528222060911496,0.09047095802517816
gbm,0,245,0.0036649859282766872,0.08284398244981211
gbm,0,246,0.16603964857198267,0.16603964857198267
gbm,0,247,0.14590599162584927,0.14590599162584927
gbm,0,248,-0.021729456719047566,0.01103834593501804
gbm,0,249,0.024196517089520864,0.11519280468524562
gbm,0,250,0.13067009710941813,0.13922635901052038
gbm,0,251,-0.23708025740068817,0.009739273164236562
gbm,0,252,-0.15079494004823177,0.015373644836598588
gbm,0,253,0.08359910975968246,0.1845172804533658
gbm,0,254,-0.23698714782839175,0.010076557005357228
gbm,0,255,-0.35103448585474295,0.05272253902732302
gbm,0,256,-0.017846706866842338,0.07063889103275656
gbm,0,257,0.05324078437812582,0.11719893750297172
gbm,0,258,0.021093687406537415,0.1340997153592982
gbm,0,259,-0.23625554257290776,0.11225559586537964
gbm,0,260,-0.09113840357295999,0.15923970353610545
gbm,0,261,0.208054387619226,0.23344235653287315
gbm,0,262,0.07143434676099353,0.10145276078446322
gbm,0,263,-0.06021570369947965,0.023219838373396473
gbm,0,264,0.027413534086103947,0.06694667325872405
gbm,0,265,0.1303751648931527,0.17354674990502822
gbm,0,266,0.15281345964059895,0.16468060987340094
gbm,0,267,-0.056055316534421654,0.02733429057812714
gbm,0,268,-0.058493518163336894,0.11210773434976778
gbm,0,269,-0.01134028960010297,-0.003691641141055385
gbm,0,270,0.12546025755878326,0.16785396912135825
gbm,0,271,0.04877464412323712,0.11699445683349008
gbm,0,272,-0.2528369105732454,0.20192293810052148
gbm,0,273,-0.01833133336467674,0.12202327866515139
gbm,0,274,-0.18917137212314997,-0.06197465901180936
gbm,0,275,0.03482776720673145,0.04527734584477627
gbm,0,276,-0.01768790660031322,0.033204246055915376
gbm,0,277,-0.15695828390166555,0.001971536394743012
gbm,0,278,-0.13831407974149246,0.040066549878767066
gbm,0,279,-0.04451690370058983,0.03327409164010495
gbm,0,280,-0.15204408546293866,0.36725240323915365
gbm,0,281,-0.25197290989077625,0.01897915837532635
gbm,0,282,0.10033191483882767,0.10147625565356691
gbm,0,283,0.012184922685500005,0.10164147316522612
gbm,0,284,-0.01706424192817052,0.09839404867000456
gbm,0,285,-0.2774387852828275,-0.08933845565306137
gbm,0,286,-0.010219076806381372,0.05702690627962845
gbm,0,287,-0.023784124775043033,0.03785392963540232
gbm,0,288,-0.0005890796966051548,0.0688250308582884
gbm,0,289,0.00011816248043963751,0.0585781444987174
gbm,0,290,0.171901563664203,0.171901563664203
gbm,0,291,-0.011006072369137282,0.13314846008881176
gbm,0,292,0.0290389400587949,0.06176274148353683
gbm,0,293,-0.23819875435287313,0.06058142275425135
gbm,0,294,-0.122421247490236,0.05592643870653374
gbm,0,295,0.0015655536538380366,0.04772437331594129
gbm,0,296,0.00808849549266949,0.1251023228166751
gbm,0,297,-0.05338241404433233,0.03166147987177967
gbm,0,298,0.031185646611099765,0.11718578542942043
gbm,0,299,0.01697293488381829,0.10903359525810646
gbm,0,300,0.10303310211762612,0.15811344357349677
gbm,0,301,-0.15888565261503917,0.06240219584037704
gbm,0,302,-0.18651313692139898,-0.0897707378137381
gbm,0,303,0.14114638672282398,0.14114638672282398
gbm,0,304,-0.24508462459427,-0.1278950797142823
gbm,0,305,-0.08763219211782078,0.05459697108726658
gbm,0,306,0.04120307379154803,0.12227779996730187
gbm,0,307,-0.007721362213693461,0.060264658517872965
gbm,0,308,0.07209676803894408,0.12686097167117683
gbm,0,309,0.07048744109767324,0.10129595586685997
gbm,0,310,0.020658017446643723,0.059280708387682984
gbm,0,311,0.03260362261370589,0.07577270103775235
gbm,0,312,0.07497114004992825,0.09216635117602842
gbm,0,313,-0.06707986458227819,0.08431188237261489
gbm,0,314,0.04784856207325794,0.1593818940645686
gbm,0,315,0.1287342723432252,0.1287342723432252
gbm,0,316,-0.29198339774081566,-0.03977288711592315
gbm,0,317,-0.0451930239272189,0.07305744445339654
gbm,0,318,-0.04165192813335286,0.06591470011840728
gbm,0,319,-0.03701864448244285,0.020876058010252968
gbm,0,320,0.04765751499921303,0.07304928907580535
gbm,0,321,0.06515665549697935,0.1411279257007354
gbm,0,322,-0.035911095107677024,0.129612839859015
gbm,0,323,-0.027058724594787753,0.07796706989103963
gbm,0,324,0.024146922711958452,0.04612946966734688
gbm,0,325,-0.09957343061783433,-0.05305214437198351
gbm,0,326,0.009081903183766088,0.06514316222110919
gbm,0,327,-0.013207332184976439,0.024341033031046067
gbm,0,328,0.0762959141427666,0.09573426253655529
gbm,0,329,0.0035304378107264833,0.17682392450252138
gbm,0,330,0.003367901692719999,0.13791321888542124
gbm,0,331,0.09287768284768186,0.12478903921770323
gbm,0,332,0.0786176341304956,0.0786176341304956
gbm,0,333,0.1187283309496105,0.1434992322380817
gbm,0,334,0.0020406227892723616,0.040704934796007286
gbm,0,335,0.020780926470212846,0.08285246582123254
gbm,0,336,0.2825746314779732,0.2825746314779732
gbm,0,337,-0.2828678605938614,-0.04187399808781099
gbm,0,338,-0.20045619677210064,0.03166629879567015
gbm,0,339,0.0228871309658549,0.09941872860771936
gbm,0,340,-0.09393657138196308,-0.005131613725659234
gbm,0,341,-0.05619610074889486,-0.050348591520724004
gbm,0,342,0.04580017825380103,0.07438506778870635
gbm,0,343,0.0994192267116146,0.0994192267116146
gbm,0,344,0.10337735329080022,0.14820047824908966
gbm,0,345,0.2756256092186254,0.2802523503992273
gbm,0,346,0.17586668668426214,0.17586668668426214
gbm,0,347,-0.15998050580727552,0.012486473147249044
gbm,0,348,0.07682300813314316,0.12417874487023323
gbm,0,349,-0.028170295576431748,0.005976882575596781
gbm,0,350,0.05081137462768298,0.11482440851183812
gbm,0,351,0.10419114478885422,0.1495958307883566
gbm,0,352,0.10183506810972098,0.14370031634109492
gbm,0,353,-0.04519737892122276,0.0785312787530141
gbm,0,354,0.07568789536405926,0.11472659509641453
gbm,0,355,0.18054786996883715,0.1918002949902931
gbm,0,356,-0.003396134708811782,0.0917372796547922
gbm,0,357,-0.18126939538575298,0.0783300895181051
gbm,0,358,0.08331153633945515,0.14730329524891067
gbm,0,359,-0.1890289095805134,0.043202021137818014
gbm,0,360,0.07406118459351341,0.12364580397683972
gbm,0,361,-0.3771728389625557,-0.04675017328799089
gbm,0,362,-0.08947965345412483,0.04627949248504812
gbm,0,363,0.01538666496817756,0.1697830556126082
gbm,0,364,0.010827845750460141,0.07300694939097302
gbm,0,365,-0.3006147277456245,-0.19331452673532973
gbm,0,366,0.012438272314949289,0.14368139771220617
gbm,0,367,-0.20906402879333433,-0.059845759215272146
gbm,0,368,0.15019736384873,0.15019736384873
gbm,0,369,-0.1637323058536781,0.008508403818220295
gbm,0,370,-0.012468580057546752,0.046638173891754314
gbm,0,371,0.09321689230367056,0.09321689230367056
gbm,0,372,-0.08535191889182137,0.0881020869963885
gbm,0,373,-0.04820859260674676,0.0804812652013995
gbm,0,374,-0.020064403748273507,0.05051616673718151
gbm,0,375,-0.21405204714455772,-0.04048394666357187
gbm,0,376,0.04500409849407755,0.11450255147182381
gbm,0,377,0.05911422359186089,0.09628380777455481
gbm,0,378,0.1258358943033528,0.1258358943033528
gbm,0,379,-0.04223608388690615,0.058033291224088845
gbm,0,380,-0.20640491358421834,0.0949134333738609
gbm,0,381,0.17215226852692167,0.17215226852692167
gbm,0,382,-0.21175510626809488,0.03033543464059768
gbm,0,383,0.08216777682255635,0.1308329109233195
gbm,0,384,-0.06644490906081836,0.003383853848408641
gbm,0,385,-0.20729559834523542,-0.024296863021655138
gbm,0,386,0.05167684700205985,0.22392136970482035
gbm,0,387,-0.10772832235362789,-0.09011989568674485
gbm,0,388,-0.042032499146435046,0.0005322017807864732
gbm,0,389,0.06594644499145733,0.1563402789051987
gbm,0,390,-0.24388097864838187,0.014825405377046824
gbm,0,391,0.05103332405462446,0.06735576226466419
gbm,0,392,0.014539305727721497,0.07534218151282257
gbm,0,393,0.11026077734078371,0.14981104025206837
gbm,0,394,0.052155136459628354,0.10245930562322844
gbm,0,395,0.017926207446262582,0.11114205635956265
gbm,0,396,0.15125181350756767,0.15125181350756767
gbm,0,397,0.016182394259005112,0.10134514536887296
gbm,0,398,0.08719724265956535,0.08719724265956535
gbm,0,399,0.03636443424756661,0.10734764416002435
gbm,0,400,-0.11177563289595183,-0.002980178868067951
gbm,0,401,-0.02751119997263478,0.07708262673303878
gbm,0,402,0.04885403072876174,0.12682684244652132
gbm,0,403,-0.015407458473870456,0.07871886685156654
gbm,0,404,-0.13307788965378448,-0.01959389365589756
gbm,0,405,-0.28973038503463955,0.042812179568046616
gbm,0,406,0.09324674715855685,0.20628738360400034
gbm,0,407,0.23208888568748592,0.23208888568748592
gbm,0,408,0.14123075074450464,0.14865624943571237
gbm,0,409,-0.08472427298506113,0.061897289183977466
gbm,0,410,-0.02199797035169289,0.13356032828597997
gbm,0,411,-0.09723950019689312,0.08459240232270901
gbm,0,412,-0.17186738670347115,0.04839665023593498
gbm,0,413,0.06662620666363339,0.1417476651501276
gbm,0,414,-0.06870425763554014,0.06834711245414468
gbm,0,415,-0.04293362206180533,0.05203945411229047
gbm,0,416,-0.1168198108699032,0.0744983539997818
gbm,0,417,-0.13319920513458655,0.007973112430477103
gbm,0,418,-0.08519063011412592,0.08174814067327454
gbm,0,419,-0.10903023653726054,0.09870240923661816
gbm,0,420,0.0832699025874434,0.0946011975780004
gbm,0,421,-0.011156747460503075,0.03445309131395227
gbm,0,422,0.016935251395980094,0.06106442926031433
gbm,0,423,-0.08271766515011666,0.06314108388238285
gbm,0,424,0.011407897185034405,0.04944394555870826
gbm,0,425,-0.006893534512543986,0.02149042698174905
gbm,0,426,0.05418999451934739,0.05418999451934739
gbm,0,427,0.005208390397459101,0.044814302789538546
gbm,0,428,-0.07152972488575425,-0.02774564233237274
gbm,0,429,-0.008557249171235431,0.048070814707527915
gbm,0,430,0.08092125837477682,0.09309389479889343
gbm,0,431,0.07265480520447024,0.11448627144409812
gbm,0,432,0.1239181483054288,0.1239181483054288
gbm,0,433,-0.007661852706799949,0.05722040875198939
gbm,0,434,0.06108083710546813,0.06108083710546813
gbm,0,435,0.0390826270029509,0.0925032470296763
gbm,0,436,0.057856348014817316,0.057856348014817316
gbm,0,437,0.16579236085893267,0.1689583840211898
gbm,0,438,0.030004432482495264,0.049696405538036614
gbm,0,439,0.16958057219637745,0.16958057219637745
gbm,0,440,-0.0853380221115653,0.11551769485973495
gbm,0,441,-0.047769923169725975,0.07174199856446548
gbm,0,442,-0.25564296664245784,0.0017506492552474273
gbm,0,443,-0.02412707496286294,0.004125378651834294
gbm,0,444,-0.11177202561265134,0.03139651779592406
gbm,0,445,-0.06145099301094195,0.13514576610908874
gbm,0,446,-0.039094935283397095,0.048777170324655894
gbm,0,447,0.06518822884927855,0.11522551690500032
gbm,0,448,-0.03447771322739872,0.047269964139525444
gbm,0,449,0.00415089771574681,0.0799091852738546
gbm,0,450,-0.03281695808595997,-0.03281695808595997
gbm,0,451,0.08856491584713724,0.10207003745645127
gbm,0,452,-0.0831912088537007,0.17263652203494362
gbm,0,453,-0.20251319268000859,0.03338197177639746
gbm,0,454,0.09619586167655506,0.12557464485851333
gbm,0,455,-0.10238639593531279,0.08700972766779083
gbm,0,456,0.03885314083587313,0.15405540857596045
gbm,0,457,0.04584071320483962,0.16526598620686717
gbm,0,458,-0.023403166409684192,0.13323222777738747
gbm,0,459,-0.26132337423841245,0.01519202093770819
gbm,0,460,0.20228238231649898,0.20228238231649898
gbm,0,461,-0.12028871447558889,0.028636849895536387
gbm,0,462,-0.04525400572221125,0.039640494180614105
gbm,0,463,-0.2603071838477253,0.007947201308340202
gbm,0,464,-0.0004988050147337331,0.04964693446275051
gbm,0,465,0.03498266364763575,0.12457136239811667
gbm,0,466,0.14018144149297007,0.1586486448730821
gbm,0,467,0.10575932125702192,0.10575932125702192
gbm,0,468,0.07794033669057462,0.08029988249134953
gbm,0,469,-0.016255491517757514,0.026338721761541395
gbm,0,470,-0.02352507090774475,0.04218099997754421
gbm,0,471,0.13276918846644925,0.13276918846644925
gbm,0,472,-0.11717791471922931,0.07754829080033554
gbm,0,473,-0.09024006917474332,0.03578168254477754
gbm,0,474,0.08498709777414037,0.19703394770250993
gbm,0,475,-0.12973375910001456,-0.020190779710563073
gbm,0,476,0.0618092181017085,0.07279348544294448
gbm,0,477,0.19023497549676704,0.214556387036913
gbm,0,478,-0.06583370348538725,0.04470801483961437
gbm,0,479,-0.08289663557325211,-0.06217461821373571
gbm,0,480,0.12605448045352313,0.22950019750006045
gbm,0,481,-0.004178711501681032,0.09180707706498942
gbm,0,482,0.10856522244146283,0.15513019765764258
gbm,0,483,-0.07478576345668506,0.044629577533143505
gbm,0,484,0.052818576891925345,0.07120657821462253
gbm,0,485,-0.005236871688124034,0.060974281611401976
gbm,0,486,0.14526768536376028,0.14526768536376028
gbm,0,487,-0.022204122511306046,0.07581886260580245
gbm,0,488,-0.0033314466186674108,0.11525496300052951
gbm,0,489,0.10392617940976784,0.12633341449266672
gbm,0,490,-0.26525884964135554,-0.004934922578382683
gbm,0,491,0.06751610254456328,0.11930817335866878
gbm,0,492,0.020035413409010827,0.1364629839004125
gbm,0,493,0.10775432532752466,0.1306956282128035
gbm,0,494,-0.19407974004667994,0.04991710653170928
gbm,0,495,0.1349950222794204,0.1748634488285959
gbm,0,496,0.006193643989591352,0.12600323133100882
gbm,0,497,0.014612703558185003,0.06566730484715738
gbm,0,498,-0.23696344117970977,-0.0012295051818748681
gbm,0,499,-0.09770940032389555,0.033330062148289485
gbm,0,500,0.05633599047573756,0.13663355047483922
gbm,0,501,0.03331436122865572,0.10533120745781621
gbm,0,502,-0.09995536508788687,-0.024967548300440248
gbm,0,503,0.08678859169257105,0.08678859169257105
gbm,0,504,-0.013867689217581858,0.18474814618168167
gbm,0,505,-0.06451801709591722,0.06097832107943685
gbm,0,506,0.11458912936663102,0.11735984871744565
gbm,0,507,-0.09100785427162147,0.07588208326594076
gbm,0,508,-0.0007408731939086699,0.02700996588586177
gbm,0,509,-0.09257081818510651,-0.0428947297145026
gbm,0,510,0.10973091042033756,0.16098282904675393
gbm,0,511,-0.22532136821788662,-0.052350469965087104
gbm,0,512,-0.1223556500671907,0.01989177264080305
gbm,0,513,-0.28900514272058847,0.002048549872892047
gbm,0,514,0.04977838521242206,0.04977838521242206
gbm,0,515,-0.028870911964684637,0.0281030987814834
gbm,0,516,0.12320599546599798,0.2039108314636155
gbm,0,517,-0.05642862132616201,0.030931726797868292
gbm,0,518,-0.1469056461224783,0.17319900608389338
gbm,0,519,0.12485804450708504,0.14634186864140314
gbm,0,520,-0.29047557154625403,-0.08569747927116528
gbm,0,521,0.017227227963671543,0.06887700750396522
gbm,0,522,0.1289700300619958,0.2216760387981237
gbm,0,523,-0.0035245632785049497,0.05437556691432677
gbm,0,524,0.12647216617431845,0.12647216617431845
gbm,0,525,-0.07326940897894417,0.015271602205558815
gbm,0,526,0.10474303067869861,0.19837443059758852
gbm,0,527,0.097691174029478,0.12491864378708284
gbm,0,528,-0.23440969550584145,0.06210176839706655
gbm,0,529,-0.11776436754672004,0.05145633967694441
gbm,0,530,0.06807720603433523,0.10144419736068075
gbm,0,531,0.003654513945709925,0.05225175907375543
gbm,0,532,-0.24189997917362926,-0.14615125720351427
gbm,0,533,-0.15671525303390516,0.08128201421137793
gbm,0,534,0.06211914028206775,0.07271312131602767
gbm,0,535,0.10184661548272814,0.11911525441957332
gbm,0,536,-0.2352199577833448,-0.06524559563787086
gbm,0,537,-0.13799006483127266,0.24907641026711586
gbm,0,538,0.14475953783129303,0.176382396172665
gbm,0,539,-0.0626008580988928,-0.01879688568151458
gbm,0,540,0.18851626964207535,0.28709753261907023
gbm,0,541,0.17343748646265356,0.17343748646265356
gbm,0,542,-0.08129111040643021,-0.011934833165164582
gbm,0,543,0.010343475887695519,0.023549823703218342
gbm,0,544,0.026301227894832496,0.12179617386727365
gbm,0,545,-0.16401541429519173,-0.051081938847859554
gbm,0,546,0.08760481420684618,0.1081927696649671
gbm,0,547,0.05479780033067627,0.05479780033067627
gbm,0,548,-0.0700740345035927,0.06498036634301566
gbm,0,549,-0.21836650222463388,0.04242934009230298
gbm,0,550,-0.022563963642482213,0.14790029876836785
gbm,0,551,0.1646877271721227,0.2759298239529845
gbm,0,552,-0.015214506744665846,0.10543404005379603
gbm,0,553,0.11717752385592056,0.12199919354941952
gbm,0,554,0.0006397340547271146,0.049381806623414515
gbm,0,555,0.20520492679737817,0.2234057471956043
gbm,0,556,0.2885702600233192,0.2885702600233192
gbm,0,557,-0.10618327394140145,0.047087116356139935
gbm,0,558,-0.057181309753145254,0.017250920736947423
gbm,0,559,-0.008371975871728998,0.0772012903934873
gbm,0,560,0.08568998538643299,0.14610398354843662
gbm,0,561,0.08290476597693519,0.15608191683957268
gbm,0,562,-0.0434774829153923,0.08376687742967787
gbm,0,563,0.1888550207352636,0.22539070112273035
gbm,0,564,0.11861326115374554,0.11861326115374554
gbm,0,565,-0.00897597778554493,0.052319769235133234
gbm,0,566,-0.18061066237324205,0.035826390747857956
gbm,0,567,-0.12272334051464143,0.051739574377394876
gbm,0,568,0.012779059145471339,0.02640963937046037
gbm,0,569,0.08996233655414149,0.13239918875045564
gbm,0,570,0.15460327892372233,0.15460327892372233
gbm,0,571,0.14501199594481506,0.15677272320278607
gbm,0,572,-0.0935668007684512,0.06873202809395773
gbm,0,573,0.03463430352261687,0.08327104003155006
gbm,0,574,-0.0060261853591340175,0.047033176260133175
gbm,0,575,0.0036527568907040175,0.014625331584183637
gbm,0,576,-0.08998170497063726,0.03448388180157866
gbm,0,577,0.08300474217946069,0.08300474217946069
gbm,0,578,0.13366193168319718,0.16687722905591879
gbm,0,579,0.14139541658650234,0.14139541658650234
gbm,0,580,-0.019760036164844258,-0.019760036164844258
gbm,0,581,0.06932220333905184,0.19181089395272788
gbm,0,582,-0.06288000794803265,0.004752251436485194
gbm,0,583,-0.0458580246606049,0.11002972143522743
gbm,0,584,0.03543358618160075,0.052077801999409284
gbm,0,585,0.0060479387287266095,0.0967128211426625
gbm,0,586,-0.00830977207973374,0.005876689787424394
gbm,0,587,-0.18135913605825885,-0.008422252016517862
gbm,0,588,0.08651405407248608,0.1524420877636981
gbm,0,589,0.016228178123765563,0.20123469437056896
gbm,0,590,0.08065163140057466,0.16272013157534554
gbm,0,591,0.014706804244885852,0.07529780731847185
gbm,0,592,-0.01822742869737029,0.13669060231187857
gbm,0,593,0.03573701799057277,0.07014259303098724
gbm,0,594,0.10187462967482433,0.16342132668056325
gbm,0,595,-0.05748383828317835,0.09698464913750163
gbm,0,596,-0.2447880322351848,0.019532576060278056
gbm,0,597,-0.1631478634549428,0.058216987104987156
gbm,0,598,-0.0934054141259624,-0.05237350913984043
gbm,0,599,0.1415052884213081,0.1439097064647581
gbm,0,600,0.1087610733525789,0.17605010542225635
gbm,0,601,0.11024139265743615,0.17681536996494968
gbm,0,602,-0.03367637831774195,0.06482360917404956
gbm,0,603,0.12644644423245094,0.18021438675263896
gbm,0,604,-0.018764814409269137,0.044637522310602445
gbm,0,605,-0.07068072031388262,0.049284145958513825
gbm,0,606,0.22452545569864663,0.22452545569864663
gbm,0,607,0.034931569049512806,0.08732634637534561
gbm,0,608,-0.006413940910254101,0.05648384957003344
gbm,0,609,0.1150862034614562,0.15259086726389842
gbm,0,610,-0.05568520837082966,0.05266880179965397
gbm,0,611,-0.09018232669936785,0.029846544504022188
gbm,0,612,0.06326186018685667,0.0973533016783463
gbm,0,613,0.03788683271816229,0.19198217559173453
gbm,0,614,0.039866428093051215,0.055669393411551554
gbm,0,615,-0.04306082122972148,0.03312680065927903
gbm,0,616,-0.13475281567018255,0.10152794645891458
gbm,0,617,-0.023149629814062822,0.04925661523933511
gbm,0,618,0.016407329349184013,0.03829192270534895
gbm,0,619,0.028050072256452452,0.13123124560596283
gbm,0,620,-0.09316095381058329,0.03311270795145049
gbm,0,621,-0.1058466880486543,0.10511771746025089
gbm,0,622,0.04624841611310762,0.047904594364564373
gbm,0,623,0.050474699740626655,0.050474699740626655
gbm,0,624,0.13101396215035227,0.13101396215035227
gbm,0,625,0.04432053635497943,0.1252847217694134
gbm,0,626,0.09308728158723376,0.12755073329726385
gbm,0,627,0.10234933257942797,0.16663655540850603
gbm,0,628,-0.19083467684234307,0.022108155919316197
gbm,0,629,0.0402535753184472,0.052910392004669404
gbm,0,630,-0.17954535282802486,-0.006830805007620927
gbm,0,631,-0.1525316474726303,0.07838515353727837
gbm,0,632,0.14411066487194785,0.14411066487194785
gbm,0,633,-0.010008009947688884,-0.006195666485843659
gbm,0,634,0.026824163877877394,0.09716721734846492
gbm,0,635,0.017919833841603672,0.08589542020517188
gbm,0,636,0.03385101655374284,0.10233815191702064
gbm,0,637,-0.2951962576761432,-0.07577672864477292
gbm,0,638,-0.02010809734954841,0.05271093743161903
gbm,0,639,-0.028402329237809207,-0.00888559434726241
gbm,0,640,0.03411318789152626,0.0635038507725785
gbm,0,641,0.019772501290533484,0.030827065609416587
gbm,0,642,0.007573978801375614,0.056063479265797744
gbm,0,643,-0.12556495760310105,0.12042189239488438
gbm,0,644,-0.09265339655184943,0.027315583430347984
gbm,0,645,-0.10330315093435083,0.06045198553726916
gbm,0,646,-0.07934739593246891,0.035201437208615655
gbm,0,647,-0.2024257441027014,-0.05122065379391404
gbm,0,648,-0.1424010082778657,0.045134044330622514
gbm,0,649,0.009081646384284991,0.024623085316278492
gbm,0,650,-0.031165336447079056,0.028306460526364097
gbm,0,651,0.03309321163383899,0.07773057158555302
gbm,0,652,-0.09151642730366627,0.04245739237959939
gbm,0,653,0.26156923272284194,0.26156923272284194
gbm,0,654,-0.17689718060678655,-0.013645298618313068
gbm,0,655,0.07056983037014297,0.10828372126919406
gbm,0,656,0.01911554562577808,0.08629037613218099
gbm,0,657,0.07517864345606365,0.08490137720445715
gbm,0,658,0.024683765597696222,0.08261091920063945
gbm,0,659,-0.0036944463426195617,0.07442447375229785
gbm,0,660,0.09942415672122126,0.15467571164044974
gbm,0,661,-0.12233826551185681,0.04451125778840359
gbm,0,662,-0.07379885800616266,0.003793595990781523
gbm,0,663,-0.13330017489026277,0.060019874082881564
gbm,0,664,-0.11830351243421453,0.03344772448828995
gbm,0,665,0.06196829567772061,0.11363086694519525
gbm,0,666,-0.04642512564966152,0.08449399985267628
gbm,0,667,0.04685643864387609,0.11435078808313698
gbm,0,668,0.07131235851928391,0.10157148447622019
gbm,0,669,0.0546544749340957,0.05494914097628334
gbm,0,670,0.04670038029790413,0.13852210633836998
gbm,0,671,-0.04589544578875318,0.10490152453592044
gbm,0,672,-0.1765794902029374,0.0744511432122063
gbm,0,673,-0.1916163091716729,0.025466887466826876
gbm,0,674,-0.08141479294265803,0.10987104379546164
gbm,0,675,-0.23085137586187926,-0.0884413264047766
gbm,0,676,0.16546096080460332,0.16546096080460332
gbm,0,677,0.04913307708885706,0.21485001964013117
gbm,0,678,-0.06936729690814895,0.02928007315069539
gbm,0,679,-0.032328775186007616,0.0824339595517628
gbm,0,680,-0.06733968526994033,-0.018162741415145567
gbm,0,681,-0.20497983939865697,-0.018284974729535164
gbm,0,682,0.09446303160179306,0.1749629431803787
gbm,0,683,0.023933873925538723,0.05890207489292679
gbm,0,684,0.05318685960261543,0.12685045928692734
gbm,0,685,-0.15046177599355604,0.06326323744720494
gbm,0,686,-0.2730928667902667,-0.003204405918540848
gbm,0,687,0.04877866734157357,0.04877866734157357
gbm,0,688,0.06557055950757029,0.1820316256087659
gbm,0,689,0.05866915772351561,0.06738781785082773
gbm,0,690,0.2506280767908419,0.3110344957041705
gbm,0,691,-0.11497370915115962,-0.0169830056112536
gbm,0,692,-0.02813510596207819,0.012454639567375442
gbm,0,693,-0.0995280407791349,0.031161533055442975
gbm,0,694,-0.01458701442587354,0.03939509717573872
gbm,0,695,-0.07353779896443262,0.06474474352715426
gbm,0,696,-0.016951356897344366,0.12123501159849659
gbm,0,697,-0.07426487789530739,0.05289414826764105
gbm,0,698,-0.08433176935882028,0.04979449268114908
gbm,0,699,-0.07675394922210879,0.1036273790494445
gbm,0,700,-0.17025566536036865,0.09772224355417905
gbm,0,701,-0.08403780671432456,0.07929652684911345
gbm,0,702,-0.12494998740598695,-0.03474871170268909
gbm,0,703,0.05271475154653407,0.14096719582830997
gbm,0,704,-0.020985471087794666,0.042898529391372564
gbm,0,705,-0.062378208615789396,0.24289868182419433
gbm,0,706,0.10805692188589561,0.18609254675348014
gbm,0,707,0.1958838470666961,0.22830793571519886
gbm,0,708,0.12592377064242272,0.12592377064242272
gbm,0,709,-0.12036286312993823,0.025570333439279863
gbm,0,710,0.08305487778533507,0.1521374700642245
gbm,0,711,0.08046847197899329,0.16404022649875533
gbm,0,712,-0.25258723987717807,-0.020922972805922813
gbm,0,713,0.04759209068769066,0.13815152608710562
gbm,0,714,-0.36489132702860383,0.01410053288077262
gbm,0,715,0.3044666987557879,0.3044666987557879
gbm,0,716,-0.14872368944282602,0.09536556846848679
gbm,0,717,-0.06235469344188907,0.06528728649484652
gbm,0,718,0.06764886537758016,0.1274561352743751
gbm,0,719,-0.14453275523930792,0.017786052427689603
gbm,0,720,-0.026565253426924285,0.09609458007523033
gbm,0,721,-0.09778253308636188,-0.000323533703961737
gbm,0,722,0.025304107823645394,0.05456331459477687
gbm,0,723,-0.22478255028788452,-0.03215423720969937
gbm,0,724,-0.18381293849900818,-0.10079779016258117
gbm,0,725,-0.19222997858821406,-0.1186326148262893
gbm,0,726,-0.1526363471245124,0.01789617762174439
gbm,0,727,-0.10214821822774896,0.009065418860987523
gbm,0,728,0.011248000357112847,0.08665549300216108
gbm,0,729,0.011776824611187148,0.03873180381049196
gbm,0,730,-0.12933875328154446,0.2071276521331364
gbm,0,731,0.00845898345098009,0.00845898345098009
gbm,0,732,-0.013734392910692839,0.02967521238147272
gbm,0,733,-0.014382596941532905,0.07457187455947037
gbm,0,734,0.12893186307512994,0.12893186307512994
gbm,0,735,0.1127658650001438,0.1127658650001438
gbm,0,736,0.011156364975120264,0.11856691606164294
gbm,0,737,-0.03344812262571978,0.047067610907652546
gbm,0,738,0.05183907748873781,0.13412994969018222
gbm,0,739,0.02689179090893798,0.02689179090893798
gbm,0,740,-0.016896308991007164,0.04619052365481646
gbm,0,741,0.05607350022610311,0.14217857257407013
gbm,0,742,0.010323510262972097,0.1628730067066007
gbm,0,743,-0.12734052352295644,0.11605615029584448
gbm,0,744,-0.07494143103351071,0.018212867166316343
gbm,0,745,-0.06823585583410896,0.05756301026296026
gbm,0,746,-0.0738599341423942,0.021570477942589095
gbm,0,747,-0.22830410253455025,0.0032069489915763083
gbm,0,748,0.1526244567588153,0.23044747480954875
gbm,0,749,-0.07136660367831077,0.020115509890219985
gbm,0,750,-0.012402489258481114,0.050657096814635594
gbm,0,751,0.0318557645828165,0.09334152577414898
gbm,0,752,-0.06904049590644976,-0.0196443693323457
gbm,0,753,-0.012180548275499803,0.0644828165843789
gbm,0,754,-0.012740587444940249,0.09183139525278333
gbm,0,755,-0.18741607455685785,-0.05504060137368581
gbm,0,756,-0.20503680884674313,0.13835141851687044
gbm,0,757,-0.00022236005283798876,0.041985428413558346
gbm,0,758,-0.30549481510723664,-0.0012267171300700819
gbm,0,759,-0.03189369626640032,0.049696219721290624
gbm,0,760,-0.015656445266289287,0.006640310257324061
gbm,0,761,-0.10269709148760076,0.05296301088378802
gbm,0,762,-0.1996009527884957,0.03652157576417692
gbm,0,763,0.007247571787025342,0.2680375005383407
gbm,0,764,0.04565565511544881,0.05031623696626841
gbm,0,765,-0.1273887989521649,0.10905607069851203
gbm,0,766,0.0167695786042244,0.03730631701292175
gbm,0,767,-0.10883970161602974,0.08732000607627746
gbm,0,768,-0.03033843507873002,0.06247284726750452
gbm,0,769,0.05779267220113876,0.07174364291494828
gbm,0,770,0.07172129859522458,0.11201825295931234
gbm,0,771,-0.10846635469090316,0.048880312717346
gbm,0,772,-0.10209472717666777,0.012319358778096923
gbm,0,773,-0.12901904476080375,0.027233553475945915
gbm,0,774,-0.04000950410996591,0.03696604957294189
gbm,0,775,-0.05717278303675512,0.09641983968921741
gbm,0,776,-0.12175089647060516,0.05909481380821199
gbm,0,777,0.012416634929884679,0.15181347788481447
gbm,0,778,-0.08114704884893428,0.09362842399642726
gbm,0,779,0.043371790705845736,0.043371790705845736
gbm,0,780,0.1480792199574802,0.1480792199574802
gbm,0,781,-0.09620065354342885,-0.06969836227066027
gbm,0,782,-0.2818748998243916,-0.13921731269710538
gbm,0,783,0.06494985444527432,0.09538593165691897
gbm,0,784,0.010197946398145974,0.06587851617370744
gbm,0,785,0.04248147955852358,0.06198831609020769
gbm,0,786,0.05801386962079383,0.13746678434772763
gbm,0,787,-0.12476752568118467,0.08928345377211072
gbm,0,788,0.06305215169235132,0.13636002013108167
gbm,0,789,0.07161614539667174,0.18243103486724183
gbm,0,790,-0.031207233168545873,0.06219817811930248
gbm,0,791,-0.16952602383352522,0.019276052335417793
gbm,0,792,-0.08833562456451569,0.06458993064174468
gbm,0,793,-0.01335735615699618,0.06832783242706902
gbm,0,794,-0.1468789858729346,-0.002863336689728102
gbm,0,795,-0.1150222521553466,0.11810786378409038
gbm,0,796,-0.007557927906043621,0.04568430321218836
gbm,0,797,-0.057061375758831634,0.028104218274872167
gbm,0,798,-0.1540101274103752,-0.01308795254091083
gbm,0,799,0.027953417746627685,0.08637166518850309
gbm,0,800,-0.063079441260713,0.07353353917025668
gbm,0,801,-0.35562945268260693,-0.008170739119557513
gbm,0,802,0.07580331154821063,0.09615977426038522
gbm,0,803,0.15745761314774742,0.16451947384376708
gbm,0,804,0.11157620543628388,0.16618437068223213
gbm,0,805,0.06772856353817944,0.15901425433664562
gbm,0,806,0.1625677605066957,0.1625677605066957
gbm,0,807,-0.002760521444143793,0.05652509620876908
gbm,0,808,0.05833474013280651,0.08473728864446409
gbm,0,809,-0.012452110875971284,0.1075413986666035
gbm,0,810,0.03239900289836012,0.11059080901361545
gbm,0,811,-0.03263536029715469,0.012213924641393537
gbm,0,812,0.16555535817762013,0.19602834780244494
gbm,0,813,-0.30598131054283806,-0.03262127831359009
gbm,0,814,-0.2353289552481238,-0.03194059369757875
gbm,0,815,0.07476771944167226,0.1116415251833478
gbm,0,816,-0.0822123021055539,0.033379696440626744
gbm,0,817,0.15583072579942275,0.24859560851976947
gbm,0,818,-0.07858424452941444,0.0618908026107656
gbm,0,819,-0.14608447924954196,0.02514769731323538
gbm,0,820,0.11153497755565522,0.11153497755565522
gbm,0,821,0.01886012380538571,0.01886012380538571
gbm,0,822,0.11674306915462562,0.12922474436725123
gbm,0,823,0.008231495330879746,0.11838982195503978
gbm,0,824,-0.28674042902553787,-0.057324668949301896
gbm,0,825,-0.003153580094919145,0.09005330246672716
gbm,0,826,-0.1652590847826736,-0.02233674578376424
gbm,0,827,-0.07282483247410483,0.052348814154351164
gbm,0,828,-0.1621535579931453,0.054378016732224754
gbm,0,829,-0.17473365998269444,-0.013885821899078249
gbm,0,830,0.09948329559190203,0.2025639563349506
gbm,0,831,0.030266010539081012,0.06299021101616359
gbm,0,832,0.0893177553024633,0.11390756185620554
gbm,0,833,0.005368343655627716,0.051060570859157606
gbm,0,834,0.02245760893559462,0.02245760893559462
gbm,0,835,-0.021949943176493292,0.07638439496557373
gbm,0,836,-0.030056457959067598,0.028796299169910416
gbm,0,837,-0.04869932997009965,0.06379540515458135
gbm,0,838,0.14848402383036297,0.19633802723222538
gbm,0,839,0.06995638119720238,0.06995638119720238
gbm,0,840,-0.10588323069048283,0.053597015792513275
gbm,0,841,-0.1239905641207324,0.009014297596716181
gbm,0,842,0.39595084569590977,0.39595084569590977
gbm,0,843,0.03181081737336547,0.03181081737336547
gbm,0,844,-0.20942831396044298,0.02077048243314447
gbm,0,845,-0.0691952727576812,0.0633512283788216
gbm,0,846,0.04222046311805597,0.11566552677290404
gbm,0,847,-0.05074079800218716,0.11073111894199655
gbm,0,848,-0.046840644058577546,0.06690399417758508
gbm,0,849,-0.03902722870789256,0.025198806813615082
gbm,0,850,-0.0442290811672678,0.06104602935848252
gbm,0,851,0.0734012806483216,0.16585174552709414
gbm,0,852,0.12621743463599544,0.14000540979351844
gbm,0,853,0.15399327299391813,0.17213090412034643
gbm,0,854,-0.12801413480630028,-0.04003024304147568
gbm,0,855,-0.14942213011084454,0.01146151403490736
gbm,0,856,0.12418325569339406,0.14982731579736736
gbm,0,857,-0.02219856058604601,0.09561485858335433
gbm,0,858,-0.05610142702346853,0.0506095855398164
gbm,0,859,-0.160448878669189,0.001016617042307294
gbm,0,860,0.0006681232997386155,0.014500399239395168
gbm,0,861,0.009714567370920135,0.14298199660972172
gbm,0,862,-0.049156132096399116,0.10685286966986829
gbm,0,863,-0.004662558081911322,-0.001972087703187575
gbm,0,864,-0.0072566467061982165,0.08448205660858932
gbm,0,865,0.04129800013824739,0.12085893235775741
gbm,0,866,-0.022901507414366848,0.09288887482876762
gbm,0,867,0.045400033628565845,0.1374364641523465
gbm,0,868,-0.07406808291715251,0.023524633900046693
gbm,0,869,-0.17758488724651555,0.07434573547113843
gbm,0,870,0.20120992701944557,0.24303312803661076
gbm,0,871,0.018048348118210683,0.108563124163014
gbm,0,872,0.06986142135247844,0.07301358821719064
gbm,0,873,-0.16528296883092586,0.11118050825352632
gbm,0,874,-0.1264405912610196,-0.02905556615174705
gbm,0,875,0.14249480993709795,0.19274030844023393
gbm,0,876,-0.06746138339507057,0.0010023930698288552
gbm,0,877,0.12374102849694296,0.1775549373430979
gbm,0,878,0.04691225449876879,0.1476008126873249
gbm,0,879,-0.04598090997606119,0.04888248534576292
gbm,0,880,-0.01770575925828216,0.05887445002868666
gbm,0,881,0.112603648720553,0.14579728525818314
gbm,0,882,-0.07629248572040097,0.11055530812002318
gbm,0,883,-0.10961594002752227,-0.01837160900643703
gbm,0,884,-0.020612417562798774,0.05698131677370699
gbm,0,885,0.008522092344652565,0.15802114564954772
gbm,0,886,0.02219498302729553,0.09648785301243851
gbm,0,887,0.1724941147825917,0.1724941147825917
gbm,0,888,0.030098855237197464,0.08247483912568304
gbm,0,889,-0.1478146117309855,0.07902634602165806
gbm,0,890,-0.056955822332903194,0.030902056380951393
gbm,0,891,-0.10638575887070584,-0.03899995471354549
gbm,0,892,-0.007714894830658459,0.024669620930364705
gbm,0,893,-0.15424485365574342,0.05241010385379105
gbm,0,894,-0.16434857155769236,0.04936077368964806
gbm,0,895,-0.16391176492727977,-0.03898972063431129
gbm,0,896,-0.09882524550684996,0.05459917436671563
gbm,0,897,-0.26996868679008407,-0.008537213372297986
gbm,0,898,-0.007273242014569026,0.12515928082654904
gbm,0,899,0.049208384101498054,0.12652966541766486
gbm,0,900,-0.0011210975446271643,0.10653949053583495
gbm,0,901,0.04786765954909006,0.13433447922918673
gbm,0,902,-0.024245764990224516,0.14782848020974138
gbm,0,903,0.04991415733432683,0.0741281819913786
gbm,0,904,0.09496724745484428,0.14666459043439928
gbm,0,905,-0.02614668602661878,0.11123385299685856
gbm,0,906,-0.03298228908773422,0.0030821706433402096
gbm,0,907,0.010525934209567822,0.059318953684414366
gbm,0,908,-0.23789145439118892,-0.11126931732059224
gbm,0,909,0.04161911730807,0.14929623009061788
gbm,0,910,-0.2824004647427809,-0.020242397526587796
gbm,0,911,-0.34930198187192824,-0.047683135273120444
gbm,0,912,0.2811853208951369,0.2811853208951369
gbm,0,913,0.0830491935431307,0.10850755106329169
gbm,0,914,0.05530007695052924,0.17543351747803226
gbm,0,915,0.003569299454116076,0.03179020672610933
gbm,0,916,0.034012794157120274,0.09703280388107466
gbm,0,917,-0.001897219067719641,0.1685339937620835
gbm,0,918,0.048886994982754256,0.058474015615939595
gbm,0,919,0.037026990148218475,0.11087905359727318
gbm,0,920,-0.0028094286543653146,0.05012124711614993
gbm,0,921,-0.015718979480915607,0.04271707716520906
gbm,0,922,0.18007170314617132,0.19907097333595986
gbm,0,923,-0.22105965206503958,0.044241049067897914
gbm,0,924,0.017322207477774715,0.06681199244049607
gbm,0,925,0.007352771794483265,0.07479970319728116
gbm,0,926,0.005426883135612959,0.17086896733251877
gbm,0,927,0.05034196054562978,0.1548141811672636
gbm,0,928,0.057924523269605926,0.11483582143040016
gbm,0,929,0.09378017148470896,0.09378017148470896
gbm,0,930,-0.16197454826073832,0.052460046085466644
gbm,0,931,-0.03314645962827571,0.014884763840389142
gbm,0,932,0.09374763629907931,0.12270922652206367
gbm,0,933,0.04074705095134504,0.09423822634962228
gbm,0,934,0.050640102163914485,0.050640102163914485
gbm,0,935,0.08269635849049842,0.1380436382902142
gbm,0,936,0.04132523527985765,0.10233250878422595
gbm,0,937,-0.21378549730878055,-0.08698945056238339
gbm,0,938,0.13751893614588717,0.17872551050338348
gbm,0,939,0.15043299104411123,0.18350958416530927
gbm,0,940,-0.05951081747153909,0.11108973887696932
gbm,0,941,-0.17158218399162392,0.0440440680421795
gbm,0,942,0.053995431999423915,0.07133501578615195
gbm,0,943,-0.28223614035393557,-0.009234748775437202
gbm,0,944,0.06288740370612919,0.1832826996829997
gbm,0,945,-0.007293562681330051,0.0017036363422795464
gbm,0,946,0.04667405067455849,0.0723057005032095
gbm,0,947,-0.0031883459957937343,0.04181963441704423
gbm,0,948,0.054343567328604736,0.09737372275998407
gbm,0,949,0.023413984253066705,0.10446467779881319
gbm,0,950,0.056849765894343485,0.0923554294614162
gbm,0,951,0.061548389946104315,0.11707024431640833
gbm,0,952,0.0958052838943183,0.15832007074373478
gbm,0,953,0.08710552052186449,0.13065642124272486
gbm,0,954,-0.21024365849115667,-0.09150765001052664
gbm,0,955,0.06910350862935039,0.06910350862935039
gbm,0,956,-0.2173714099336782,-0.0075385875413845616
gbm,0,957,-0.10217973891664264,-0.011425698895832115
gbm,0,958,0.051854104071653445,0.07399756034600924
gbm,0,959,0.09308273329623581,0.09408980814451104
gbm,0,960,0.040568828384447836,0.0768946592311511
gbm,0,961,-0.21897729495943813,0.01983606702932894
gbm,0,962,0.0740169950748408,0.09728754245457363
gbm,0,963,-0.023835071808437608,0.13352051717682967
gbm,0,964,-0.03858182849243541,0.03666984098321607
gbm,0,965,0.12119080076610561,0.1608895308009971
gbm,0,966,0.0031513664750942028,0.05356455092865442
gbm,0,967,-0.07003089352011858,0.04683307776836848
gbm,0,968,0.0008173887872615082,0.06318769460916629
gbm,0,969,-0.004548818015150641,-0.004300942027488847
gbm,0,970,-0.2677731043457946,-0.03346994026991011
gbm,0,971,0.02943911804432009,0.02943911804432009
gbm,0,972,-0.1752330038064683,-0.05246079003183228
gbm,0,973,-0.07201654322620824,0.07145957463560784
gbm,0,974,0.09873851304213557,0.11980507908732718
gbm,0,975,0.09252496314053232,0.13250222300674164
gbm,0,976,-0.06038455343546306,0.06107154717737501
gbm,0,977,0.22598416788675096,0.41624502844341094
gbm,0,978,0.002466785221406226,0.07092985834497462
gbm,0,979,-0.2803610437821329,-0.11031346716795565
gbm,0,980,-0.0617527550968449,0.1116836664561991
gbm,0,981,-0.021730473655341698,0.12938187082595992
gbm,0,982,0.05309270875379132,0.05309270875379132
gbm,0,983,0.038577197344133396,0.10940783946305044
gbm,0,984,0.06911286510240319,0.12232250273254008
gbm,0,985,0.08454373762539072,0.10809971152818088
gbm,0,986,-0.16552191602810806,0.13833790972382676
gbm,0,987,0.14229567644555124,0.14229567644555124
gbm,0,988,0.09249719948114213,0.18756490859349623
gbm,0,989,0.02088351311198028,0.08018130707262697
gbm,0,990,0.06619966747341599,0.1432990579293975
gbm,0,991,0.003314369902923664,0.018577705587005028
gbm,0,992,-0.15248696655329602,0.03547848862238173
gbm,0,993,-0.1373927443856383,0.03894817285046215
gbm,0,994,0.01783607403083065,0.028876886987244388
gbm,0,995,-0.011079765605841674,0.07637464508549183
gbm,0,996,0.008929162419219372,0.20713172830610432
gbm,0,997,-0.183540720150155,0.05078418704927232
gbm,0,998,-0.10045663490891335,0.1264428589650276
gbm,0,999,0.07101012794921235,0.07101012794921235
gbm,0,1000,-0.029780891553814262,0.117571928993006
gbm,0,1001,-0.034254320101951424,0.0649972554442595
gbm,0,1002,-0.0770748950836687,-0.011461793642705387
gbm,0,1003,0.07700680081052322,0.14403643316671721
gbm,0,1004,-0.27086287362475014,-0.013042006640904713
gbm,0,1005,-0.25084555645021445,-0.08237427660692362
gbm,0,1006,-0.048957829006954084,0.16884585904020993
gbm,0,1007,-0.2383967227062989,0.08037918254869653
gbm,0,1008,0.13026982645531426,0.13026982645531426
gbm,0,1009,-0.04336073053199263,0.04301926976242759
gbm,0,1010,-0.262155366380301,-0.06557912771261089
gbm,0,1011,-0.25039150353895173,-0.008835712582481753
gbm,0,1012,-0.12345421587455835,0.042929243769266545
gbm,0,1013,-0.030152668329020818,0.030670898626365045
gbm,0,1014,-0.24652112795266368,0.005082322100703418
gbm,0,1015,0.05393201052127494,0.1179270210543023
gbm,0,1016,0.049956502968472066,0.08391264221126885
gbm,0,1017,0.1108396270679694,0.1440456995171741
gbm,0,1018,-0.04185568296890081,0.07467164985278793
gbm,0,1019,0.04335708677947556,0.1449723007224477
gbm,0,1020,0.012298389792851638,0.21587766745028547
gbm,0,1021,-0.029290717584197448,0.04102279535130096
gbm,0,1022,0.2364272446075505,0.2364272446075505
gbm,0,1023,0.05663980010020603,0.08749301225837805
gbm,0,1024,-0.18088387975272954,0.03430845150834058
gbm,0,1025,0.09956903070373496,0.09975764749021271
gbm,0,1026,0.027025591371082208,0.06121747852979645
gbm,0,1027,-0.01549599735853438,0.21970205820674205
gbm,0,1028,0.1604834494516903,0.1730466832657957
gbm,0,1029,-0.23796884698807813,0.040183315833356104
gbm,0,1030,-0.0765662715097158,0.0188566801470689
gbm,0,1031,-0.046486340199487844,-0.012024131278231903
gbm,0,1032,-0.19315738014939562,-0.002825275791043691
gbm,0,1033,0.06776768547226714,0.1351989870236362
gbm,0,1034,0.017711855724209358,0.07271132256344875
gbm,0,1035,0.07667929067773951,0.21038278376713432
gbm,0,1036,-0.4291868090356047,-0.023844278112883893
gbm,0,1037,0.022419606492140753,0.08972395650387385
gbm,0,1038,0.02191903260835923,0.05269367846322848
gbm,0,1039,0.10643001018558967,0.10643001018558967
gbm,0,1040,-0.0866819600272658,0.04306583517665011
gbm,0,1041,-0.11189454968207574,-0.04867776751638872
gbm,0,1042,0.0032360541525222053,0.008933960950479214
gbm,0,1043,-0.03671369466271235,0.034371875226887644
gbm,0,1044,-0.0336811701189773,0.04705205500493759
gbm,0,1045,0.0964772604829418,0.10507591884350792
gbm,0,1046,-0.010777956152169449,0.018421861939662054
gbm,0,1047,0.1085362619789706,0.18305169226253154
gbm,0,1048,-0.020802840181199322,0.09159497139179681
gbm,0,1049,0.0067457433515568654,0.1379558620250999
gbm,0,1050,0.04262239333682183,0.10486085806093465
gbm,0,1051,-0.0242179602313895,0.02527407241084062
gbm,0,1052,-0.012301479956878636,0.004331386048738561
gbm,0,1053,-0.2501167806930571,0.0038052131854095783
gbm,0,1054,-0.07863356173729935,-0.0029667041774427416
gbm,0,1055,-0.0215988344315617,0.07321074060521135
gbm,0,1056,-0.03753196289526098,0.034604838231460905
gbm,0,1057,0.027251993777992395,0.04439686791974565
gbm,0,1058,-0.43391716202623765,-0.1286702284151891
gbm,0,1059,0.06275938001416523,0.1064998469641415
gbm,0,1060,-0.1948427595508567,0.06417392835993513
gbm,0,1061,0.06691219767737175,0.07486457649885128
gbm,0,1062,-0.18328218914269057,-0.009642950503543357
gbm,0,1063,-0.07274621502120605,0.08154175099729755
gbm,0,1064,-0.13001739854427538,0.062370565130322936
gbm,0,1065,0.00685755434123933,0.018689432761408054
gbm,0,1066,0.0013777158251495059,0.051009755995522627
gbm,0,1067,0.005055395643209004,0.10107174027147317
gbm,0,1068,0.09967483419007594,0.09967483419007594
gbm,0,1069,-0.001956503429630302,-0.001956503429630302
gbm,0,1070,-0.0258280382504132,0.14618536931416848
gbm,0,1071,0.06810255776500546,0.11027839351311358
gbm,0,1072,-0.13086667340158872,-0.004567541688622695
gbm,0,1073,0.01474219011673894,0.0604861012011185
gbm,0,1074,-0.09230978161367673,0.056346506602486496
gbm,0,1075,0.022401249737031087,0.0971848250877661
gbm,0,1076,0.03370839280706425,0.03370839280706425
gbm,0,1077,0.02696904236630207,0.05081783146885149
gbm,0,1078,-0.06482148777263515,0.04895918977639188
gbm,0,1079,-0.021184514835782597,0.052586639223408255
gbm,0,1080,0.05199704889739015,0.1554007891208009
gbm,0,1081,-0.010650260687662366,0.09599685653153536
gbm,0,1082,-0.04303239950180404,0.009674973698174133
gbm,0,1083,0.06335573726795263,0.14485546370781166
gbm,0,1084,0.008346746517548131,0.041257535823798014
gbm,0,1085,0.1148882452960478,0.11780080633525108
gbm,0,1086,0.11682880575922056,0.17485621195338547
gbm,0,1087,-0.019794215170606394,0.023744850091344166
gbm,0,1088,-0.04494917115736072,0.1193279526605075
gbm,0,1089,-0.1000237913256713,0.0026044849302229722
gbm,0,1090,0.06854431954089316,0.1500163099614803
gbm,0,1091,0.12826678400897001,0.12826678400897001
gbm,0,1092,0.019724621384809238,0.140718845742706
gbm,0,1093,0.030635678742564648,0.09792601575500809
gbm,0,1094,0.12821813219434136,0.16136375472561987
gbm,0,1095,0.08393482532188501,0.11793949369715984
gbm,0,1096,-0.10560467664295203,0.027082678460025267
gbm,0,1097,0.052845709869582536,0.19687760488991873
gbm,0,1098,0.06983009113132504,0.15146873252921667
gbm,0,1099,-0.030917096999027546,0.07362251155840821
gbm,0,1100,-0.18701297327314975,0.02390750875219025
gbm,0,1101,-0.22896806769208428,-0.0006328281952737713
gbm,0,1102,-0.21465054865475994,-0.024777944882408462
gbm,0,1103,-0.005714590389136659,0.17109303000376358
gbm,0,1104,0.07366939587282667,0.07366939587282667
gbm,0,1105,0.1971837592020046,0.1971837592020046
gbm,0,1106,-0.03304338894234454,0.07515611626744384
gbm,0,1107,0.0367866250447661,0.0703353867196817
gbm,0,1108,-0.1339807121620688,-0.03925251512423468
gbm,0,1109,0.04449234120295256,0.26857841173400465
gbm,0,1110,-0.1615442114522614,0.0150991520442752
gbm,0,1111,0.04597808055060207,0.046015040926481315
gbm,0,1112,-0.06666863228499473,0.031625871013571644
gbm,0,1113,-0.12296135574482632,0.016962375259188145
gbm,0,1114,0.051231122556932296,0.07482046211398966
gbm,0,1115,-0.18068465630410457,-0.009029824469617559
gbm,0,1116,0.05313201107031015,0.08507337508861751
gbm,0,1117,0.09423536027870885,0.11152615208590716
gbm,0,1118,-0.1918280487616263,0.018199234299397765
gbm,0,1119,-0.24010589499469365,-0.06900224617324836
gbm,0,1120,-0.2059682569208624,-0.06774017152301348
gbm,0,1121,0.07313373898899483,0.16046025990628648
gbm,0,1122,0.10956119139752696,0.10956119139752696
gbm,0,1123,0.09338113645502691,0.09338113645502691
gbm,0,1124,-0.12089923372055748,0.04046902629536933
gbm,0,1125,0.0470598042618163,0.1145821022807752
gbm,0,1126,0.09796535453695768,0.11378544190911966
gbm,0,1127,-0.016228745402693173,-0.016228745402693173
gbm,0,1128,-0.1468800789391874,0.013432233127561977
gbm,0,1129,0.19129600093556604,0.19129600093556604
gbm,0,1130,-0.12030049308599018,0.0784790359826372
gbm,0,1131,0.031618302144603955,0.06380908570682753
gbm,0,1132,-0.2495343028613506,-0.08941919674986128
gbm,0,1133,0.14634778979621132,0.14634778979621132
gbm,0,1134,-0.10027011268360705,-0.003998824749380403
gbm,0,1135,-0.031541610748025195,-6.0737850633069135e-05
gbm,0,1136,0.11062534414517566,0.11062534414517566
gbm,0,1137,0.05848207196482905,0.09443472891385613
gbm,0,1138,0.009846363860254864,0.1046699849412267
gbm,0,1139,-0.08488364551688306,0.06839421975923313
gbm,0,1140,-0.20100626163956525,-0.14785282587424275
gbm,0,1141,0.015203252103975023,0.037004943966864184
gbm,0,1142,-0.020842499199415,0.06147564424670718
gbm,0,1143,-0.07104650169787294,0.08447861728798212
gbm,0,1144,-0.13738341140367363,-0.0017324239765331984
gbm,0,1145,-0.0017231900027884217,0.09776208648086182
gbm,0,1146,-0.116676219120002,-0.020818597051893484
gbm,0,1147,-0.2739872545498068,-0.09022404434269729
gbm,0,1148,0.13818640049738456,0.19880173546702423
gbm,0,1149,0.04888340165681476,0.06302270400702487
gbm,0,1150,-0.24842600492364098,-0.016222478664925127
gbm,0,1151,-0.17721549082589763,0.0018834343601445702
gbm,0,1152,-0.018927494911454262,0.07873946179636729
gbm,0,1153,-0.28417252024486983,0.03239910569370144
gbm,0,1154,-0.39856191864768764,-0.07694350008075926
gbm,0,1155,-0.1447784926344302,0.036738484192930354
gbm,0,1156,-0.039965765146108986,0.08537951108430544
gbm,0,1157,-0.1657975498933379,0.09757271304014636
gbm,0,1158,-0.029265163524204968,0.047238784246609655
gbm,0,1159,0.04223222382889849,0.07262630462708958
gbm,0,1160,0.10062992431744194,0.10062992431744194
gbm,0,1161,-0.09599424199488883,0.1186174625159842
gbm,0,1162,0.09779110471172023,0.09779110471172023
gbm,0,1163,-0.2565329439655204,-0.12867483584008477
gbm,0,1164,0.0318880674281079,0.09061358016140453
gbm,0,1165,-0.060631352117015105,0.025008257346039592
gbm,0,1166,-0.007103279424716308,0.05116521844399555
gbm,0,1167,-0.14584783525452946,-0.007164892520105104
gbm,0,1168,0.1664238829101754,0.1664238829101754
gbm,0,1169,-0.1593556742118048,0.015735649681176578
gbm,0,1170,0.07978741158706315,0.10875583140155787
gbm,0,1171,-0.016056177325346893,0.07477356546421293
gbm,0,1172,0.08659892203489353,0.10359696780228761
gbm,0,1173,-0.05787099188149704,-0.001929524146896372
gbm,0,1174,0.05753640441304808,0.15579105464313647
gbm,0,1175,-0.015443475713466881,0.04548322154754278
gbm,0,1176,0.04993511368926021,0.09139800582223326
gbm,0,1177,-0.23043038716778608,0.009929221511751962
gbm,0,1178,-0.2216864698128453,0.01565318712687855
gbm,0,1179,-0.15685087663029823,0.0006487510803265817
gbm,0,1180,0.03540742877264694,0.037512892255547436
gbm,0,1181,0.07514361270146475,0.0895372801879892
gbm,0,1182,0.04215255716591182,0.19270039281828627
gbm,0,1183,-0.11476879912419598,0.07100676428129482
gbm,0,1184,0.09410688749919077,0.1494070455240638
gbm,0,1185,0.03246550316783456,0.09183963280547675
gbm,0,1186,-0.0008171293943902147,0.07168497225435336
gbm,0,1187,-0.17644815412975148,0.01621127399564487
gbm,0,1188,-0.01416662347195341,0.025407546539119336
gbm,0,1189,-0.0747629137976224,0.03539326537556298
gbm,0,1190,0.020546722771913495,0.07831752999632657
gbm,0,1191,0.024273326390577832,0.09194008610737198
gbm,0,1192,0.10543204197858475,0.10543204197858475
gbm,0,1193,-0.19384002124268118,-0.0059852455489524115
gbm,0,1194,0.131144636525113,0.131144636525113
gbm,0,1195,0.01937413810109362,0.07004138162487694
gbm,0,1196,0.04326285712434649,0.06603423670198222
gbm,0,1197,-0.041888237062757724,0.04990003008413027
gbm,0,1198,0.011809342948970958,0.07766341529507081
gbm,0,1199,0.022521477566482984,0.13222336258950473
gbm,0,1200,-0.014078270713344915,0.07959021764153634
gbm,0,1201,-0.19028100560659725,0.0229175894859229
gbm,0,1202,-0.020805617119030395,0.013779571161723791
gbm,0,1203,-0.06544861394246518,0.06294318807861204
gbm,0,1204,-0.10980444398532774,0.0033412155121931297
gbm,0,1205,-0.0686989615237429,0.020632512677750764
gbm,0,1206,0.04011858150541586,0.09045013635745053
gbm,0,1207,0.0373416076446674,0.07300700287019127
gbm,0,1208,0.11288499148666947,0.11288499148666947
gbm,0,1209,-0.05886179484736821,0.07722534548055288
gbm,0,1210,-0.05683452435947195,0.034897863416759045
gbm,0,1211,-0.09015239757917229,-0.07749671789897608
gbm,0,1212,-0.269651012837426,-0.08775487046498485
gbm,0,1213,0.06085027191870432,0.07751901877967832
gbm,0,1214,-0.1024442678849509,0.0867202998606908
gbm,0,1215,0.1358210316509525,0.2323448235182864
gbm,0,1216,0.16572807951004137,0.16572807951004137
gbm,0,1217,0.030991482055119923,0.095634592678188
gbm,0,1218,0.07493708218689785,0.07493708218689785
gbm,0,1219,-0.06379176573016035,0.03473153608467275
gbm,0,1220,0.010811497014794752,0.10911883643391818
gbm,0,1221,-0.16642348684440048,0.04834518641553223
gbm,0,1222,-0.016441515222995,0.0653615954200252
gbm,0,1223,-0.01194164215250107,0.0073587340680416335
gbm,0,1224,0.09569281218041545,0.1816977966242777
gbm,0,1225,-0.056907314795320976,0.00417422431550174
gbm,0,1226,0.16782337957336735,0.19616077749765082
gbm,0,1227,-0.09396355825745462,0.03032156934010191
gbm,0,1228,0.008606213809523033,0.08813523815987459
gbm,0,1229,0.009143237882830613,0.06507908864709164
gbm,0,1230,0.15630626330218095,0.16141669648211238
gbm,0,1231,0.03353644820817636,0.12139541217314176
gbm,0,1232,0.01829522954710805,0.01829522954710805
gbm,0,1233,0.07030979255194506,0.144910246447934
gbm,0,1234,0.04237173933055302,0.11575500156374441
gbm,0,1235,0.13685917017693638,0.13685917017693638
gbm,0,1236,-0.24487128217805282,0.0011860708920825302
gbm,0,1237,0.0982426284894366,0.0982426284894366
gbm,0,1238,-0.10104296550455752,-0.014333541780610831
gbm,0,1239,0.13036291742243605,0.13036291742243605
gbm,0,1240,-0.06923319898652444,-0.006544473952786678
gbm,0,1241,-0.1045974051096831,0.05279808412377887
gbm,0,1242,-0.10261308966692652,0.036815005288231645
gbm,0,1243,-0.10261143745359301,-0.04393088179258729
gbm,0,1244,0.053442083322685685,0.09565131501167284
gbm,0,1245,-0.028773715716562065,0.07063388230384146
gbm,0,1246,-0.10586641399824524,0.01122784473710875
gbm,0,1247,-0.020753889232327377,0.04994550273073048
gbm,0,1248,-0.2693467975506433,0.03815670013206465
gbm,0,1249,-0.02876899659572671,0.05648345050004386
gbm,0,1250,-0.02090693057137266,0.03580039979704405
gbm,0,1251,-0.029159605967075522,0.128504715168071
gbm,0,1252,-0.08220976274622888,0.15456833422280258
gbm,0,1253,0.16091151940592913,0.1840540827637469
gbm,0,1254,0.00429936120721966,0.0054324049223775095
gbm,0,1255,0.17143844920732715,0.17143844920732715
gbm,0,1256,0.039334685299371036,0.1308554604021076
gbm,0,1257,-0.24726511949167057,0.04861920652173543
gbm,0,1258,0.10926760498339311,0.10926760498339311
gbm,0,1259,-0.05005645025565743,0.09284283031884485
gbm,0,1260,-0.2046407933915986,-0.012116844161554646
gbm,0,1261,-0.10461676060498187,-0.010984806538536313
gbm,0,1262,-0.2594935457312366,-0.019120672822746043
gbm,0,1263,0.1813208971326517,0.2384984272871722
gbm,0,1264,-0.0355533139484506,0.06725076607336095
gbm,0,1265,-0.14831566427629306,0.0208825036921729
gbm,0,1266,0.05880962981561699,0.09750107748527248
gbm,0,1267,-0.025337173067350602,0.03279247440911631
gbm,0,1268,0.0690472677101853,0.08916737795914928
gbm,0,1269,0.04488204013465724,0.07647442381103448
gbm,0,1270,0.08782148179068053,0.15781896061340284
gbm,0,1271,0.050297274023473976,0.1269525073685447
gbm,0,1272,-0.21298016877161552,-0.09837492044940568
gbm,0,1273,0.1910760577442901,0.1910760577442901
gbm,0,1274,-0.02050039908118395,-0.010516470557398655
gbm,0,1275,-0.0027802538016721834,0.08665982598090524
gbm,0,1276,0.06769968435352083,0.06848959045733605
gbm,0,1277,0.017952623675870277,0.10034470746130084
gbm,0,1278,-0.06765854006170874,0.0534660147904005
gbm,0,1279,-0.10821148721998183,0.0472941138831397
gbm,0,1280,-0.09642574494295156,0.028993289872869588
gbm,0,1281,-0.08875602562218064,0.06967817626894621
gbm,0,1282,0.06680146370174087,0.10262136515538936
gbm,0,1283,0.003280458048685264,0.05987240065535032
gbm,0,1284,0.041298210038665295,0.04463962185768486
gbm,0,1285,0.061678228058093976,0.10759233740696544
gbm,0,1286,0.19992884758764606,0.2108483052493264
gbm,0,1287,0.0792339991712056,0.0792339991712056
gbm,0,1288,0.1307042566196454,0.1307042566196454
gbm,0,1289,0.07896307859379917,0.07896307859379917
gbm,0,1290,0.009651541099247096,0.10154647455612478
gbm,0,1291,0.019244407785473927,0.02368418354611715
gbm,0,1292,-0.1219771257228391,0.023110626969133796
gbm,0,1293,0.023231757713626178,0.09118396010871982
gbm,0,1294,-0.025613909920994188,0.0764642899713463
gbm,0,1295,-0.0875533579894091,0.0501318258852316
gbm,0,1296,-0.005625295175382405,0.07797265433625916
gbm,0,1297,0.07022913928307609,0.0914886978783431
gbm,0,1298,-0.03896178869563317,0.024614566193688597
gbm,0,1299,-0.11097567950877557,0.10529616739599496
gbm,0,1300,-0.03866482314691784,0.14539905294327804
gbm,0,1301,0.06269762924740782,0.12014143072873396
gbm,0,1302,-0.14775443997849366,0.07382854763372482
gbm,0,1303,-0.1557639048606485,0.06389702233861641
gbm,0,1304,0.032337519210803106,0.10300359081063082
gbm,0,1305,-0.021185783056347496,0.03819850187578416
gbm,0,1306,-0.04943968629752049,0.07175994340030625
gbm,0,1307,0.10039639238228953,0.10039639238228953
gbm,0,1308,-0.16957069810919323,0.10956631844164161
gbm,0,1309,-0.3220707565773379,-0.04678686227269624
gbm,0,1310,-0.009865363660442855,0.09158470893537898
gbm,0,1311,0.20999366693075394,0.20999366693075394
gbm,0,1312,0.09365806989882039,0.09365806989882039
gbm,0,1313,-0.09254048099400675,0.25154680975394084
gbm,0,1314,0.05038213817799203,0.056944551700570833
gbm,0,1315,-0.17574223624103932,-0.0054755933360689235
gbm,0,1316,0.18438127756594214,0.20587029067438856
gbm,0,1317,0.16593732536053318,0.2527498671668823
gbm,0,1318,0.07981150100286027,0.0809363430334725
gbm,0,1319,0.06432892984691022,0.1744308779818195
gbm,0,1320,-0.06057577092897831,0.0015529052208656524
gbm,0,1321,-0.22161062717492283,-0.007921951464760268
gbm,0,1322,-0.2025347429612009,0.04547278384806491
gbm,0,1323,0.08452095948515606,0.14302896984627134
gbm,0,1324,0.013623163878312444,0.3020609415634694
gbm,0,1325,-0.2085638148429157,-0.02575893053889447
gbm,0,1326,0.13567257169841052,0.13567257169841052
gbm,0,1327,-0.10098952438159536,0.019233958616362207
gbm,0,1328,0.13450418206946346,0.13450418206946346
gbm,0,1329,-0.3461128504520443,-0.06737222577397937
gbm,0,1330,-0.24076226131854542,0.02868324891693705
gbm,0,1331,-0.1582517010230649,0.01858815810846215
gbm,0,1332,0.13960345947868297,0.13960345947868297
gbm,0,1333,-0.00708470336840461,0.05123807348805684
gbm,0,1334,-0.03283274553823344,0.03316682953159178
gbm,0,1335,-0.12112931219445386,-0.06332844129200552
gbm,0,1336,-0.06298090609647958,0.0005474318919372334
gbm,0,1337,0.0800031803324677,0.08846418580352616
gbm,0,1338,-0.06603303562061955,0.09321412414400801
gbm,0,1339,0.09344819061198603,0.09344819061198603
gbm,0,1340,-0.15625078862202552,-0.004329663410198692
gbm,0,1341,0.03349543614830594,0.09653536356372835
gbm,0,1342,0.1827748781291081,0.3276411637714267
gbm,0,1343,-0.03710475051191359,0.026952535768380442
gbm,0,1344,-0.19543781126781556,0.06466007630521206
gbm,0,1345,0.06611690773253379,0.13143980880652834
gbm,0,1346,-0.0029524279607661408,0.042443119240165667
gbm,0,1347,0.06274156388974658,0.06274156388974658
gbm,0,1348,0.10401899164671852,0.12115212975131928
gbm,0,1349,-0.003955847306894272,-0.003955847306894272
gbm,0,1350,-0.15500795254772148,0.046184140255595585
gbm,0,1351,-0.06584032913304837,0.10530250047454826
gbm,0,1352,0.12149282940648193,0.1314343439861308
gbm,0,1353,-0.33325074603765914,-0.1263626177443461
gbm,0,1354,-0.1034334820772389,0.10171678541482906
gbm,0,1355,-0.2591214341977319,-0.012370048060354577
gbm,0,1356,-0.12308516009214127,-0.0028988487321627843
gbm,0,1357,0.01982153049463911,0.06678300100079651
gbm,0,1358,-0.2087160402328151,-0.002356493648465602
gbm,0,1359,0.04603753837834337,0.10736890162361096
gbm,0,1360,0.06725175605985534,0.10118042788949413
gbm,0,1361,-0.2400479858756489,-0.01923349516435577
gbm,0,1362,-0.021434803280521303,0.03221663212098727
gbm,0,1363,-0.27574201955306776,-0.00934403272526979
gbm,0,1364,-0.264185120850052,0.14802461854053545
gbm,0,1365,0.05515568259340292,0.05515568259340292
gbm,0,1366,-0.030403130103760417,0.09317430782242361
gbm,0,1367,-0.128032560878746,-0.04580933942696595
gbm,0,1368,-0.014016316626842218,0.1262738005568949
gbm,0,1369,-0.03214492356863222,0.00886305383407937
gbm,0,1370,-0.03647386702283331,0.04677329216328352
gbm,0,1371,-0.12318865851025164,0.04066820256627124
gbm,0,1372,-0.23026315327888305,0.06316331324815058
gbm,0,1373,0.2701779280310551,0.2701779280310551
gbm,0,1374,-0.14165316052236537,0.003059578344881936
gbm,0,1375,0.12230451322110192,0.12230451322110192
gbm,0,1376,0.03042400243719437,0.10051647474195347
gbm,0,1377,0.02422800806090103,0.16679149525290876
gbm,0,1378,-0.1003583955747257,0.05244583926533497
gbm,0,1379,-0.01200090888750538,0.02917339081491388
gbm,0,1380,-0.09333378608363267,0.09032342199641744
gbm,0,1381,-0.07044014827939622,0.12722385732101882
gbm,0,1382,-0.07205479444363266,0.04506084356642037
gbm,0,1383,0.14637371421487028,0.21542314951822433
gbm,0,1384,0.04617278126662533,0.04617278126662533
gbm,0,1385,0.08230731942227232,0.12811544707519867
gbm,0,1386,0.20774811209584937,0.20774811209584937
gbm,0,1387,-0.13590178632945063,0.054554017269570015
gbm,0,1388,0.09103525807789675,0.12000603647322294
gbm,0,1389,-0.04005414747798586,0.066155748234001
gbm,0,1390,-0.4243055036029127,-0.027130881750843078
gbm,0,1391,0.06653055709236588,0.08890876917943286
gbm,0,1392,0.070490622852242,0.18314364262306626
gbm,0,1393,-0.13717120400151023,0.03307690557787124
gbm,0,1394,0.11040054380977815,0.11040054380977815
gbm,0,1395,-0.23259610234335398,-0.009869840738068958
gbm,0,1396,-0.03927053747525179,0.0326990428986523
gbm,0,1397,0.019543185749892583,0.10059006041669508
gbm,0,1398,0.09117808868834937,0.09117808868834937
gbm,0,1399,0.016087255802641615,0.09065740192795649
gbm,0,1400,0.05176106746390291,0.10146885684239293
gbm,0,1401,-0.17391215925190762,-0.035506907556736994
gbm,0,1402,-0.06194049267540297,0.021035060649509885
gbm,0,1403,-0.15915172884063528,0.019933908403149347
gbm,0,1404,-0.07209014985595841,0.11853344243265945
gbm,0,1405,0.07123482414354748,0.10957291910035538
gbm,0,1406,0.08643145011209794,0.08643145011209794
gbm,0,1407,-0.09382802607212004,0.13291044038138566
gbm,0,1408,0.01621958788087205,0.08920854788920968
gbm,0,1409,-0.08424875802335957,-0.03270112309472531
gbm,0,1410,-0.10156321237768137,0.07674838865400843
gbm,0,1411,0.09159562378619321,0.09529994853775059
gbm,0,1412,-0.061457370225191196,0.06138565336872315
gbm,0,1413,0.05522730293359654,0.08193320190915204
gbm,0,1414,-0.08316441317716479,0.044197900423067454
gbm,0,1415,-0.19838611290082817,-0.02058753544337208
gbm,0,1416,-0.031296440470297254,0.055138248120202626
gbm,0,1417,-0.12491658654203203,0.029413058244442958
gbm,0,1418,0.045486885200010985,0.13596381261323748
gbm,0,1419,0.03428267256702994,0.05330374725421638
gbm,0,1420,0.02577119943346534,0.17934036924733726
gbm,0,1421,0.005078981185735049,0.26600911525258447
gbm,0,1422,-0.06592146759609215,0.04029479428863614
gbm,0,1423,-0.0028638504181979774,-0.0028638504181979774
gbm,0,1424,0.1264317020550857,0.13207169685163095
gbm,0,1425,-0.024399466991829044,0.033828518240682004
gbm,0,1426,-0.17763540896498892,0.01631359451232664
gbm,0,1427,-0.23012792582459415,-0.033517587282011665
gbm,0,1428,0.09135996473913477,0.1633244791979956
gbm,0,1429,-0.0911892064463469,-0.029058644025745012
gbm,0,1430,0.1256955571773684,0.1256955571773684
gbm,0,1431,-0.263287422927846,0.07989572986619009
gbm,0,1432,0.001912486460974444,0.07947150142436646
gbm,0,1433,-0.2415582888617548,0.035360575023466706
gbm,0,1434,-0.2365054081730411,-0.09474675384143216
gbm,0,1435,0.15568133012005464,0.15568133012005464
gbm,0,1436,0.05388903652045407,0.07140498660668437
gbm,0,1437,-0.09037386547755669,-0.025839492571480965
gbm,0,1438,-0.01644670453222999,0.026223224073190415
gbm,0,1439,-0.1400099695104626,0.04160141773644885
gbm,0,1440,0.10288603981560684,0.12084738699368969
gbm,0,1441,-0.0038739744308211588,0.01354276453385056
gbm,0,1442,-0.07669219262343975,0.02253588469788073
gbm,0,1443,-0.09985826161148605,0.0837330864145345
gbm,0,1444,0.0919039679585136,0.14307541508945143
gbm,0,1445,-0.1298223274723806,0.031328836354895306
gbm,0,1446,0.05359948572704373,0.1507133587166385
gbm,0,1447,0.07913695111668187,0.17777060063820682
gbm,0,1448,0.08536902736460306,0.140383970028237
gbm,0,1449,-0.03222308699172324,0.023049722400426714
gbm,0,1450,-0.04800430277725723,0.03424821741128922
gbm,0,1451,0.030190348034381004,0.16728941542970732
gbm,0,1452,-0.25419988953822026,0.05401205445336729
gbm,0,1453,0.1307012191196702,0.1307012191196702
gbm,0,1454,0.08113740776109257,0.10064577408400266
gbm,0,1455,-0.06911128919258863,0.06184744567626649
gbm,0,1456,-0.25803832159136897,0.11989619336467838
gbm,0,1457,0.030051364795163155,0.030051364795163155
gbm,0,1458,0.5138454626984998,0.5138454626984998
gbm,0,1459,0.016107377744962625,0.016107377744962625
gbm,0,1460,-0.01232362652012875,0.040117908684180054
gbm,0,1461,0.02357598293724128,0.07757271044004471
gbm,0,1462,-0.10020045747322641,0.027128406549398493
gbm,0,1463,-0.006531967728061749,0.09983884824362893
gbm,0,1464,-0.13292936162391022,-0.027891055368525416
gbm,0,1465,0.08090636809941665,0.12569839657349857
gbm,0,1466,0.061881717017554516,0.061881717017554516
gbm,0,1467,-0.1957627030104624,-0.0034723139278145243
gbm,0,1468,0.07095705231283764,0.07095705231283764
gbm,0,1469,-0.09861853456106381,0.002608777739347895
gbm,0,1470,-0.13812395702058003,0.007963282609504824
gbm,0,1471,-0.20798158110748405,-0.006967836768096702
gbm,0,1472,-0.22840179069780916,0.04931408860734382
gbm,0,1473,-0.031320149067455214,-0.006395331099041612
gbm,0,1474,-0.014868161014481851,0.09309500451484734
gbm,0,1475,-0.017330678842396807,0.2221778656082094
gbm,0,1476,-0.05529680832251996,0.05213536458867085
gbm,0,1477,-0.1831617790098384,0.05022211403148602
gbm,0,1478,0.07074750710445937,0.07074750710445937
gbm,0,1479,-0.03926629459916432,0.030802901968196017
gbm,0,1480,0.018470866041285783,0.14683296592201933
gbm,0,1481,-0.18031829569020408,0.040888333062557736
gbm,0,1482,-0.02231065510225172,0.08002232356617353
gbm,0,1483,-0.01926397175260325,0.15460281937829917
gbm,0,1484,-0.04749003346930068,0.029131831114578344
gbm,0,1485,0.27972505124278324,0.27972505124278324
gbm,0,1486,-0.1344522433796254,0.009256405737843448
gbm,0,1487,0.10261218351220941,0.18694897696864532
gbm,0,1488,-0.1664594304058061,0.028435627886871595
gbm,0,1489,-0.16471359163930202,0.025049353963755905
gbm,0,1490,0.012407834703299647,0.1349641611912064
gbm,0,1491,0.011714883111399288,0.055000575543617314
gbm,0,1492,-0.14215927015382812,0.01068280920594089
gbm,0,1493,0.04215192635631146,0.08906300841529682
gbm,0,1494,0.011230733267492493,0.10435132089921573
gbm,0,1495,-0.14257728494935,-0.09883944752191517
gbm,0,1496,0.01794250932257635,0.15913651186029243
gbm,0,1497,0.01787790252389737,0.01787790252389737
gbm,0,1498,-0.23361224514464796,-0.04098118377349999
gbm,0,1499,0.1431582574579826,0.1431582574579826
gbm,0,1500,0.12678644598442684,0.1377854376359457
gbm,0,1501,-0.1732941489916809,-0.01233369103141288
gbm,0,1502,0.024848040508581914,0.06736441229575876
gbm,0,1503,-0.13288481921907572,0.05742429246366548
gbm,0,1504,0.050052669867121174,0.14397634242931462
gbm,0,1505,0.03566069848813816,0.08372113775708437
gbm,0,1506,0.09929022573958551,0.13110828384633105
gbm,0,1507,-0.019340159068917173,0.09221356128593747
gbm,0,1508,-0.12685914648761076,-0.04790548349835562
gbm,0,1509,0.012941344142469974,0.05872024296506423
gbm,0,1510,-0.10402105254083194,-0.06861130380490839
gbm,0,1511,0.1441418575189541,0.167573962053589
gbm,0,1512,0.05207557594378087,0.06294751599084639
gbm,0,1513,-0.32360645405060384,-0.1010533310626978
gbm,0,1514,-0.08417532798674901,0.012899728228966179
gbm,0,1515,0.03136760078946285,0.0693352528374796
gbm,0,1516,0.05112972773379246,0.09143276923854468
gbm,0,1517,0.0046346240938104355,0.02635953797367438
gbm,0,1518,-0.13094935343989916,0.09995696643741339
gbm,0,1519,1.114090749479435e-05,0.04862422665301347
gbm,0,1520,0.10801812497383695,0.19509910194330188
gbm,0,1521,0.12896023100830944,0.21832012362011421
gbm,0,1522,0.10772883126373722,0.11957169725467576
gbm,0,1523,0.038590379411178405,0.08015339601656363
gbm,0,1524,0.07768834817653084,0.12891561383752298
gbm,0,1525,0.023965918544137127,0.023965918544137127
gbm,0,1526,-0.05262931268863745,0.08168517551348864
gbm,0,1527,-0.031071486144967478,0.02039592087800496
gbm,0,1528,-0.07922726735197928,0.013430467290904052
gbm,0,1529,-0.10395645514430568,-0.004263597726240992
gbm,0,1530,-0.037837047295612394,0.06915548074944919
gbm,0,1531,-0.2837451067446448,-0.04498328232132315
gbm,0,1532,-0.11425063136343425,0.03523792788730806
gbm,0,1533,-0.27843503402783376,-0.020264318423732913
gbm,0,1534,-0.07722586253605405,0.06197075284105116
gbm,0,1535,0.06633840537139843,0.2602480723801718
gbm,0,1536,0.0756000823014574,0.125741332250438
gbm,0,1537,-0.062014236377965215,-0.023969145344180418
gbm,0,1538,-0.22548209901779181,-0.08861985886124552
gbm,0,1539,-0.0015436292474715896,0.05041536727286705
gbm,0,1540,0.0015699836618311147,0.03311756797500168
gbm,0,1541,0.014329596823408453,0.08017286869997328
gbm,0,1542,0.03953829110149962,0.26082463743664935
gbm,0,1543,0.009849654057598412,0.07740830231126358
gbm,0,1544,0.11993039138046147,0.11993039138046147
gbm,0,1545,0.1362732994818886,0.13839678259209753
gbm,0,1546,0.08461140610743065,0.11622642891389295
gbm,0,1547,0.13835401198692748,0.164244629327073
gbm,0,1548,-0.3053932710511662,-0.1274396553058157
gbm,0,1549,-0.0464603709499261,0.009304311308902025
gbm,0,1550,-0.03304338890067311,0.036172255851973034
gbm,0,1551,0.12580382925886702,0.12580382925886702
gbm,0,1552,0.031498071057359495,0.10896991733708655
gbm,0,1553,-0.2047239832949013,0.10334699574901968
gbm,0,1554,-0.0026681036696570293,0.051376936115775595
gbm,0,1555,0.1017783774925026,0.1017783774925026
gbm,0,1556,0.08228513928535466,0.10801642504581516
gbm,0,1557,-0.28093424275705636,-0.06515519778121587
gbm,0,1558,-0.10823063428195104,-0.0063754867456737585
gbm,0,1559,0.09538630967345482,0.1545267906798214
gbm,0,1560,-0.05079156332869099,0.04415499704012571
gbm,0,1561,0.07569033512727072,0.1343689688874119
gbm,0,1562,0.08803683712675078,0.15590371371293327
gbm,0,1563,-0.07537524097894459,0.0581024188442035
gbm,0,1564,0.04836075484123101,0.0574943899920988
gbm,0,1565,0.009488546031653888,0.0805252167223593
gbm,0,1566,-0.10470790811213693,0.05807147297607135
gbm,0,1567,-0.022806155044304458,-0.004324414791790077
gbm,0,1568,-0.06003362420490768,0.006069487589105166
gbm,0,1569,-0.12315500535506956,0.08516000756917749
gbm,0,1570,-0.19653441680220363,-0.028253519662649385
gbm,0,1571,0.1200220139476279,0.1773549588106489
gbm,0,1572,-0.08038249244171237,0.08783536979098744
gbm,0,1573,-0.14466844154893413,-0.14328270873346938
gbm,0,1574,-0.22792262037263683,-0.07785132317077277
gbm,0,1575,-0.09963465668437098,0.08472866138986909
gbm,0,1576,-0.1654944505235207,0.0074214413013206915
gbm,0,1577,-0.07472547938053856,-0.04594150315530275
gbm,0,1578,-0.0897022074014184,-0.025083829963386095
gbm,0,1579,0.03533431694983871,0.0805576544988228
gbm,0,1580,0.03972992871244199,0.09970966775300272
gbm,0,1581,0.03478498288734566,0.08187602490658832
gbm,0,1582,-0.21418142420379438,0.00032773273158276384
gbm,0,1583,-0.03335536460651578,0.012551831748501302
gbm,0,1584,0.025790425159449848,0.05114069042368327
gbm,0,1585,0.03438855459485124,0.12341023025256576
gbm,0,1586,0.1448258084820656,0.21798615951572442
gbm,0,1587,0.08946914946678114,0.08946914946678114
gbm,0,1588,-0.11065884977992357,0.024673386035376138
gbm,0,1589,-0.11091186532690556,0.05086891458311532
gbm,0,1590,0.02226332824729496,0.07169828617558213
gbm,0,1591,-0.04528713725662556,0.07414711913182337
gbm,0,1592,-0.01557457468500495,0.0658239882960428
gbm,0,1593,-0.2087360872592492,-0.04565540374153221
gbm,0,1594,-0.03725610748646248,-0.028964082069492858
gbm,0,1595,-0.02862206370219278,0.06356150125526969
gbm,0,1596,0.06202858513242607,0.16647081142961606
gbm,0,1597,0.13034733516222063,0.17295607559860066
gbm,0,1598,0.07392916246621364,0.17279796818860926
gbm,0,1599,-0.04072865727298754,0.038438054618015804
gbm,0,1600,-0.10681811349149198,0.14173208426834066
gbm,0,1601,0.10371560453378845,0.1671107715944859
gbm,0,1602,0.005748719216345399,0.0527551748406386
gbm,0,1603,-0.17332607244141282,-0.013667309966798213
gbm,0,1604,-0.0858011029548999,0.03234588664551882
gbm,0,1605,0.14135256948812003,0.14135256948812003
gbm,0,1606,0.07911372858582455,0.07911372858582455
gbm,0,1607,-0.06983842222235434,0.04334434976325238
gbm,0,1608,-0.22914878532228883,0.0195320880042458
gbm,0,1609,0.0889575341190186,0.0889575341190186
gbm,0,1610,-0.038229395839726565,0.05810197248415394
gbm,0,1611,-0.056918177557688285,0.018265818154253627
gbm,0,1612,-0.08520904688977968,0.032332140803462306
gbm,0,1613,0.14341530352939652,0.14341530352939652
gbm,0,1614,0.01460314542639049,0.02257693137876368
gbm,0,1615,-0.002893817663193604,0.042315956288540624
gbm,0,1616,0.07005094330503808,0.17146445093123353
gbm,0,1617,-0.0036848064935324776,0.04608628525305408
gbm,0,1618,0.08125064085011338,0.08125064085011338
gbm,0,1619,0.14100270820761535,0.14100270820761535
gbm,0,1620,0.078752197369309,0.078752197369309
gbm,0,1621,0.00845283497581148,0.12619739002411967
gbm,0,1622,-0.0325865204493368,0.10975333421651251
gbm,0,1623,0.14972371051532596,0.14972371051532596
gbm,0,1624,0.15981156939273422,0.15981156939273422
gbm,0,1625,0.02059244877584082,0.10662624215942096
gbm,0,1626,-0.10663445061872473,0.08849701510648689
gbm,0,1627,0.18617871504108624,0.18617871504108624
gbm,0,1628,-0.08396451805305288,-0.034825585657464325
gbm,0,1629,-0.023158562075145883,0.1131012058759921
gbm,0,1630,0.1990664599208003,0.29125271236121975
gbm,0,1631,0.05125979042753939,0.10384597800881462
gbm,0,1632,-0.1931257102789913,0.013195885994054968
gbm,0,1633,0.02691218437275561,0.02691218437275561
gbm,0,1634,0.12055394693172033,0.12665555698322828
gbm,0,1635,0.13885507714822387,0.17908955197922433
gbm,0,1636,-0.13665249798420798,0.038901070343923566
gbm,0,1637,-0.08806360985583733,0.136611136778583
gbm,0,1638,-0.29739888335008746,-0.006128212627962731
gbm,0,1639,-0.3591963587146273,0.05015770444662279
gbm,0,1640,0.007525383329277158,0.009395255245882111
gbm,0,1641,0.026539664899939086,0.07901800321710578
gbm,0,1642,0.08806847209739047,0.09911419180183278
gbm,0,1643,0.1314310423047616,0.15353650483700854
gbm,0,1644,-0.2949491066818535,-0.011702983947145973
gbm,0,1645,-0.0775938391220091,0.03911419569757488
gbm,0,1646,0.03836916604052787,0.1712590712750755
gbm,0,1647,-0.02280293398268518,0.025091085215252135
gbm,0,1648,-0.003916621158009448,0.0497016763481781
gbm,0,1649,0.20012078009488077,0.21712485516923358
gbm,0,1650,-0.27654320881514827,-0.07395969200636977
gbm,0,1651,-0.03056622692793154,0.09800990745383573
gbm,0,1652,-0.04833075907513183,0.05006979395640854
gbm,0,1653,-0.0990477532913672,-0.011466383071864178
gbm,0,1654,-0.09569674714124322,-0.005949546486460594
gbm,0,1655,0.03752481722384887,0.09855343981392481
gbm,0,1656,0.015463866370479529,0.08143319793385145
gbm,0,1657,-0.008858652109103943,0.0024077177201493327
gbm,0,1658,0.09585356757645605,0.09608445645054325
gbm,0,1659,-0.10806654771355592,0.0005164737966229238
gbm,0,1660,-0.04195437180146791,0.019409077510525008
gbm,0,1661,0.14818793752793585,0.16493510734971284
gbm,0,1662,0.08511800436862221,0.1667428062779091
gbm,0,1663,-0.08501721134893456,0.079720827470982
gbm,0,1664,0.09522681242403153,0.18426898039595546
gbm,0,1665,-0.07830179723415048,0.1257261468072715
gbm,0,1666,-0.025545791016866076,0.04907924565205818
gbm,0,1667,0.12413773290283175,0.16761665364054035
gbm,0,1668,-0.12803444476278042,0.08693775040073029
gbm,0,1669,0.005539504271696111,0.031236173674257656
gbm,0,1670,-0.13583120439701965,0.06597704458572767
gbm,0,1671,0.09034025015476299,0.10641821778881205
gbm,0,1672,0.15889830060411692,0.1996266945781412
gbm,0,1673,0.05992836874359772,0.10920523150144973
gbm,0,1674,0.10837391646589639,0.14965650653324425
gbm,0,1675,-0.1526385243553966,0.013311670295871714
gbm,0,1676,-0.04565724804586409,0.013272940725282706
gbm,0,1677,-0.09007419751135605,0.08123444803650604
gbm,0,1678,0.09071047468528623,0.12091946582290958
gbm,0,1679,0.02945750786375409,0.02945750786375409
gbm,0,1680,-0.015237428432498923,0.045039004715776765
gbm,0,1681,0.14659267591980807,0.14659267591980807
gbm,0,1682,-0.2309392326096279,0.13560974183338526
gbm,0,1683,-0.09171502883712586,0.0721581837855872
gbm,0,1684,-0.31070201446654916,-0.180247568168379
gbm,0,1685,-0.04993356922317674,0.044129552057112
gbm,0,1686,-0.0016469675434217235,0.1386386731210924
gbm,0,1687,-0.1633398178600045,0.11686467884479429
gbm,0,1688,0.058693315165571885,0.33656128339780256
gbm,0,1689,-0.004516523003553791,0.09612096713406787
gbm,0,1690,0.008081418235114296,0.08173241044007493
gbm,0,1691,-0.08651688039724312,0.11679074545399631
gbm,0,1692,-0.05297397885725791,0.08827799705416603
gbm,0,1693,-0.1434409458200705,0.06163742786993981
gbm,0,1694,0.04197524613804032,0.07040476344828689
gbm,0,1695,0.05207650909147121,0.05681265035475874
gbm,0,1696,0.0196494984221747,0.05900677565573903
gbm,0,1697,-0.07863046319816289,0.06950359997037564
gbm,0,1698,0.03615857801596892,0.15906392528516244
gbm,0,1699,-0.12328345338363747,-0.03975652359378867
gbm,0,1700,0.02735416008014202,0.12909559200207432
gbm,0,1701,0.17462427632943772,0.20879584317368982
gbm,0,1702,0.02309882384750986,0.08031039715024418
gbm,0,1703,-0.07566402062768739,-0.004445411990871229
gbm,0,1704,0.042804938214872634,0.05412214521708647
gbm,0,1705,-0.12415228731663241,-0.052845073216117755
gbm,0,1706,-0.1168634842988612,-0.05893393136668798
gbm,0,1707,0.05877034238941414,0.07913735100162114
gbm,0,1708,0.12885092776096974,0.15561629464468046
gbm,0,1709,-0.30002865215014757,-0.009647422863537647
gbm,0,1710,-0.056275588598939316,0.32770188314126686
gbm,0,1711,0.07644392583499002,0.2884185067164431
gbm,0,1712,0.026727353992660158,0.09740043371787774
gbm,0,1713,-0.0031440284907895133,0.04443020326034741
gbm,0,1714,-0.05166983638747437,0.06762170807217577
gbm,0,1715,-0.013920024280837717,0.06071594314119333
gbm,0,1716,0.02695157776364379,0.04153281722536059
gbm,0,1717,0.14590672264329008,0.23696380474469725
gbm,0,1718,-0.16262374169998484,0.019504527556438445
gbm,0,1719,-0.04305259396730875,0.07447674805390286
gbm,0,1720,-0.08709355623194145,-0.0090255156698886
gbm,0,1721,0.049254121778875115,0.05007345931536164
gbm,0,1722,-0.02100306398546009,0.06636403651749348
gbm,0,1723,0.18902250690753641,0.18902250690753641
gbm,0,1724,0.14319857891730658,0.14319857891730658
gbm,0,1725,-0.40375719416465145,-0.1081887137844672
gbm,0,1726,-0.17420397018848982,0.03627006557724749
gbm,0,1727,-0.3614590973249291,0.0031284163474252225
gbm,0,1728,0.04226901703615504,0.09209922543042529
gbm,0,1729,0.0019210333493716591,0.0782972506979982
gbm,0,1730,-0.13770004390082793,0.004903978730167735
gbm,0,1731,-0.1547504650324475,0.022965004538782197
gbm,0,1732,0.0351324566617314,0.0946534222579658
gbm,0,1733,-0.10637579951070218,0.10375667159464552
gbm,0,1734,-0.0047317240787995984,0.12185254772932419
gbm,0,1735,0.08172566722955299,0.08172566722955299
gbm,0,1736,-0.12288192046662513,-0.008453206617250741
gbm,0,1737,-0.046800388061899845,-0.046800388061899845
gbm,0,1738,0.07826858643977344,0.21810033595017625
gbm,0,1739,-0.2252285364522954,0.09311079156840421
gbm,0,1740,0.0772827003884134,0.15501713998245342
gbm,0,1741,0.051638901828858996,0.19956233893967396
gbm,0,1742,0.0724158311596998,0.07983106433856915
gbm,0,1743,0.028392033642513553,0.12358841901338519
gbm,0,1744,-0.042646883865157734,0.08544047746064062
gbm,0,1745,0.09310887027750589,0.180641193093603
gbm,0,1746,0.07484100682912015,0.10190824077690974
gbm,0,1747,-0.01293274262077701,0.04935324724492063
gbm,0,1748,-0.0344372888745748,0.023541118156031937
gbm,0,1749,0.057842826515788065,0.11619238969640094
gbm,0,1750,-0.011683325277392742,0.06251013301757469
gbm,0,1751,-0.1100539008998856,0.032260660573736055
gbm,0,1752,0.0634958698801234,0.11031574832670471
gbm,0,1753,0.054306800533070465,0.1212719645921197
gbm,0,1754,-0.23331377636688114,-0.016703794103299557
gbm,0,1755,-0.07572116445250517,0.04265698680184157
gbm,0,1756,-0.03851031274235761,0.03529283849352255
gbm,0,1757,-0.00658665532459346,0.08251746705792559
gbm,0,1758,-0.06893237506398342,0.027145996663466676
gbm,0,1759,-0.06029841263809954,0.058465757360341125
gbm,0,1760,-0.10667745290232916,-0.003903275770031106
gbm,0,1761,0.03418710747846604,0.0998335168092781
gbm,0,1762,0.16598302263188086,0.18456350266967642
gbm,0,1763,0.02290629157170962,0.06253590881748497
gbm,0,1764,-0.07607350834927976,0.12097843172308964
gbm,0,1765,0.07469919075682249,0.08527857434092806
gbm,0,1766,-0.05042838973450871,0.13357523599102378
gbm,0,1767,-0.03712982979586213,0.1910840845647101
gbm,0,1768,0.03347554224891974,0.07779524374477945
gbm,0,1769,-0.051931941416792915,0.03148732404809229
gbm,0,1770,-0.3445743437851799,-0.032404720723307565
gbm,0,1771,-0.053053248980631865,0.004620234967812803
gbm,0,1772,-0.31314152445531185,-0.03789911302912208
gbm,0,1773,0.06777296340468045,0.1067130821585438
gbm,0,1774,0.11039418618392188,0.11039418618392188
gbm,0,1775,0.005781012528450036,0.14800427926835336
gbm,0,1776,-0.031743272951002724,0.02878275284140122
gbm,0,1777,-0.10964421365096635,0.06739578439068436
gbm,0,1778,0.12218409646828843,0.17306294585083948
gbm,0,1779,-0.17881450009076552,-0.04976207864036933
gbm,0,1780,-0.1575846720779676,0.10186707675396078
gbm,0,1781,-0.17185170472898093,0.12036240046268676
gbm,0,1782,-0.01995434064042423,0.06704795126380073
gbm,0,1783,0.13155839234826588,0.13155839234826588
gbm,0,1784,0.06853785618121946,0.150470968948065
gbm,0,1785,-0.0009742970394533423,0.02664621755333013
gbm,0,1786,0.17334617070516706,0.25800959765280335
gbm,0,1787,0.18768012618762714,0.18768012618762714
gbm,0,1788,0.0340601020151412,0.09274125965965485
gbm,0,1789,-0.22094608547640107,0.010228625514075163
gbm,0,1790,0.06904293533113076,0.06933538360105365
gbm,0,1791,0.09174902966962406,0.13233152884579225
gbm,0,1792,-0.15287697419593235,0.004299809456847353
gbm,0,1793,-0.06121628982419293,0.06836082460697826
gbm,0,1794,0.2449189428191746,0.27805263291669274
gbm,0,1795,-0.1774163470820748,-0.04195272659433365
gbm,0,1796,0.14947399354730967,0.19353917584347963
gbm,0,1797,-0.22142064043890336,0.025420649189970446
gbm,0,1798,0.1176034196952141,0.1176034196952141
gbm,0,1799,0.07824271736634855,0.14768859256192868
gbm,0,1800,-0.27908901578565637,-0.0679870902744944
gbm,0,1801,0.006484468832747198,0.0650083166162447
gbm,0,1802,-0.2616985751222702,-0.035313262192231035
gbm,0,1803,-0.08712035420635231,0.1995783509954781
gbm,0,1804,-0.1801625903272615,0.036712906524917543
gbm,0,1805,-0.1407648574489403,-0.014246485557292576
gbm,0,1806,-0.07475285935498902,0.062247639114366676
gbm,0,1807,0.024367315976400267,0.09248825801229299
gbm,0,1808,0.18769812140537717,0.18769812140537717
gbm,0,1809,-0.08149513325725678,0.007539409760942334
gbm,0,1810,-0.0867370444975602,0.015967076145932096
gbm,0,1811,-0.020098203034695672,0.07920386968934398
gbm,0,1812,-0.14289051730155589,-0.0015916488754255387
gbm,0,1813,-0.3148036777947649,0.10111010833407591
gbm,0,1814,0.03530613782570327,0.03530613782570327
gbm,0,1815,0.034837574126692084,0.09489484880155674
gbm,0,1816,-0.2256600420730357,0.0274566173890389
gbm,0,1817,-0.005012210403912476,0.0810100962190621
gbm,0,1818,-0.08526616926216232,-0.0365982468627567
gbm,0,1819,-0.2139948957516614,-0.002896984190611407
gbm,0,1820,0.03541943907776632,0.14628334995098535
gbm,0,1821,0.019081136859624842,0.054828778437241016
gbm,0,1822,0.01528623735391585,0.09626007460625466
gbm,0,1823,-0.21359340685505368,0.03371253059257687
gbm,0,1824,-0.0851541116218542,0.10170748932782273
gbm,0,1825,0.042172225556309756,0.0772429332000732
gbm,0,1826,0.09221163401741775,0.15594659078700773
gbm,0,1827,0.018541367707075318,0.10271244145873873
gbm,0,1828,0.16476599460448227,0.1828968032870913
gbm,0,1829,-0.2141567989271589,0.052575106331397115
gbm,0,1830,0.0928770392647345,0.09904350057029732
gbm,0,1831,-0.005328808961908127,0.11115961661790058
gbm,0,1832,-0.0769134984375023,0.004676934402733562
gbm,0,1833,-0.290099242187099,-0.038363675327953456
gbm,0,1834,-0.10269226100754077,0.009976495294646975
gbm,0,1835,0.04455625026364518,0.1028795293732461
gbm,0,1836,0.01606886025830903,0.06749091684674063
gbm,0,1837,-0.0898884371233885,-0.0898884371233885
gbm,0,1838,0.015355788310049884,0.08519570169497942
gbm,0,1839,-0.14909712575776535,0.0460312232288598
gbm,0,1840,-0.09051155104429612,0.08038053027589778
gbm,0,1841,0.057051115391934165,0.10210042140378589
gbm,0,1842,0.03647733947916368,0.08773780922918367
gbm,0,1843,0.08247839552879122,0.11873643380732785
gbm,0,1844,-0.07247593336136011,0.11684293877045754
gbm,0,1845,0.11355357611599987,0.12730019270667065
gbm,0,1846,-0.29534572762665945,-0.09141271471758641
gbm,0,1847,-0.18612215185179726,-0.005940431291060255
gbm,0,1848,0.007726529150883427,0.06218055020762625
gbm,0,1849,-0.09246300085796336,0.10191550670101537
gbm,0,1850,-0.17877752691270177,0.0029947004341226713
gbm,0,1851,-0.11721105258954809,0.00906916990601242
gbm,0,1852,0.040443870863682424,0.040443870863682424
gbm,0,1853,-0.017277115898937212,-0.012911793985996484
gbm,0,1854,0.10668785561990907,0.10668785561990907
gbm,0,1855,0.1886518928300071,0.1886518928300071
gbm,0,1856,-0.07516197282768006,-0.013880204220507092
gbm,0,1857,0.0634007847326335,0.14617961859791906
gbm,0,1858,-0.07804648191239955,0.07139453190698586
gbm,0,1859,0.060481192582803295,0.12889726465414292
gbm,0,1860,0.20439073330938784,0.2428584056695518
gbm,0,1861,-0.04413516928121823,0.044556731663996485
gbm,0,1862,0.0740369385703209,0.0740369385703209
gbm,0,1863,-0.014920717293053637,0.06076917958082251
gbm,0,1864,-0.044139639083202994,-0.044139639083202994
gbm,0,1865,-0.41084324430604957,-0.05588282240491063
gbm,0,1866,0.08459830960829551,0.08459830960829551
gbm,0,1867,-0.0414451837566666,0.037785504981450446
gbm,0,1868,0.11597203625061853,0.2100581923960692
gbm,0,1869,0.11658904191391306,0.12343394084211179
gbm,0,1870,0.17277990112396463,0.29912220253959354
gbm,0,1871,0.0332780414248626,0.11561687029890305
gbm,0,1872,-0.01593820487242817,0.09516582889876818
gbm,0,1873,-0.12277568267420427,0.0513124318089371
gbm,0,1874,-0.049561582483722916,0.08604479760167197
gbm,0,1875,0.010649795667373785,0.06735206864050727
gbm,0,1876,0.10070877637139408,0.10070877637139408
gbm,0,1877,0.019199824241441288,0.06839877050722615
gbm,0,1878,-0.03308159097915826,0.020842154219213538
gbm,0,1879,-0.09132948055567136,0.08639375318990261
gbm,0,1880,-0.08064456936794974,0.004445386456426947
gbm,0,1881,-0.13195722419225236,-0.0025238649144039282
gbm,0,1882,-0.17189258456143353,-0.03987380505614305
gbm,0,1883,-0.005218341137978588,0.0095550150635543
gbm,0,1884,0.16870088519104287,0.1902384561850421
gbm,0,1885,0.25378348459725764,0.25378348459725764
gbm,0,1886,-0.01851174235917688,0.03560948661902941
gbm,0,1887,0.04615016283185333,0.0962536146985456
gbm,0,1888,0.012804852104907477,0.058137859421895616
gbm,0,1889,0.08485232414517946,0.17818844134048772
gbm,0,1890,-0.3116738029980203,0.0054434129207370785
gbm,0,1891,0.018021503901910707,0.1324901354482026
gbm,0,1892,0.13205397534221425,0.19862193641167886
gbm,0,1893,0.12867663571931398,0.16055550086615683
gbm,0,1894,-0.04424992180298527,0.015869836844319946
gbm,0,1895,-0.01411646658393137,0.06335163526183193
gbm,0,1896,0.06990329873513917,0.10011024190966747
gbm,0,1897,0.03210700275055256,0.14476227989406648
gbm,0,1898,-0.318505642898133,-0.022546576479461677
gbm,0,1899,0.05529105048859581,0.11071831988072822
gbm,0,1900,0.12644886142844847,0.12644886142844847
gbm,0,1901,-0.12393047907400047,-0.12393047907400047
gbm,0,1902,-0.26506902408154753,-0.04784951082264921
gbm,0,1903,0.07044167049765945,0.14630277062209845
gbm,0,1904,0.11268173061306691,0.11826495946830912
gbm,0,1905,-0.015242652239399218,0.10075472332380869
gbm,0,1906,-0.018817939734812023,0.06519478241935647
gbm,0,1907,0.26849238496282873,0.26849238496282873
gbm,0,1908,0.0769286219338487,0.1574333563483078
gbm,0,1909,0.27127362622017315,0.2726906370854406
gbm,0,1910,-0.15647993096612547,0.08589374486863605
gbm,0,1911,0.051937035907954066,0.13983596232184398
gbm,0,1912,0.16714530481475115,0.16714530481475115
gbm,0,1913,-0.3192502563246188,-0.06467973377062983
gbm,0,1914,-0.029884828249755094,0.040625396632546384
gbm,0,1915,-0.04318094001040329,0.017972189990458465
gbm,0,1916,0.07757479921685739,0.15185493183674748
gbm,0,1917,0.3451695876304349,0.3451695876304349
gbm,0,1918,0.028106760362666322,0.07359808550186805
gbm,0,1919,-0.06834829881084963,0.02964223062428567
gbm,0,1920,-0.011993447074818225,0.02593789211871217
gbm,0,1921,0.10026694477180806,0.2029373428848219
gbm,0,1922,-0.15088336503067276,0.00376847684608278
gbm,0,1923,-0.18478739626721605,-0.02256420297861747
gbm,0,1924,0.09119306705050037,0.12703758074533206
gbm,0,1925,-0.057616386539174,0.04525277709360587
gbm,0,1926,0.07836170212514376,0.13916079034539103
gbm,0,1927,-0.0070554502347633385,0.024806239580198564
gbm,0,1928,0.010675504181833079,0.013405075171652486
gbm,0,1929,0.023933774379223338,0.16099755192743098
gbm,0,1930,0.08339765620930184,0.16221537174416278
gbm,0,1931,-0.07561864052588003,0.0073218640391223555
gbm,0,1932,-0.06278615676015778,0.007390075709833438
gbm,0,1933,-0.3169380909630669,0.04367371776368015
gbm,0,1934,-0.04832106548776412,0.15423578517638087
gbm,0,1935,-0.07240168264721296,0.09728652609045102
gbm,0,1936,0.028640667252553403,0.07888042860491332
gbm,0,1937,0.07986180933108256,0.1251970072565729
gbm,0,1938,-0.0012122349136180766,0.0030145527917142534
gbm,0,1939,-0.0007221101671431029,0.08741422577890709
gbm,0,1940,0.1699983842447157,0.17472824318700053
gbm,0,1941,0.06292312670454128,0.06292312670454128
gbm,0,1942,-0.19971762904633908,0.05911626336646511
gbm,0,1943,-0.051289488205466124,0.07353196705670723
gbm,0,1944,-0.039814685399794936,0.007627769524792355
gbm,0,1945,-0.1608586894261466,-0.0843707332471981
gbm,0,1946,-0.24902089543862752,-0.015753995615543137
gbm,0,1947,0.08757914925070875,0.11328947822190744
gbm,0,1948,-0.2564479713711266,-0.03060824730171391
gbm,0,1949,-0.1421511678350888,0.012956226651999525
gbm,0,1950,-0.07577268567719823,0.018546825971341607
gbm,0,1951,-0.39082762832380535,-0.13541734775443187
gbm,0,1952,0.06166458338560493,0.08690579294484738
gbm,0,1953,0.015064077983516222,0.16293163266377675
gbm,0,1954,-0.21871847240264602,0.009298298889380469
gbm,0,1955,0.08309243417105136,0.12497257793892314
gbm,0,1956,0.09654406142016742,0.1228260657309651
gbm,0,1957,0.23695018929430706,0.23695018929430706
gbm,0,1958,0.10796076190282006,0.10796076190282006
gbm,0,1959,0.11683462910781739,0.15630445951228855
gbm,0,1960,0.08819454534065604,0.15643157339362596
gbm,0,1961,-0.04990568346985866,0.05244835128815664
gbm,0,1962,0.0394842870623853,0.0394842870623853
gbm,0,1963,0.10902764846058882,0.241498861966984
gbm,0,1964,-0.1270597161759107,0.07270683313534015
gbm,0,1965,0.004816630616218925,0.07751658017024152
gbm,0,1966,-0.07023082341121206,0.03930374369277831
gbm,0,1967,-0.1628897528688887,-0.01121768421454808
gbm,0,1968,0.023136812430651604,0.08052848555343345
gbm,0,1969,-0.05010425460041716,0.024742700996839673
gbm,0,1970,-0.29365510536471046,-0.006313378663175939
gbm,0,1971,-0.07962486456132442,0.0873045278483073
gbm,0,1972,-0.0678382458691287,0.025419980618482885
gbm,0,1973,0.18732326614201966,0.18732326614201966
gbm,0,1974,-0.0352726015685217,0.012331246003965929
gbm,0,1975,0.04916458650930408,0.07850221121623516
gbm,0,1976,0.0608671595930049,0.0608671595930049
gbm,0,1977,0.030920448525239008,0.09311884815260424
gbm,0,1978,-0.18371416784700328,0.1701974341247628
gbm,0,1979,0.0820587739568717,0.09425769071792806
gbm,0,1980,-0.3283727277811197,0.010630867036828306
gbm,0,1981,-0.13867595500984192,0.038625758237757074
gbm,0,1982,0.003821313380713537,0.07896650621120119
gbm,0,1983,-0.04904674300924507,0.022169568088263508
gbm,0,1984,0.020003651268191286,0.04662178138682499
gbm,0,1985,-0.0806588966625864,0.0158818986061961
gbm,0,1986,-0.11538802695704466,0.005484924680145692
gbm,0,1987,-0.06353330064550515,0.09454088192684307
gbm,0,1988,-0.046379264149939925,0.0282883706197479
gbm,0,1989,-0.031064738359380853,0.1050720024354933
gbm,0,1990,-0.1418594257546294,0.04854867921368031
gbm,0,1991,0.10736839423012079,0.10736839423012079
gbm,0,1992,-0.027720299286000394,0.05667035936601633
gbm,0,1993,0.06074429809084228,0.06074429809084228
gbm,0,1994,0.056635701706183095,0.11582974331396673
gbm,0,1995,-0.1275547642260556,0.01167516009580366
gbm,0,1996,-0.005900044072834926,0.09396462920238968
gbm,0,1997,0.08723870753636537,0.2161934688569746
gbm,0,1998,-0.2975589453655709,0.028252737912038722
gbm,0,1999,-0.012170586515230869,0.05790308186243112
gbm,5,0,-0.037994774783243576,0.059456845508360626
gbm,5,1,-0.00158792065210428,0.08116192892808129
gbm,5,2,-0.25488385615462067,0.015276387977035968
gbm,5,3,0.08289965079853519,0.297109559213685
gbm,5,4,0.08722192088728527,0.14855221174952943
gbm,5,5,-0.04734890935256168,0.12162488643680754
gbm,5,6,0.09017557199446498,0.09936014491848492
gbm,5,7,-0.29628236325866836,0.05491951390120868
gbm,5,8,0.08101130533480978,0.10026409626160766
gbm,5,9,0.008332492608648698,0.07666329759221947
gbm,5,10,0.12530358871608088,0.1437615722217751
gbm,5,11,0.09330970935058049,0.25775912138347606
gbm,5,12,0.030984766597183536,0.1370735734120368
gbm,5,13,0.04939632940849993,0.16745695849497194
gbm,5,14,0.09551563102241233,0.09551563102241233
gbm,5,15,0.037815223779288684,0.13387913015968295
gbm,5,16,-0.38063845142104585,-0.04103941138950777
gbm,5,17,-0.20521507504244502,-0.08199107349356352
gbm,5,18,0.009012849297909645,0.08012105054622314
gbm,5,19,-0.12028399652117922,0.04500102748724953
gbm,5,20,0.06072579129349477,0.09221302668975033
gbm,5,21,0.16650888524474666,0.16650888524474666
gbm,5,22,0.004834197290527767,0.05462787181795491
gbm,5,23,-0.3072936535250929,-0.08886664631685365
gbm,5,24,-0.18698119603870067,0.05673169471693619
gbm,5,25,0.1387113128238619,0.14932449932959957
gbm,5,26,-0.03762520216494304,0.05752386527059038
gbm,5,27,0.02081586803127712,0.14108875266730503
gbm,5,28,0.11995372463272928,0.11995372463272928
gbm,5,29,-0.018856153248902136,0.004544379085168193
gbm,5,30,-0.09697629413340161,0.10287642012978755
gbm,5,31,0.11545170712203108,0.1814999721832672
gbm,5,32,0.013710006214015788,0.11245502637197512
gbm,5,33,0.11345153722755412,0.11345153722755412
gbm,5,34,0.05730484281341379,0.10502933210453212
gbm,5,35,-0.21630335846994422,-0.11014634539222475
gbm,5,36,-0.013766891359130479,0.08388550868056617
gbm,5,37,-0.015248768480610034,0.0154091173743265
gbm,5,38,0.07669525327063394,0.15763893193680895
gbm,5,39,-0.09142838875397742,0.11948780677367492
gbm,5,40,-0.10463945914850563,0.03187064872632865
gbm,5,41,0.034563384302128394,0.07396703786819901
gbm,5,42,-0.01279437593305316,0.10445232412474824
gbm,5,43,0.0919961324818163,0.14690352549733754
gbm,5,44,-0.38496660220411033,-0.1795960205812417
gbm,5,45,-0.08745204645130485,0.06810631300325988
gbm,5,46,0.04617471822429613,0.09456509901429082
gbm,5,47,-0.010293744887214684,0.0820135484105481
gbm,5,48,-0.09104074552074964,0.0375057133122481
gbm,5,49,-0.030598232100469303,0.026861353036193567
gbm,5,50,0.10813680880892577,0.10862162722068568
gbm,5,51,0.13455798819829218,0.18335313620060062
gbm,5,52,0.1612883590424895,0.1612883590424895
gbm,5,53,0.09521052314923899,0.09521052314923899
gbm,5,54,-0.2698199122814352,-0.03274814882949184
gbm,5,55,-0.046468561201322284,0.09928667174821439
gbm,5,56,-0.060198504441978204,0.023427634693180946
gbm,5,57,-0.18027732964635462,-0.009939666910667319
gbm,5,58,-0.14393379331167122,0.07857990379500633
gbm,5,59,0.13942047282238246,0.14204728700107194
gbm,5,60,0.17009712731749216,0.23741044207088718
gbm,5,61,-0.1723026161044219,-0.0035507810625179242
gbm,5,62,-0.027611702864575052,0.08816226960198374
gbm,5,63,0.02983614222266455,0.0967830638509269
gbm,5,64,0.024991471979360205,0.05672790563322387
gbm,5,65,0.08528664670588766,0.16830546598810375
gbm,5,66,0.16199481962491286,0.16199481962491286
gbm,5,67,0.2510445552933541,0.2510445552933541
gbm,5,68,0.06834867066282181,0.14862274394814418
gbm,5,69,-0.1654740387357717,0.07473025619823183
gbm,5,70,0.06349105101053441,0.12838730661119185
gbm,5,71,-0.09611973906882255,0.0020823121586992094
gbm,5,72,0.06614166664823502,0.17137868657918826
gbm,5,73,-0.23886650039408924,0.013869846686320977
gbm,5,74,-0.04489191508290137,0.024535274242046975
gbm,5,75,0.039136568228018684,0.07626174494342676
gbm,5,76,-0.026386209331034277,0.09971466144133594
gbm,5,77,-0.30726690098545584,0.02659408040933324
gbm,5,78,0.0353475656637834,0.10826869565984569
gbm,5,79,-0.3593667950418363,0.01811957230383525
gbm,5,80,0.18701979871627455,0.18701979871627455
gbm,5,81,0.0990842839485432,0.12426379336302153
gbm,5,82,0.07076842106465213,0.1550654813744901
gbm,5,83,-0.04985666373732901,0.13777599643872918
gbm,5,84,0.04593123008423049,0.04593123008423049
gbm,5,85,0.149131658073839,0.149131658073839
gbm,5,86,0.08131440320024817,0.11407947989351887
gbm,5,87,-0.2802607280636531,-0.043636712084641927
gbm,5,88,-0.03459571927572819,0.007029986404583535
gbm,5,89,-0.15489692611787317,0.010391146650234703
gbm,5,90,-0.005829867397484964,0.09655506236609117
gbm,5,91,0.013108982350611573,0.0753807555842924
gbm,5,92,0.07896213126194328,0.07896213126194328
gbm,5,93,-0.010116112968422936,0.036213233373761936
gbm,5,94,-0.2393426431204763,-0.06915340443136178
gbm,5,95,-0.0183465322794924,0.040706957827767246
gbm,5,96,-0.13974821722713485,0.12301110117325577
gbm,5,97,0.05575722660066747,0.06278911337078107
gbm,5,98,-0.00957472781531675,0.055583556807664344
gbm,5,99,-0.04859152343405029,0.08576206626995335
gbm,5,100,-0.11677452547035522,-0.07219092936889887
gbm,5,101,0.03451020547884735,0.05299684641414966
gbm,5,102,-0.09347405259321126,0.07498827286192809
gbm,5,103,0.06533050757438862,0.06674448449988961
gbm,5,104,0.15594062138256676,0.15594062138256676
gbm,5,105,0.012558648442881279,0.07631543949495777
gbm,5,106,-0.12440965552970833,-0.031904711096621685
gbm,5,107,-0.023388507196908423,0.1652161878059809
gbm,5,108,0.0801881665565712,0.09638817601381154
gbm,5,109,0.10684518261652266,0.15205368029957456
gbm,5,110,-0.06463619052762608,0.020390609847271132
gbm,5,111,-0.19204891823698517,0.03281613173605526
gbm,5,112,-0.1810491931918338,0.060397933263659595
gbm,5,113,0.08951577634651021,0.1458843809156165
gbm,5,114,0.08228989411255257,0.14296909335700575
gbm,5,115,0.0036084835111535735,0.06739220465859218
gbm,5,116,0.11429979470338696,0.11429979470338696
gbm,5,117,-0.18350044967962914,0.013357475240751912
gbm,5,118,-0.03785467875977594,0.12984520072687328
gbm,5,119,0.03926240548374464,0.09605859659743234
gbm,5,120,0.11937820306307466,0.18956101648644313
gbm,5,121,-0.035098967025047945,0.04163237115408926
gbm,5,122,-0.19522133347293164,0.05718755426179807
gbm,5,123,-0.05546739839487791,0.04625322634280392
gbm,5,124,-0.16257301083225034,0.04560856339235024
gbm,5,125,-0.2055322162212433,-0.015466780237971822
gbm,5,126,-0.336518050226313,-0.017912949525723962
gbm,5,127,0.05145777917991788,0.11697235412631711
gbm,5,128,-0.23864857658254288,-0.07280271918143943
gbm,5,129,0.05536892654850832,0.06099237465143083
gbm,5,130,0.14747081550637992,0.1533860096638442
gbm,5,131,-0.1191425523685591,-0.05498231474812478
gbm,5,132,0.006227738973733327,0.07585578391582905
gbm,5,133,-0.20767064663275986,-0.01850510622417187
gbm,5,134,-0.0945626780575471,0.02184523503062126
gbm,5,135,-0.015707996434492624,0.024543995430836504
gbm,5,136,-0.27950315591380537,-0.10355353121348553
gbm,5,137,0.060181547262007376,0.1385362252762612
gbm,5,138,-0.16666973236931096,-0.055341680722018255
gbm,5,139,0.19845911423836604,0.25836477788489615
gbm,5,140,0.103395441749378,0.11720343447837049
gbm,5,141,0.05078545709296013,0.07419253981502182
gbm,5,142,0.1494669789079302,0.1494669789079302
gbm,5,143,-0.051978037452973955,0.04310935130650036
gbm,5,144,0.03158983350261045,0.07412344706836695
gbm,5,145,-0.0025189858147543903,0.08246268984895695
gbm,5,146,0.09732779708501606,0.09732779708501606
gbm,5,147,0.03501714819605824,0.14085462059714904
gbm,5,148,-0.12583727516431673,0.051869303575526535
gbm,5,149,0.07823426661757892,0.13865453871876576
gbm,5,150,0.014472920592305497,0.09325742151018353
gbm,5,151,0.16960073911428325,0.2012846681579598
gbm,5,152,-0.11365085142156264,0.1026400145940415
gbm,5,153,0.08270282806751435,0.14898218839964078
gbm,5,154,0.07806406112006757,0.08016107338923674
gbm,5,155,0.010156240176178874,0.04692750445052905
gbm,5,156,-0.10668405353126023,0.009699137720630344
gbm,5,157,0.02400253482991084,0.0811039486071957
gbm,5,158,-0.13201726005992687,0.025525792752188012
gbm,5,159,-0.013739625645123071,0.04505388980677756
gbm,5,160,-0.0189440306489813,0.025339145574541602
gbm,5,161,-0.22500302386946974,-0.014660104362042459
gbm,5,162,-0.17114466056902905,0.04319383387813584
gbm,5,163,-0.02971360455266074,0.05319469876360432
gbm,5,164,0.06743883853094386,0.09898606642752929
gbm,5,165,0.08054896764028367,0.11584144733531797
gbm,5,166,0.1425837520564756,0.1572404210572375
gbm,5,167,-0.02209996841413739,0.030785905407649763
gbm,5,168,0.011046157797993714,0.1026889703791309
gbm,5,169,-0.019770195783726754,0.1286975798956948
gbm,5,170,-0.10897382206338753,0.07007270237516765
gbm,5,171,-0.06394169584996476,0.06484302864260501
gbm,5,172,0.01311086209227412,0.07249651687765003
gbm,5,173,-0.06386860668098729,0.007736208304320466
gbm,5,174,-0.0492495851924092,0.05842234092105465
gbm,5,175,0.02466135962979231,0.11075641739293084
gbm,5,176,-0.0894805809937306,-0.015786517380057707
gbm,5,177,-0.26713722926436634,0.005285878213500211
gbm,5,178,0.043495632954769006,0.07400474674878131
gbm,5,179,-0.014422600821711401,0.06726281348876824
gbm,5,180,0.04608960487891221,0.14851681888247104
gbm,5,181,-0.1415892444339738,-0.0661005019468732
gbm,5,182,-0.06201025665036976,-0.005259012420804926
gbm,5,183,-0.01727298708890898,0.07601802074764762
gbm,5,184,0.029767537493112076,0.09179454583030892
gbm,5,185,-0.0014011396087470346,0.0511547658726343
gbm,5,186,-0.3527971368288932,0.020756565599762508
gbm,5,187,0.054654706791051375,0.16383778692535111
gbm,5,188,-0.14223743273036235,-0.06147372723372828
gbm,5,189,-0.19461322509241893,0.09873980710254594
gbm,5,190,-0.15383656128071482,0.03570428028147497
gbm,5,191,-0.02174474925042988,0.05968876565783439
gbm,5,192,0.04639357036546092,0.05850593648601411
gbm,5,193,0.07790558083864353,0.07793511862708587
gbm,5,194,-0.14854930221746968,0.017039969095812776
gbm,5,195,-0.1699236518254067,0.02503944275083779
gbm,5,196,0.0038643275466668514,0.13605741707808577
gbm,5,197,0.047418870124702736,0.0796947771031825
gbm,5,198,0.37564287460616486,0.37564287460616486
gbm,5,199,-0.0805150770163189,-0.029214106311607035
gbm,5,200,-0.052654358066290874,0.042153212277626737
gbm,5,201,-0.037663958629947064,0.006504655783656138
gbm,5,202,0.07431618653532053,0.16045011547166094
gbm,5,203,0.03751265730886448,0.07279056331802165
gbm,5,204,-0.08243070914599868,0.046778742392661235
gbm,5,205,-0.024005195405841034,0.1848206955717983
gbm,5,206,-0.33855626806471467,0.04635103199289338
gbm,5,207,0.018266948958154713,0.018266948958154713
gbm,5,208,-0.08172290454741116,0.0025105621888928537
gbm,5,209,-0.028054625445679493,0.13727308752705364
gbm,5,210,-0.017388466777569625,0.09147470743840318
gbm,5,211,0.10381833363398367,0.22557120937939573
gbm,5,212,-0.0019745670445932145,0.07627689771740788
gbm,5,213,0.15115156280437603,0.15115156280437603
gbm,5,214,0.10945085692007579,0.17204877601534835
gbm,5,215,0.07484509730139367,0.11260855835147489
gbm,5,216,0.08503630930622573,0.11747086933326979
gbm,5,217,0.013967930102331896,0.13561136813733798
gbm,5,218,-0.06985657004300924,0.059256751593161364
gbm,5,219,-0.24038459219996636,0.03649355810663775
gbm,5,220,0.07972652273443205,0.08694553922307678
gbm,5,221,-0.18727349408197846,0.10144155189494604
gbm,5,222,-0.07284217613402977,-0.019015397084134703
gbm,5,223,-0.07319249757711707,0.063896526047368
gbm,5,224,-0.03746735080361667,0.11929525526329234
gbm,5,225,-0.08097725211600848,0.02070213545601772
gbm,5,226,-0.18913838028700095,0.0252785792903389
gbm,5,227,-0.021971703678525384,0.04096144121709962
gbm,5,228,-0.0151750069285594,0.09676855710266007
gbm,5,229,-0.21639082072756,-0.025606142238841043
gbm,5,230,-0.10780757053191474,0.17153427549812877
gbm,5,231,0.017614634468569104,0.06599842446238645
gbm,5,232,0.051926410885462834,0.10587447655257835
gbm,5,233,-0.030535432006803184,0.053660990274809625
gbm,5,234,-0.20323932028879407,0.0008296118527463398
gbm,5,235,-0.09223407428982174,0.02589938797550316
gbm,5,236,0.04269130557594504,0.09274917468656084
gbm,5,237,-0.005713221908622779,0.08118553722646533
gbm,5,238,-0.2089384157006623,-0.011260220263603377
gbm,5,239,-0.03452179212468169,0.060110089528928504
gbm,5,240,0.21430053176561625,0.21430053176561625
gbm,5,241,0.035545230208544984,0.10537102667393454
gbm,5,242,-0.02180952375521529,0.0547011862413878
gbm,5,243,-0.04828198612046758,0.1301729433822646
gbm,5,244,0.05838892409420328,0.09234672025751768
gbm,5,245,0.008180773430781815,0.08561243995148139
gbm,5,246,0.14299960643377124,0.14299960643377124
gbm,5,247,0.1336580898059045,0.13986656220844418
gbm,5,248,-0.01760835500695017,0.015037968769295904
gbm,5,249,0.007827245166554711,0.09919648311728925
gbm,5,250,0.1349353262765835,0.14557834212918558
gbm,5,251,-0.24908652385614483,0.011343499961000245
gbm,5,252,-0.16458110222574357,0.017330374162605064
gbm,5,253,0.0882799807093768,0.18677382962473665
gbm,5,254,-0.2513883312259829,0.01145868200994328
gbm,5,255,-0.3612183704079004,0.058621590657513975
gbm,5,256,-0.013314456360804597,0.07357857172807163
gbm,5,257,0.05780669276080137,0.10346834539600762
gbm,5,258,0.02690764968431851,0.1387021149264791
gbm,5,259,-0.2530840122377318,0.11665481983770247
gbm,5,260,-0.10717037448446681,0.16256771342342274
gbm,5,261,0.21351531816826314,0.2382601963072214
gbm,5,262,0.07626562122107629,0.10453525886691824
gbm,5,263,-0.05352592276125495,0.03045314215958246
gbm,5,264,0.032569433892344166,0.06867080775464011
gbm,5,265,0.13369762681093034,0.1766652469229429
gbm,5,266,0.15840214672591918,0.16915862755626232
gbm,5,267,-0.04986328805937007,0.03168667973819554
gbm,5,268,-0.05287301348373141,0.11703173872776317
gbm,5,269,-0.00613359157507265,-9.649947494957956e-05
gbm,5,270,0.11477977185834597,0.15621994213025903
gbm,5,271,0.05414022267603351,0.11983009611341182
gbm,5,272,-0.26020025021758997,0.20679419962877238
gbm,5,273,-0.013184188143973624,0.12489912426277468
gbm,5,274,-0.19733007707455003,-0.07349901745419793
gbm,5,275,0.04102449493949799,0.05154848920161463
gbm,5,276,-0.011492424498838208,0.03415473299765219
gbm,5,277,-0.16816764030854697,0.004973502904263849
gbm,5,278,-0.14895963499804987,0.046408186802783094
gbm,5,279,-0.03713440486374635,0.03721681683053611
gbm,5,280,-0.16880625434338298,0.33707119869413465
gbm,5,281,-0.26553901640245275,0.02073901999763321
gbm,5,282,0.10477290653012815,0.10573199828804243
gbm,5,283,0.01735951658375824,0.10497789447766494
gbm,5,284,-0.010459407655176445,0.10408495764787652
gbm,5,285,-0.28670729882946405,-0.09966927354030429
gbm,5,286,-0.005198793699607629,0.06018677349804537
gbm,5,287,-0.01870245513106246,0.041380111967717556
gbm,5,288,-0.01098501003557073,0.05118301115049333
gbm,5,289,0.004748178488030441,0.060727537077246194
gbm,5,290,0.17461522092939458,0.17461522092939458
gbm,5,291,-0.022137942523268755,0.13882322473921233
gbm,5,292,0.03373286075641142,0.06561237141461383
gbm,5,293,-0.24990446933715676,0.06425664861877829
gbm,5,294,-0.13650935358592461,0.03770034423608255
gbm,5,295,-0.009240372490945004,0.033206774858441576
gbm,5,296,0.011418651966359952,0.1275237301411808
gbm,5,297,-0.06388867135503942,0.02081194339703983
gbm,5,298,0.037506234779611,0.11954363910270806
gbm,5,299,0.022868651501817952,0.11428983150560539
gbm,5,300,0.1088957493590114,0.16277396045389236
gbm,5,301,-0.17768319664551785,0.04256856534946184
gbm,5,302,-0.19652255459296156,-0.10087125519854892
gbm,5,303,0.14529362418216363,0.14529362418216363
gbm,5,304,-0.25450937490966813,-0.13863344795696564
gbm,5,305,-0.10411415604019746,0.05909508732149264
gbm,5,306,0.04449612899484311,0.12439432407628075
gbm,5,307,-0.0030212311307962203,0.06384731116346164
gbm,5,308,0.07865033396758271,0.1322754273683896
gbm,5,309,0.07264642791248131,0.10241016787498096
gbm,5,310,0.007623650993911615,0.04620650826739324
gbm,5,311,0.03813193106913283,0.07849193665315891
gbm,5,312,0.08078684942905594,0.09677753809618296
gbm,5,313,-0.07873065141026542,0.0894572918827191
gbm,5,314,0.05276892138935631,0.16329768696561558
gbm,5,315,0.13273670107764368,0.13273670107764368
gbm,5,316,-0.3003332638301269,-0.034561566506052285
gbm,5,317,-0.04081645005755108,0.07472290936769292
gbm,5,318,-0.03861814862852994,0.06650943346710401
gbm,5,319,-0.04925753480807184,0.009207156643221762
gbm,5,320,0.03556398317419039,0.07508083018713536
gbm,5,321,0.07044673235255532,0.14584532113336857
gbm,5,322,-0.029413468191534467,0.13491521703541953
gbm,5,323,-0.038606739467112614,0.08020216123733544
gbm,5,324,0.02933588140103137,0.0504538043241413
gbm,5,325,-0.10976914781465473,-0.06364728226806424
gbm,5,326,-0.0020512304897074007,0.07039279895738594
gbm,5,327,-0.007582998975222299,0.028563691869081323
gbm,5,328,0.07949505381557488,0.09677186430881292
gbm,5,329,-0.004782388443299812,0.16444486962166394
gbm,5,330,0.008769665539614294,0.14256583650382737
gbm,5,331,0.09854261105153854,0.12845934487140287
gbm,5,332,0.08462817927617115,0.08462817927617115
gbm,5,333,0.12370499835235667,0.15011757623861266
gbm,5,334,0.007238490648485127,0.04563600531541458
gbm,5,335,0.00869304977623818,0.07171182167185446
gbm,5,336,0.2594607777265738,0.2594607777265738
gbm,5,337,-0.2928651659171891,-0.03860805022698352
gbm,5,338,-0.21192308292747547,0.03445008929075473
gbm,5,339,0.008382465767544381,0.08975662252240026
gbm,5,340,-0.08866918533508783,-0.002209529927976031
gbm,5,341,-0.07036881879895866,-0.0640818507577105
gbm,5,342,0.049866106522079165,0.07789256341961022
gbm,5,343,0.10424851805077336,0.10424851805077336
gbm,5,344,0.10741337026191446,0.15101851521499854
gbm,5,345,0.25657965799951027,0.2587567282607507
gbm,5,346,0.16113258730836744,0.16113258730836744
gbm,5,347,-0.16888125304884138,0.01395715326591064
gbm,5,348,0.08167412587157645,0.1281208262571371
gbm,5,349,-0.039216592429246605,-0.005811146702821818
gbm,5,350,0.05461080428512326,0.11576366357819347
gbm,5,351,0.089600455843606,0.13297230562785178
gbm,5,352,0.10483272447362595,0.14400647886234907
gbm,5,353,-0.05386129544807204,0.08154852146423568
gbm,5,354,0.0809144554035471,0.12058800726567671
gbm,5,355,0.18735601626914478,0.19707181251118794
gbm,5,356,0.001275044381332871,0.09295806781265424
gbm,5,357,-0.1982852270286395,0.056331566137417785
gbm,5,358,0.0877827226196856,0.15166733556796985
gbm,5,359,-0.19864811225138768,0.02958712048284383
gbm,5,360,0.0786773580726864,0.1295612750919936
gbm,5,361,-0.38840455735964513,-0.04304822083216445
gbm,5,362,-0.10662257696423964,0.027709011902427097
gbm,5,363,0.0020324803361723293,0.176013115496029
gbm,5,364,0.017025380175982388,0.07783736409188073
gbm,5,365,-0.3092732588761458,-0.2045610279852788
gbm,5,366,0.017916762662120125,0.14560964075369393
gbm,5,367,-0.21983026803019118,-0.0682235104089848
gbm,5,368,0.1547176294816523,0.1547176294816523
gbm,5,369,-0.17424046236065754,0.010458428189484184
gbm,5,370,-0.027895238263891495,0.0300847965340849
gbm,5,371,0.09997382283575691,0.09997382283575691
gbm,5,372,-0.07991897297886665,0.0926409311064051
gbm,5,373,-0.04206203914542045,0.08404335705066708
gbm,5,374,-0.01625805040189504,0.05063004433951411
gbm,5,375,-0.22632105878748396,-0.038487968499494735
gbm,5,376,0.05094889808683466,0.09962140177714517
gbm,5,377,0.06451187948185781,0.10154976036344433
gbm,5,378,0.10551268982633309,0.10551268982633309
gbm,5,379,-0.038387186923414,0.05950517330366349
gbm,5,380,-0.2167985758877608,0.07811170375777281
gbm,5,381,0.15062257253183575,0.15062257253183575
gbm,5,382,-0.22331313000710074,0.03293490128466138
gbm,5,383,0.062020608820429576,0.13187980222091017
gbm,5,384,-0.07712798719174924,-0.009766258112961806
gbm,5,385,-0.21381026514507856,-0.036857979546895056
gbm,5,386,0.03342375622598538,0.20189821997317103
gbm,5,387,-0.11894541523910476,-0.10216098965971186
gbm,5,388,-0.03668223330209308,0.0018748798715406967
gbm,5,389,0.07006377281026631,0.15854414911341902
gbm,5,390,-0.25383333074531755,0.016169048858499055
gbm,5,391,0.05588019985317989,0.07049538330408721
gbm,5,392,0.020115799110464835,0.0787510553225433
gbm,5,393,0.11569076492295273,0.1534157921273991
gbm,5,394,0.05933798648200388,0.10724638124382603
gbm,5,395,0.023417401612014346,0.11713994984369076
gbm,5,396,0.1372261046782362,0.1372261046782362
gbm,5,397,0.003932739185407416,0.08600036865430204
gbm,5,398,0.09190620805984522,0.09190620805984522
gbm,5,399,0.04029792083080384,0.11055374741234862
gbm,5,400,-0.10374399318335074,0.0028745126627784667
gbm,5,401,-0.02166920075347145,0.08162624995554775
gbm,5,402,0.054137208383916294,0.13179561408840224
gbm,5,403,-0.010703082271807204,0.08107912740708483
gbm,5,404,-0.1466771150532139,-0.03148817653417958
gbm,5,405,-0.2982891765777797,0.04683897823158588
gbm,5,406,0.09890407537988401,0.21035464345910992
gbm,5,407,0.2383467977304506,0.2383467977304506
gbm,5,408,0.11742618951223947,0.15292569865559047
gbm,5,409,-0.07741608976685407,0.06889603564805168
gbm,5,410,-0.03492218043086742,0.13647730351645931
gbm,5,411,-0.11205990991230669,0.08703106654746227
gbm,5,412,-0.18044256319936236,0.03575315749403067
gbm,5,413,0.07424643677738989,0.14902739625134714
gbm,5,414,-0.07843708153151063,0.07075365155675743
gbm,5,415,-0.0374855261593309,0.05701697330512724
gbm,5,416,-0.1244428095783792,0.07969380248623702
gbm,5,417,-0.1472229025498037,0.012079158882115429
gbm,5,418,-0.09953498792998591,0.06280282899745944
gbm,5,419,-0.12859067053373022,0.09911143190586182
gbm,5,420,0.08957155700209969,0.09877412851294078
gbm,5,421,-0.005321939291592789,0.0384505629136956
gbm,5,422,0.0218493243282898,0.06233962209868825
gbm,5,423,-0.09286469642424847,0.04909405921241204
gbm,5,424,0.016208759104420087,0.049972877799490265
gbm,5,425,-0.0006612201837693926,0.02724322407240555
gbm,5,426,0.0598047819286006,0.0598047819286006
gbm,5,427,0.010896907313028434,0.04828231671474535
gbm,5,428,-0.08241005855144087,-0.038419116705937006
gbm,5,429,-0.001818571568018415,0.05109627657202566
gbm,5,430,0.08588911840197637,0.09607473374718407
gbm,5,431,0.07750753503774767,0.11748663138143418
gbm,5,432,0.10057931956013201,0.10057931956013201
gbm,5,433,-0.01769062719890198,0.046733710989146485
gbm,5,434,0.06719966752897923,0.06719966752897923
gbm,5,435,0.04454903195886305,0.09529719219318931
gbm,5,436,0.06479759393915245,0.06479759393915245
gbm,5,437,0.14441213042385975,0.17325002007505558
gbm,5,438,0.018484664591097003,0.04997143798321803
gbm,5,439,0.17466217479666096,0.17466217479666096
gbm,5,440,-0.09211372994393689,0.11958497755750137
gbm,5,441,-0.06004177774028266,0.074820966406465
gbm,5,442,-0.26517849997286985,0.004021791831725033
gbm,5,443,-0.020446764583680527,0.008253505404560865
gbm,5,444,-0.10650260777404176,0.034465694719605325
gbm,5,445,-0.07212836271662224,0.1383513909948456
gbm,5,446,-0.033273592963435086,0.05032436210338094
gbm,5,447,0.06909468860789299,0.11871010381738402
gbm,5,448,-0.02924704810685763,0.0513117193406316
gbm,5,449,0.011346917732757963,0.08605927470205225
gbm,5,450,-0.05123307849967018,-0.05123307849967018
gbm,5,451,0.09160461329621346,0.10599936648189308
gbm,5,452,-0.09777315952938895,0.15340238706261533
gbm,5,453,-0.214853478124142,0.03943572582588721
gbm,5,454,0.10178948425653729,0.10972330757152245
gbm,5,455,-0.11705366728654679,0.0727335220709542
gbm,5,456,0.02772471092077282,0.15704568066325514
gbm,5,457,0.03529590180760077,0.15112506679796733
gbm,5,458,-0.035822208550104526,0.13529443048984685
gbm,5,459,-0.2732579863960339,0.01843063464593199
gbm,5,460,0.18682183069287572,0.18682183069287572
gbm,5,461,-0.11404673083403481,0.030999813323416045
gbm,5,462,-0.054717411940935656,0.04480876079621561
gbm,5,463,-0.26940414968474696,0.0117545542959938
gbm,5,464,0.006017574379173649,0.05344390744383508
gbm,5,465,0.038813008320022116,0.1279170374587707
gbm,5,466,0.1158019423725845,0.13855646858355847
gbm,5,467,0.0932090038110628,0.0932090038110628
gbm,5,468,0.08286907860463737,0.08428988333804442
gbm,5,469,-0.012953512935168401,0.02799677410765801
gbm,5,470,-0.017689078964042704,0.0461253556632356
gbm,5,471,0.13716005336867115,0.13716005336867115
gbm,5,472,-0.1335039030523555,0.07998260843953793
gbm,5,473,-0.0849520251334637,0.04035886374617677
gbm,5,474,0.072411861446512,0.1828355613401113
gbm,5,475,-0.13835515809995028,-0.01562769323883198
gbm,5,476,0.06693035450598238,0.0750487960241751
gbm,5,477,0.19488968131470225,0.21908288121675445
gbm,5,478,-0.060778148215025266,0.04716485079944728
gbm,5,479,-0.08934458438954868,-0.0702059484826866
gbm,5,480,0.1311681274093518,0.23315128074935343
gbm,5,481,0.001991947023236962,0.095936371423283
gbm,5,482,0.11270711935688262,0.15834767622549895
gbm,5,483,-0.08500912499536944,0.034778593032089536
gbm,5,484,0.05830584240857904,0.07718856546477808
gbm,5,485,-0.0005299983210330511,0.0655142697016289
gbm,5,486,0.15126049193149305,0.15126049193149305
gbm,5,487,-0.016507738652320872,0.07900141332753495
gbm,5,488,0.00361597771068331,0.11817258182788111
gbm,5,489,0.1074270009149954,0.13102019243027846
gbm,5,490,-0.27663769870172195,-0.0032407384798089772
gbm,5,491,0.07214119926647057,0.12037661356986958
gbm,5,492,0.0242013454649624,0.14038005350237248
gbm,5,493,0.1132091970144856,0.13480166191080778
gbm,5,494,-0.2041168978239583,0.05505850360408425
gbm,5,495,0.13831756045404714,0.1778853132388774
gbm,5,496,0.01123414021761189,0.12941756264087262
gbm,5,497,0.021081293895670025,0.0676500558975247
gbm,5,498,-0.24198563647360727,0.0013181658360032072
gbm,5,499,-0.09269038758939871,0.03418550422475099
gbm,5,500,0.0611661647547027,0.1414747096026432
gbm,5,501,0.03797072145085685,0.11010207377373891
gbm,5,502,-0.09309653047357341,-0.021657920734471578
gbm,5,503,0.09119142953731345,0.09119142953731345
gbm,5,504,-0.027651117317370355,0.16682236466650013
gbm,5,505,-0.07349405988517939,0.0631054168275861
gbm,5,506,0.100811812626882,0.10180263714161093
gbm,5,507,-0.11006164074300126,0.061397020034682295
gbm,5,508,-0.009174433458922812,0.016466679427634898
gbm,5,509,-0.10338387689623642,-0.054750546934903374
gbm,5,510,0.0949784228849216,0.16565251118193902
gbm,5,511,-0.23415383568204612,-0.05013697101733919
gbm,5,512,-0.13792875124962078,0.02077717442507647
gbm,5,513,-0.3001246423028343,0.006604374420098452
gbm,5,514,0.05640489034083866,0.05640489034083866
gbm,5,515,-0.0248979423785695,0.029816381887203883
gbm,5,516,0.11053239085401163,0.18884381384403615
gbm,5,517,-0.0515079275688176,0.03476575510638637
gbm,5,518,-0.1593146345693729,0.1550234290727256
gbm,5,519,0.12887896715498764,0.14971044998837202
gbm,5,520,-0.3051659507549205,-0.10013889416454863
gbm,5,521,0.0229511688313752,0.07334088936358223
gbm,5,522,0.13310495403538386,0.22458932612269294
gbm,5,523,-0.0007166592229494867,0.0550420482369751
gbm,5,524,0.1322559169199975,0.1322559169199975
gbm,5,525,-0.06723252194364368,0.018617051809423177
gbm,5,526,0.08417061914740644,0.17373018173581434
gbm,5,527,0.10349803693025643,0.13046617331839222
gbm,5,528,-0.24284950800801508,0.06566814113064436
gbm,5,529,-0.11107271627205048,0.05594704459967402
gbm,5,530,0.07381237327851116,0.10507134939657979
gbm,5,531,0.009351845957196167,0.057438272265220844
gbm,5,532,-0.25104271950321305,-0.15526632520845535
gbm,5,533,-0.16514737979277958,0.06952133086949568
gbm,5,534,0.06726858019658828,0.06726858019658828
gbm,5,535,0.08726699949447984,0.102827022568156
gbm,5,536,-0.24617102636624705,-0.07475953739239496
gbm,5,537,-0.15735513221909858,0.22955173835250492
gbm,5,538,0.15045376259820314,0.1788720102519732
gbm,5,539,-0.07749354955154959,-0.03407384763065245
gbm,5,540,0.17488410191203968,0.26437056265562187
gbm,5,541,0.17842750802861973,0.17842750802861973
gbm,5,542,-0.07518082262502268,-0.01045047571945329
gbm,5,543,0.01676950078342944,0.028127164305892696
gbm,5,544,0.03056782514792912,0.1249467444799363
gbm,5,545,-0.1733519172872758,-0.06210012106967683
gbm,5,546,0.0720781173778068,0.09466144983733239
gbm,5,547,0.05937224443858784,0.05937224443858784
gbm,5,548,-0.06425950299048108,0.06964747509913356
gbm,5,549,-0.23073363135985592,0.046117636878128906
gbm,5,550,-0.014341066417782988,0.13745394874428024
gbm,5,551,0.14249878994031223,0.2529828888598113
gbm,5,552,-0.02865277182458889,0.10968936409442163
gbm,5,553,0.12081479683545744,0.1239805159381926
gbm,5,554,0.004800895981739023,0.05032191980204927
gbm,5,555,0.21063944507219268,0.21063944507219268
gbm,5,556,0.27045099679638385,0.27045099679638385
gbm,5,557,-0.11936516542094626,0.035050831375128225
gbm,5,558,-0.07145793195359602,0.0032812388884061183
gbm,5,559,-0.0026806354052014286,0.08047529634937887
gbm,5,560,0.09168603740856164,0.151543336261465
gbm,5,561,0.08809729151209945,0.1615060241889163
gbm,5,562,-0.054720878387186894,0.07139631570523418
gbm,5,563,0.19133742054086395,0.22820611709841743
gbm,5,564,0.12268778907143578,0.12268778907143578
gbm,5,565,-0.0036289341634061917,0.05697299692136225
gbm,5,566,-0.19237508528913,0.023147458494778853
gbm,5,567,-0.1330620411411534,0.05528944714426752
gbm,5,568,-0.00046962626344496106,0.03248516432510802
gbm,5,569,0.09280621142253843,0.13422039482051729
gbm,5,570,0.15885338008636224,0.15885338008636224
gbm,5,571,0.14791537922598685,0.1606780780854501
gbm,5,572,-0.10371578837830503,0.04843188801371913
gbm,5,573,0.04107398808991315,0.08973853849494827
gbm,5,574,-0.01658445347638647,0.031716643950065807
gbm,5,575,0.007771551037863714,0.016292906758194628
gbm,5,576,-0.10421343333722313,0.0347880686403821
gbm,5,577,0.0872401154561356,0.0872401154561356
gbm,5,578,0.13781584151889864,0.17119113897498867
gbm,5,579,0.14808532820133752,0.14808532820133752
gbm,5,580,-0.01276400075893315,-0.01276400075893315
gbm,5,581,0.07631134759297704,0.19869465834898864
gbm,5,582,-0.07926677192900194,-0.011401556050978201
gbm,5,583,-0.05537038899510543,0.11084411600527601
gbm,5,584,0.039594343458083534,0.055539454158759785
gbm,5,585,0.013416954965051839,0.10181124154235736
gbm,5,586,-0.003282908519030042,0.007895930456312053
gbm,5,587,-0.19207725398788084,-0.021443728537159354
gbm,5,588,0.0913757489582488,0.15540956677411966
gbm,5,589,0.0061410833858588365,0.18640377286022092
gbm,5,590,0.08546886713507264,0.16573272597291466
gbm,5,591,0.019004848680680822,0.07817028026439084
gbm,5,592,-0.029130303743835698,0.11889951751223886
gbm,5,593,0.021861014833715095,0.07231621945153612
gbm,5,594,0.10730491202456625,0.1666713009952932
gbm,5,595,-0.06902566902577412,0.10099990792616699
gbm,5,596,-0.25538077175468726,0.02286262760249695
gbm,5,597,-0.17597344029575948,0.05937203432346887
gbm,5,598,-0.10289260632000745,-0.06183003477869107
gbm,5,599,0.14615131994987057,0.14983489029431452
gbm,5,600,0.11431047982535066,0.1823285689738826
gbm,5,601,0.11430097505560084,0.18136898489289238
gbm,5,602,-0.045555345194776234,0.050569286451396314
gbm,5,603,0.1312039449864021,0.1847424763652853
gbm,5,604,-0.014448207298550661,0.046936745483637285
gbm,5,605,-0.06387491910450557,0.05602478224984751
gbm,5,606,0.2277438998558559,0.2277438998558559
gbm,5,607,0.04040140976665392,0.09300614536074354
gbm,5,608,-0.0015673665234221534,0.057258386258787056
gbm,5,609,0.09720895295159433,0.1343095571775303
gbm,5,610,-0.04926531144974047,0.055864934091378646
gbm,5,611,-0.10443075645975089,0.014171432424220018
gbm,5,612,0.06965153655006136,0.10259518044368147
gbm,5,613,0.04386184525108629,0.19676118118534824
gbm,5,614,0.04529332407115648,0.05984522789506548
gbm,5,615,-0.03863016424892052,0.03518977868789526
gbm,5,616,-0.14824803485609003,0.10578896307765766
gbm,5,617,-0.018215012121591184,0.05285439011271097
gbm,5,618,0.022381615230217602,0.04172760279587058
gbm,5,619,0.03274519111727399,0.13550364457997083
gbm,5,620,-0.08739796724110208,0.03758562710806039
gbm,5,621,-0.12288835746686262,0.08826030101022468
gbm,5,622,0.053124687733723266,0.05323464431586204
gbm,5,623,0.056739812925517816,0.056739812925517816
gbm,5,624,0.13598455231684536,0.13598455231684536
gbm,5,625,0.0484701419100876,0.12784838607799798
gbm,5,626,0.09822675651010469,0.1338556221969574
gbm,5,627,0.10658453153310642,0.17098829150996775
gbm,5,628,-0.2046814200881848,0.022953099759718806
gbm,5,629,0.04417931904063559,0.05591349639560057
gbm,5,630,-0.19610808155828743,-0.02252885434358308
gbm,5,631,-0.16824943479545745,0.0819600158387503
gbm,5,632,0.14816750922116262,0.14816750922116262
gbm,5,633,-0.004642938062376478,-0.0027262824974321337
gbm,5,634,0.005970335244416161,0.09744148429631651
gbm,5,635,0.023455536577987976,0.09256135693632016
gbm,5,636,0.039804204714796385,0.10730189202619068
gbm,5,637,-0.30515016420497226,-0.08659148427200547
gbm,5,638,-0.01401648401554964,0.056113730923247465
gbm,5,639,-0.024527560885871047,-0.004810407080024809
gbm,5,640,0.03878995648561735,0.0671853583752594
gbm,5,641,0.02580572954378317,0.03329556069977309
gbm,5,642,0.013355359345477838,0.05784838649562869
gbm,5,643,-0.14217841833417494,0.12134993322492417
gbm,5,644,-0.10821136455681675,0.014043787174563768
gbm,5,645,-0.11203981750615015,0.048943147616072755
gbm,5,646,-0.07364182093520207,0.039192932323194304
gbm,5,647,-0.20859950248565745,-0.06272354120453358
gbm,5,648,-0.15432944946622598,0.030970546690822873
gbm,5,649,-0.0031287181389308694,0.00923855436064984
gbm,5,650,-0.024528868209163418,0.033288009388560455
gbm,5,651,0.01966762394879938,0.0830367204275491
gbm,5,652,-0.10198680003537149,0.045752985936873505
gbm,5,653,0.2386399404341596,0.2386399404341596
gbm,5,654,-0.18709708503761907,-0.010777821072560798
gbm,5,655,0.07696231163518348,0.11291981664999039
gbm,5,656,0.02449568464976691,0.09113034905463861
gbm,5,657,0.06375245304639944,0.07468941136314163
gbm,5,658,0.02981635945849144,0.08726636071127104
gbm,5,659,0.001200740082157023,0.07639453153428623
gbm,5,660,0.10262768088165826,0.1572198460675292
gbm,5,661,-0.13409419204762776,0.04609149374785583
gbm,5,662,-0.06893714779146866,0.005989137805667719
gbm,5,663,-0.14604173873099396,0.04401798970246289
gbm,5,664,-0.12608336679927346,0.03663970727845105
gbm,5,665,0.06795631449014199,0.11679837955857518
gbm,5,666,-0.057706947706679404,0.08783930872609437
gbm,5,667,0.03769159904172219,0.10467528179930445
gbm,5,668,0.0756536817595219,0.10544020936462743
gbm,5,669,0.05916956357870763,0.05916956357870763
gbm,5,670,0.05073226902468418,0.142048605728325
gbm,5,671,-0.06421979934945063,0.11093832911114664
gbm,5,672,-0.1909513334581464,0.07855206102930241
gbm,5,673,-0.20444803564563924,0.02690750884631972
gbm,5,674,-0.09177934103544985,0.09533836149490572
gbm,5,675,-0.2386839988960902,-0.09729781685712525
gbm,5,676,0.1486280979017477,0.1486280979017477
gbm,5,677,0.036179394399445855,0.19899726733939516
gbm,5,678,-0.06417494122631637,0.03127916801975249
gbm,5,679,-0.05054630234162692,0.08323006535815715
gbm,5,680,-0.06208220445145429,-0.014396350173019018
gbm,5,681,-0.21413248137772795,-0.01700697816407762
gbm,5,682,0.09968061599723511,0.17714031027195482
gbm,5,683,0.029248561311425156,0.0620949516975748
gbm,5,684,0.035136578486646405,0.11370050501148528
gbm,5,685,-0.1658946281578026,0.06617921754034127
gbm,5,686,-0.2807118141658728,-0.0008438889148894985
gbm,5,687,0.05440637788817661,0.05440637788817661
gbm,5,688,0.050276564817715766,0.16731019016844495
gbm,5,689,0.06339349073372445,0.07169579092659108
gbm,5,690,0.22858718968670716,0.2893919772921178
gbm,5,691,-0.10803554606551631,-0.014013054477454281
gbm,5,692,-0.024009079727785,0.015440148955842184
gbm,5,693,-0.11093394581692996,0.037190102490226626
gbm,5,694,-0.02367471192140802,0.030965371139338102
gbm,5,695,-0.0866081456700604,0.069405095244307
gbm,5,696,-0.027761636604446735,0.12469211317945232
gbm,5,697,-0.08985393422551377,0.0568383178982486
gbm,5,698,-0.09584495361448325,0.03751270335430655
gbm,5,699,-0.08869193302332387,0.09093770918679676
gbm,5,700,-0.18177971401543058,0.09962056068311699
gbm,5,701,-0.09108509987887879,0.08442116680910376
gbm,5,702,-0.12039784402671612,-0.03168377895236878
gbm,5,703,0.058312896985427284,0.14511162542583456
gbm,5,704,-0.015277844107656854,0.04627634801679413
gbm,5,705,-0.07472904298083546,0.22364761412123513
gbm,5,706,0.11218886812707314,0.18798572338540903
gbm,5,707,0.20125766713756305,0.23175526334826402
gbm,5,708,0.12811469314798374,0.12811469314798374
gbm,5,709,-0.13342868877804595,0.01174258587669004
gbm,5,710,0.08758426104916743,0.1560622640873659
gbm,5,711,0.08312234638071765,0.16640808546254632
gbm,5,712,-0.26764144886979024,-0.01788395501332031
gbm,5,713,0.05218056830514313,0.14224277109563144
gbm,5,714,-0.3756976578671768,0.01769544087997614
gbm,5,715,0.28118097554288896,0.28118097554288896
gbm,5,716,-0.16482891845637906,0.09750330370554651
gbm,5,717,-0.055180316913058025,0.06741669286625966
gbm,5,718,0.055169763998789964,0.11220548672377746
gbm,5,719,-0.13793942624330194,0.019269570500851943
gbm,5,720,-0.020862646139127597,0.10029522115183971
gbm,5,721,-0.10647455171255055,0.0025123364444443602
gbm,5,722,0.03021791670603248,0.057762906792020965
gbm,5,723,-0.23469816850095654,-0.04601984452521343
gbm,5,724,-0.19427276258405102,-0.11198554949537447
gbm,5,725,-0.200289236589978,-0.1281108120201895
gbm,5,726,-0.16742714022718158,0.0027694508530014816
gbm,5,727,-0.09731510326535392,0.01107923654584407
gbm,5,728,0.01722798801718066,0.09147120055401088
gbm,5,729,0.017216358818522806,0.04412943807222684
gbm,5,730,-0.13817903298727635,0.1873547384322417
gbm,5,731,0.014557690098305029,0.014557690098305029
gbm,5,732,-0.007042109221324977,0.03516711107855132
gbm,5,733,-0.010511314018001747,0.0776803161370457
gbm,5,734,0.13459818886686858,0.13459818886686858
gbm,5,735,0.11725100673900045,0.11725100673900045
gbm,5,736,-0.0016360882425367623,0.12153136255032986
gbm,5,737,-0.02742490955936261,0.052901956260277785
gbm,5,738,0.056599307864404605,0.13758313732267785
gbm,5,739,0.03389112630396786,0.03389112630396786
gbm,5,740,-0.013263354099880859,0.048170715967024644
gbm,5,741,0.06074955126834054,0.14758106904897095
gbm,5,742,0.0016653322903882467,0.16956359107829616
gbm,5,743,-0.14387691028178315,0.0971522883067293
gbm,5,744,-0.06847132330300265,0.023232194662371933
gbm,5,745,-0.060509429131826345,0.06046583358302314
gbm,5,746,-0.06842491328191154,0.024251924858223625
gbm,5,747,-0.23797743233086155,0.006411699683519068
gbm,5,748,0.1564866416781857,0.23322291200856293
gbm,5,749,-0.06585543683124427,0.02421664817684778
gbm,5,750,-0.007765607818818326,0.053725599451568615
gbm,5,751,0.019839778987656972,0.09589357516673254
gbm,5,752,-0.07651875383867626,-0.01546680176907353
gbm,5,753,-0.006635982966573875,0.0693976929240885
gbm,5,754,-0.007470710427484567,0.09629945194582078
gbm,5,755,-0.19652506852695079,-0.04952619898226242
gbm,5,756,-0.21737012355965477,0.12135598591969567
gbm,5,757,-0.015484079568008707,0.04356157039317739
gbm,5,758,-0.3178974861548622,0.0037276057260941103
gbm,5,759,-0.025329451404880604,0.053112778409803815
gbm,5,760,-0.02718237298736645,0.008083092024098862
gbm,5,761,-0.11364003053939091,0.05608303675297287
gbm,5,762,-0.21056704804014162,0.021342031045039025
gbm,5,763,-0.004631761993938374,0.25094993264801657
gbm,5,764,0.030342915598964362,0.051901659295290656
gbm,5,765,-0.1413716256626593,0.09357929599325975
gbm,5,766,0.022508642624609956,0.039747667596649786
gbm,5,767,-0.12378425192038629,0.08862987642557112
gbm,5,768,-0.04105714479203157,0.06551124337421173
gbm,5,769,0.06224369802197845,0.07380347875864539
gbm,5,770,0.07752044371406998,0.11450808383057569
gbm,5,771,-0.11917233870980444,0.03357274562221811
gbm,5,772,-0.11201595288733189,0.015990162209987405
gbm,5,773,-0.13977234188259136,0.030175114609031953
gbm,5,774,-0.03373790516251049,0.040343506022711986
gbm,5,775,-0.06904308023722014,0.09795884630014536
gbm,5,776,-0.1338542087277973,0.06096667640757726
gbm,5,777,0.001202697338947012,0.15393625659152693
gbm,5,778,-0.07395849271791707,0.09817374138197556
gbm,5,779,0.047504915711824205,0.047504915711824205
gbm,5,780,0.15026921724283215,0.15026921724283215
gbm,5,781,-0.08959821198581125,-0.06572032639329906
gbm,5,782,-0.2923853401683161,-0.15104050319860005
gbm,5,783,0.05440631297746186,0.09833198067476863
gbm,5,784,0.014131926115849555,0.07098106810508108
gbm,5,785,0.047012030313285866,0.06725641860770941
gbm,5,786,0.06258622967355353,0.14105351411471473
gbm,5,787,-0.13625153010044258,0.09053296621806216
gbm,5,788,0.06687896531968031,0.13919724929464056
gbm,5,789,0.07545898840721875,0.18526390863403913
gbm,5,790,-0.040919984522442915,0.06603314363816139
gbm,5,791,-0.18484411090107508,0.01488972944466159
gbm,5,792,-0.09889183452565821,0.06755188366167632
gbm,5,793,-0.020591314437314323,0.058615954104079174
gbm,5,794,-0.15679364999923817,-0.01609390642043003
gbm,5,795,-0.12825848518139776,0.11959388360792815
gbm,5,796,-0.003965786640676844,0.04685976170283486
gbm,5,797,-0.05237489273115453,0.031806977394998145
gbm,5,798,-0.14771469164130743,-0.0078748854058662
gbm,5,799,0.01288167414021478,0.0691814032103137
gbm,5,800,-0.05720863733385793,0.07729252347617051
gbm,5,801,-0.36840150193771054,-0.004111598435330571
gbm,5,802,0.0802582377345477,0.09846875002386958
gbm,5,803,0.16098219303768746,0.16794271264962307
gbm,5,804,0.09133532931795098,0.14481269190188512
gbm,5,805,0.07225511970547742,0.1608485460507778
gbm,5,806,0.16642900483354411,0.16642900483354411
gbm,5,807,0.002792715021296882,0.06139422916969285
gbm,5,808,0.06205503346447193,0.07303048206717462
gbm,5,809,-0.00548973370705301,0.10996785535842803
gbm,5,810,0.03732216191568137,0.11538644549674441
gbm,5,811,-0.02709281375772274,0.018032426307977426
gbm,5,812,0.14925460658261175,0.17899021038845236
gbm,5,813,-0.31780752903673365,-0.045847197652754565
gbm,5,814,-0.24660807577687605,-0.029486665384185456
gbm,5,815,0.07900274646934709,0.11468876799369963
gbm,5,816,-0.09024288110655151,0.023853389912955644
gbm,5,817,0.16081668455106463,0.252168724744434
gbm,5,818,-0.09133645792230609,0.06743377153276013
gbm,5,819,-0.15645838488761554,0.02687744006169894
gbm,5,820,0.09678443490874088,0.09678443490874088
gbm,5,821,0.007481454711329452,0.007481454711329452
gbm,5,822,0.12021560507449618,0.13202452367983586
gbm,5,823,0.01440411254702538,0.12351725348544533
gbm,5,824,-0.2944890477066363,-0.07094373715043602
gbm,5,825,-0.011718764215645758,0.0946329166640162
gbm,5,826,-0.1592352174269197,-0.018027715559749177
gbm,5,827,-0.08184921422538519,0.057608385978141594
gbm,5,828,-0.17287005660813662,0.05759665536938412
gbm,5,829,-0.1840114964107435,-0.022189341448073552
gbm,5,830,0.10404649555970337,0.2054370381337136
gbm,5,831,0.03631948625210228,0.06719342125487639
gbm,5,832,0.09388456808672789,0.11748854918286909
gbm,5,833,0.010327513985135109,0.053770036768266125
gbm,5,834,0.027037143223554785,0.027037143223554785
gbm,5,835,-0.016157309223384847,0.07737209469256652
gbm,5,836,-0.02456712490854618,0.0318449089626459
gbm,5,837,-0.06354165885535207,0.04954122108593391
gbm,5,838,0.1532920933601557,0.20047577599321403
gbm,5,839,0.07569836560956238,0.07569836560956238
gbm,5,840,-0.09879119551870146,0.05509759502468904
gbm,5,841,-0.13281838792169828,-0.002223474882648263
gbm,5,842,0.3696036213233209,0.3696036213233209
gbm,5,843,0.019579287833671896,0.019579287833671896
gbm,5,844,-0.2202537418127532,0.009177265329214465
gbm,5,845,-0.08123975111320275,0.06491075837174066
gbm,5,846,0.0323184705668393,0.10548729550354587
gbm,5,847,-0.06066291945811822,0.11434329533345135
gbm,5,848,-0.04254830009309536,0.07161488395550068
gbm,5,849,-0.0327430994430814,0.026956381405164473
gbm,5,850,-0.03870312558709077,0.06259510690994131
gbm,5,851,0.07928263166580928,0.17039095947049038
gbm,5,852,0.11353146649664785,0.125812619236579
gbm,5,853,0.15754971737043777,0.17450353383080736
gbm,5,854,-0.13884347626160543,-0.05107219748204417
gbm,5,855,-0.1657489368413831,-0.0036630720726719412
gbm,5,856,0.12914610986304403,0.15493960570387516
gbm,5,857,-0.0165806912520797,0.09953946829524317
gbm,5,858,-0.0777855402802293,0.04563444401706969
gbm,5,859,-0.16990975886186016,-0.009415862423500357
gbm,5,860,-0.01066134760021116,0.0020220401977576047
gbm,5,861,-0.012346867463963282,0.12114605005880104
gbm,5,862,-0.06077664431376512,0.08985034615121494
gbm,5,863,-0.019366440233644935,0.0030686975291351476
gbm,5,864,-0.002572119548121213,0.08868998282950706
gbm,5,865,0.04688386952980016,0.12330847291768242
gbm,5,866,-0.0325967670644528,0.09771838081165153
gbm,5,867,0.03188521614006197,0.13912754784630194
gbm,5,868,-0.08647659236546876,0.0096578883129856
gbm,5,869,-0.19421514515864832,0.07543682851083579
gbm,5,870,0.20542430435612313,0.2470721779875511
gbm,5,871,0.022774804635219484,0.1116023944480481
gbm,5,872,0.074122965561619,0.07514708455104703
gbm,5,873,-0.17484020893373944,0.09665687397034865
gbm,5,874,-0.13978457741689307,-0.04222767722160574
gbm,5,875,0.14775142105936573,0.19553942400842106
gbm,5,876,-0.07869182026208749,-0.01184622983002051
gbm,5,877,0.10617429736342594,0.17845041364689296
gbm,5,878,0.032687977765903445,0.13711316563779508
gbm,5,879,-0.05660509167695425,0.053479048124659714
gbm,5,880,-0.011470205676337095,0.06111651560315341
gbm,5,881,0.11602825813087204,0.14861714872560516
gbm,5,882,-0.07112245869346728,0.1133006735638228
gbm,5,883,-0.12110462489454413,-0.014191263688350497
gbm,5,884,-0.015654489469616645,0.05844781793050287
gbm,5,885,0.013127492668777344,0.16154941400954642
gbm,5,886,0.027355773204567155,0.10162834614972278
gbm,5,887,0.16030638108338036,0.16030638108338036
gbm,5,888,0.03426722757810981,0.086182045975975
gbm,5,889,-0.1634734485818691,0.0791630461245633
gbm,5,890,-0.05107158405198274,0.03579639590422594
gbm,5,891,-0.115659060697867,-0.05020418780667664
gbm,5,892,-0.002776088078552924,0.02829937820687163
gbm,5,893,-0.1604320974754359,0.05564196704748313
gbm,5,894,-0.17512687063606533,0.05490513708943563
gbm,5,895,-0.15646582500242423,-0.0363649130806281
gbm,5,896,-0.09373149866123735,0.05852827266914547
gbm,5,897,-0.2769563770936444,-0.004564318180173138
gbm,5,898,-0.0018975051376667884,0.12862513287579813
gbm,5,899,0.05318078907017178,0.1282465498688094
gbm,5,900,0.0063890449667801524,0.11102701284177673
gbm,5,901,0.05309751021231192,0.13930005687711167
gbm,5,902,-0.04012829460442997,0.1515721350115073
gbm,5,903,0.05610887273085956,0.08050437320669197
gbm,5,904,0.08289014894581336,0.1344697573135411
gbm,5,905,-0.04150091999782039,0.1018505467381083
gbm,5,906,-0.04412754578017258,-0.004806827489161072
gbm,5,907,0.015052787062856662,0.06324164787331953
gbm,5,908,-0.24589924152542725,-0.12078068407187352
gbm,5,909,0.019268127719263214,0.15020964199058928
gbm,5,910,-0.29262165188569506,-0.019108866950856437
gbm,5,911,-0.35983732546935254,-0.044452775728384644
gbm,5,912,0.2832124355280377,0.2832124355280377
gbm,5,913,0.0856869537021832,0.1096979452124452
gbm,5,914,0.06017566124479641,0.18006190416910367
gbm,5,915,0.00876196993308069,0.03534116493226845
gbm,5,916,0.038074859594357954,0.10006919511108574
gbm,5,917,-0.019471766346772487,0.14830317142770388
gbm,5,918,0.05406726787937789,0.06179884957740177
gbm,5,919,0.02300198836042895,0.09561476165352566
gbm,5,920,-0.00017874962980189701,0.05113641660507341
gbm,5,921,-0.03162933700719116,0.043988635306287646
gbm,5,922,0.18337831435697188,0.20267159036511012
gbm,5,923,-0.23739718181015423,0.027818717264853285
gbm,5,924,0.023139925891474164,0.06804138620699123
gbm,5,925,-0.00598724975411824,0.07778079613819024
gbm,5,926,-0.006742764700779988,0.17245640517398736
gbm,5,927,0.03565336602847284,0.15641491972736993
gbm,5,928,0.0620050099830345,0.11761410601132348
gbm,5,929,0.0985746747873691,0.0985746747873691
gbm,5,930,-0.1683772197095456,0.05445158849852412
gbm,5,931,-0.028325706694324743,0.017024377867072324
gbm,5,932,0.1001051452451988,0.1260172109483188
gbm,5,933,0.046343945076289736,0.09902242596412118
gbm,5,934,0.05652634241912265,0.05652634241912265
gbm,5,935,0.0866318913950853,0.13911065711907006
gbm,5,936,0.04846785293889959,0.10762846666181865
gbm,5,937,-0.22252331143301624,-0.0987435412082643
gbm,5,938,0.1412887514887448,0.16504702632023133
gbm,5,939,0.1552991310601191,0.18901534776467915
gbm,5,940,-0.07552028274914344,0.09443841285428918
gbm,5,941,-0.1858136719486682,0.04868090808872423
gbm,5,942,0.05774561389938897,0.07419472634222231
gbm,5,943,-0.29402144770666444,-0.007618011518160939
gbm,5,944,0.07027509947570153,0.18689116817157625
gbm,5,945,-0.020824414547916642,-0.013402565258376478
gbm,5,946,0.034987207032184955,0.060186236836033816
gbm,5,947,0.0023724985231406287,0.04792369510714607
gbm,5,948,0.05906133304930476,0.10084836451589381
gbm,5,949,0.027456921689495692,0.10608564494980353
gbm,5,950,0.061034046609451706,0.09619053363654882
gbm,5,951,0.06678519376196242,0.12165031089079696
gbm,5,952,0.09947284718436415,0.15878726188955705
gbm,5,953,0.07465783190978102,0.13217176872144687
gbm,5,954,-0.22182777939559473,-0.10444897812044109
gbm,5,955,0.05876972788851752,0.05876972788851752
gbm,5,956,-0.23063699270872706,-0.0035601942778757945
gbm,5,957,-0.11446515048847686,-0.0041712047854674805
gbm,5,958,0.0583294926491917,0.07989540939464167
gbm,5,959,0.09837107023209006,0.09837107023209006
gbm,5,960,0.045779766613726056,0.08018652275041734
gbm,5,961,-0.23229814740246743,0.02066068846227974
gbm,5,962,0.07834280913087809,0.10031459022439386
gbm,5,963,-0.018523038427032457,0.13721131219775556
gbm,5,964,-0.032889793723875294,0.038191972884865574
gbm,5,965,0.12727416289631255,0.15309881677540327
gbm,5,966,0.00841690146440617,0.05483986464481867
gbm,5,967,-0.06404939591011716,0.05054733670611443
gbm,5,968,0.005301777253650539,0.06638158796686651
gbm,5,969,0.0006205082312703697,0.0006205082312703697
gbm,5,970,-0.27693521509947894,-0.028851248822851783
gbm,5,971,0.01659016220892616,0.028459399179280434
gbm,5,972,-0.1924067262977891,-0.06825020173298849
gbm,5,973,-0.08623526827093331,0.07659041081874608
gbm,5,974,0.1044027883086079,0.12268798719580894
gbm,5,975,0.09742332177831524,0.13557873385968328
gbm,5,976,-0.05467490955542237,0.06296890480435442
gbm,5,977,0.21292340894046702,0.3968549947077503
gbm,5,978,0.00721620067868696,0.07425658791733093
gbm,5,979,-0.29138959548929,-0.12278086974910338
gbm,5,980,-0.07377245649922028,0.09551996727780383
gbm,5,981,-0.03569800807695979,0.13207124205437937
gbm,5,982,0.05737384440740066,0.05737384440740066
gbm,5,983,0.042939574005439615,0.11197453722482835
gbm,5,984,0.04974603553690231,0.12669913895613527
gbm,5,985,0.09123180819006109,0.1140872867426521
gbm,5,986,-0.17704383556838962,0.1406853780566933
gbm,5,987,0.1478023131288977,0.1478023131288977
gbm,5,988,0.1000532381165538,0.19390388643131723
gbm,5,989,0.025424738312988984,0.0823606388760368
gbm,5,990,0.052656689207509835,0.12839383725788195
gbm,5,991,-0.008536731555000718,0.00578635372041289
gbm,5,992,-0.16431595775999142,0.02177029298571119
gbm,5,993,-0.14528791342776132,0.04214545842437602
gbm,5,994,0.02303027785741961,0.03362506825633875
gbm,5,995,-0.02306008930923832,0.07808964411918777
gbm,5,996,-0.0008366986502157947,0.1924200131836893
gbm,5,997,-0.19792606417480457,0.05634316041832611
gbm,5,998,-0.11277799044353475,0.1303732656288064
gbm,5,999,0.07755426998524927,0.07755426998524927
gbm,5,1000,-0.04319237904222763,0.12207140065113485
gbm,5,1001,-0.028513774446475904,0.06906913355493886
gbm,5,1002,-0.08797299534718189,-0.0206951542379384
gbm,5,1003,0.08140974783290326,0.14793519182618353
gbm,5,1004,-0.281609152017205,-0.009041524618142047
gbm,5,1005,-0.2599964198147521,-0.09434517596127108
gbm,5,1006,-0.06028241038413701,0.17375274189960221
gbm,5,1007,-0.2549157497851959,0.08127522299020078
gbm,5,1008,0.1350018760839103,0.1350018760839103
gbm,5,1009,-0.038217300640299545,0.046041909945147355
gbm,5,1010,-0.27151996726064637,-0.07761228767065464
gbm,5,1011,-0.2604309433942785,-0.006668837676853209
gbm,5,1012,-0.1334832874500825,0.04611688149924441
gbm,5,1013,-0.025828077762465748,0.03432951389042983
gbm,5,1014,-0.2564444547382586,-0.009267660816154669
gbm,5,1015,0.06030244700944275,0.12337570928455331
gbm,5,1016,0.05745872439672685,0.0721454316011406
gbm,5,1017,0.11902113027446014,0.15196664428988538
gbm,5,1018,-0.05573737554179297,0.07789004563307776
gbm,5,1019,0.03299061920995021,0.14777991886949382
gbm,5,1020,-0.002337198365971585,0.19763965418841167
gbm,5,1021,-0.023862289391176933,0.04430683340813289
gbm,5,1022,0.2241593443886022,0.2241593443886022
gbm,5,1023,0.06040009521269431,0.08897094072473467
gbm,5,1024,-0.18926285616286448,0.022265249053962113
gbm,5,1025,0.10266984371888564,0.10266984371888564
gbm,5,1026,0.03152077559064918,0.0641747688212508
gbm,5,1027,-0.024333590654200515,0.20391973393358714
gbm,5,1028,0.1661891328935189,0.17628661549443247
gbm,5,1029,-0.24467990210710833,0.04346572793688992
gbm,5,1030,-0.08772811162601443,0.02144344150527315
gbm,5,1031,-0.05667503679395736,-0.024825467690033756
gbm,5,1032,-0.20324750638128922,0.004202200404472195
gbm,5,1033,0.05135286538169377,0.13752590478085125
gbm,5,1034,0.023225156724232407,0.07588579708503955
gbm,5,1035,0.0821322092125598,0.21449226988084602
gbm,5,1036,-0.44098526760334555,-0.019755936028549845
gbm,5,1037,0.027240931538736038,0.09270189336042213
gbm,5,1038,0.026019568654092926,0.05585075059949325
gbm,5,1039,0.08784814770876816,0.08784814770876816
gbm,5,1040,-0.0947315711930513,0.04572421863708721
gbm,5,1041,-0.10533050926362587,-0.04524353661684549
gbm,5,1042,0.008853598481728939,0.01396925119017671
gbm,5,1043,-0.030543839762289582,0.0382858019279642
gbm,5,1044,-0.04779837203121795,0.04903753315207336
gbm,5,1045,0.10249076673866415,0.1086058767503592
gbm,5,1046,-0.0057426847657258695,0.020858574616935063
gbm,5,1047,0.11262252455690662,0.18655469640763644
gbm,5,1048,-0.032825443959153155,0.09547098027780009
gbm,5,1049,-0.00534715900358923,0.14060556318261258
gbm,5,1050,0.047732832770893976,0.10018778180162478
gbm,5,1051,-0.018431677947852193,0.028828211442349858
gbm,5,1052,-0.008294303571098172,0.006911285702286107
gbm,5,1053,-0.2634296659941831,0.005987510506835297
gbm,5,1054,-0.07177251801280465,-0.00024249625746990133
gbm,5,1055,-0.013502330671218546,0.07918666480497306
gbm,5,1056,-0.029626450144257133,0.041892163469003804
gbm,5,1057,0.03384109998653605,0.04899436730412572
gbm,5,1058,-0.4456696909053069,-0.140447125230432
gbm,5,1059,0.0681989814874641,0.10918918370060733
gbm,5,1060,-0.21142617881311054,0.06791054432200412
gbm,5,1061,0.07127919919085458,0.0796717220026749
gbm,5,1062,-0.19152626141301923,-0.007262189867900767
gbm,5,1063,-0.08048737981248019,0.08361348716356247
gbm,5,1064,-0.1376291311462295,0.06719647250247714
gbm,5,1065,0.014394847822753201,0.02433960543298279
gbm,5,1066,-0.00795340899830714,0.03880263767777779
gbm,5,1067,0.009065606104559351,0.10485117830525494
gbm,5,1068,0.10750440828961398,0.10750440828961398
gbm,5,1069,-0.011050730962940972,-0.011050730962940972
gbm,5,1070,-0.04026157073033783,0.13011192532343546
gbm,5,1071,0.07264233634687446,0.11431590811135271
gbm,5,1072,-0.14598117444958902,-0.002132152155695524
gbm,5,1073,0.019369441948147006,0.06386480150482095
gbm,5,1074,-0.10834516338702024,0.057835602644848425
gbm,5,1075,0.005141999074255152,0.07929200680541316
gbm,5,1076,0.020401093927284994,0.020401093927284994
gbm,5,1077,0.03265836684520172,0.054529238244836534
gbm,5,1078,-0.05757852871160437,0.05519531749388097
gbm,5,1079,-0.01618731564875002,0.05679690794025326
gbm,5,1080,0.05695290218729414,0.15788472122592495
gbm,5,1081,-0.005389751682902177,0.10011181325970193
gbm,5,1082,-0.05611485172129002,0.011020796139629516
gbm,5,1083,0.06873129156969392,0.1483530206532101
gbm,5,1084,0.015754817075266894,0.043219931934659575
gbm,5,1085,0.11929683439504384,0.12101238486963671
gbm,5,1086,0.09222210080222158,0.15637988109736378
gbm,5,1087,-0.0135603754264393,0.026449167994408065
gbm,5,1088,-0.05947014308425143,0.12332566155298856
gbm,5,1089,-0.10940362672473318,0.0063049376591146206
gbm,5,1090,0.07353654932578797,0.15446459207972602
gbm,5,1091,0.13269616299474257,0.13269616299474257
gbm,5,1092,0.005456606687886598,0.12598561341533138
gbm,5,1093,0.02230433909053782,0.10035723230310127
gbm,5,1094,0.13352767612970273,0.16470250465412123
gbm,5,1095,0.09132035993500824,0.12401434789465275
gbm,5,1096,-0.11782156233278201,0.027805208626867375
gbm,5,1097,0.043015734577673395,0.18176095584001423
gbm,5,1098,0.0747701202861664,0.15509122608168768
gbm,5,1099,-0.04936061075657715,0.07485933852156786
gbm,5,1100,-0.19588611149700436,0.026121742796959044
gbm,5,1101,-0.23841046991708598,0.004293589250117288
gbm,5,1102,-0.22266803187276846,-0.023511409654284332
gbm,5,1103,-0.018733462396692102,0.17376991380377482
gbm,5,1104,0.0784966101145022,0.0784966101145022
gbm,5,1105,0.20205713844451212,0.20205713844451212
gbm,5,1106,-0.02817926359867788,0.07640588705375535
gbm,5,1107,0.04115629726865784,0.07503495502780257
gbm,5,1108,-0.13985726886058653,-0.047482056020934096
gbm,5,1109,0.026061019324857285,0.25073898673512013
gbm,5,1110,-0.17234778296750897,0.01857736682620116
gbm,5,1111,0.051377924923457344,0.05144360698253721
gbm,5,1112,-0.08328273106918795,0.014274350946837863
gbm,5,1113,-0.14163315688534178,0.000587831957089599
gbm,5,1114,0.05563833094451069,0.07898905174098157
gbm,5,1115,-0.18953909914624478,-0.022436690432947395
gbm,5,1116,0.058406839638152616,0.08952563998625464
gbm,5,1117,0.08013798598479495,0.09572617384193878
gbm,5,1118,-0.20036587423969776,0.02424821162311576
gbm,5,1119,-0.25603622509560797,-0.08342019756959135
gbm,5,1120,-0.21854923334732845,-0.0814450549613048
gbm,5,1121,0.07836162396730316,0.14505296889190478
gbm,5,1122,0.11440470779156943,0.11440470779156943
gbm,5,1123,0.09786210908729533,0.09786210908729533
gbm,5,1124,-0.13412191415057081,0.025068223890083577
gbm,5,1125,0.05310869969553912,0.11986308567749006
gbm,5,1126,0.10299784480516803,0.11874931691888778
gbm,5,1127,-0.03310013445683134,-0.03310013445683134
gbm,5,1128,-0.1587916646188444,0.01629132945007479
gbm,5,1129,0.17411214091885335,0.17411214091885335
gbm,5,1130,-0.13652486891581683,0.07904763159375076
gbm,5,1131,0.03870477177622887,0.06838676756611005
gbm,5,1132,-0.26348897055812537,-0.10002544322571041
gbm,5,1133,0.15090366582932446,0.15090366582932446
gbm,5,1134,-0.11180318177262807,-0.01965763940162972
gbm,5,1135,-0.02669591910690859,0.00276215712559022
gbm,5,1136,0.0946174886250055,0.0946174886250055
gbm,5,1137,0.047430810934614,0.09708449420528024
gbm,5,1138,0.016436992353127053,0.110293325559104
gbm,5,1139,-0.09656673819911332,0.05653190366260809
gbm,5,1140,-0.2130786985559149,-0.1573767748545208
gbm,5,1141,0.007165902873323332,0.040524531898069524
gbm,5,1142,-0.01587409040638596,0.06432299986813876
gbm,5,1143,-0.08687576547416731,0.08760932931885664
gbm,5,1144,-0.15105140804280812,-0.01659716895601937
gbm,5,1145,-0.015050575387971873,0.10154320903936566
gbm,5,1146,-0.1288361231815761,-0.015880430892945233
gbm,5,1147,-0.28378119875799823,-0.10075104330669785
gbm,5,1148,0.12379117716102732,0.20166584270094667
gbm,5,1149,0.0530582828887259,0.06476699965572978
gbm,5,1150,-0.25697681605521855,-0.013343541437656495
gbm,5,1151,-0.18610047879650704,0.007620328979438776
gbm,5,1152,-0.0354406167061944,0.08207285570634494
gbm,5,1153,-0.29242434555984986,0.03442988110025795
gbm,5,1154,-0.410062993360217,-0.08697305215142774
gbm,5,1155,-0.1531053422816239,0.04015247759832215
gbm,5,1156,-0.048698142994689705,0.08951953222224714
gbm,5,1157,-0.18336632176877482,0.08238489132588082
gbm,5,1158,-0.023883252357471144,0.05196208801933681
gbm,5,1159,0.03067501736773383,0.07445985196021028
gbm,5,1160,0.1057593966455105,0.1057593966455105
gbm,5,1161,-0.10535008730359145,0.11232733693584264
gbm,5,1162,0.10496716373415073,0.10496716373415073
gbm,5,1163,-0.26930424481269727,-0.14250116509328245
gbm,5,1164,0.03768791106512927,0.09565970116600404
gbm,5,1165,-0.05597537282304904,0.029206200612081915
gbm,5,1166,-0.0011629376022488924,0.057286663549594594
gbm,5,1167,-0.16209666731336786,-0.004448120439840608
gbm,5,1168,0.15046371830457766,0.15046371830457766
gbm,5,1169,-0.16926673542435328,0.0169641394793119
gbm,5,1170,0.08572115314797903,0.11210275125056367
gbm,5,1171,-0.010252575624115343,0.07898306225781866
gbm,5,1172,0.09147622653277478,0.10708703093947021
gbm,5,1173,-0.05216192874974891,-5.115465598268254e-06
gbm,5,1174,0.06132882300825436,0.1594027436829154
gbm,5,1175,-0.00926724828242162,0.05070311997384426
gbm,5,1176,0.055035677687259435,0.09559899121764774
gbm,5,1177,-0.23851919936799432,0.014413900907583585
gbm,5,1178,-0.2292616525127006,0.005547845736085591
gbm,5,1179,-0.16717616225402945,0.003956741625133861
gbm,5,1180,0.04130632364858762,0.04130632364858762
gbm,5,1181,0.07919757224139605,0.09248902209146866
gbm,5,1182,0.02910754962433658,0.17923143906243033
gbm,5,1183,-0.12851631624568227,0.07260065822533028
gbm,5,1184,0.09909260559786913,0.15133591646637456
gbm,5,1185,0.038407818424907134,0.09682224024552792
gbm,5,1186,0.004128965111821745,0.07463763827304527
gbm,5,1187,-0.1875898152454496,0.022977922479366433
gbm,5,1188,-0.008398784380677954,0.03123300918607584
gbm,5,1189,-0.06850307645580017,0.04005631124834426
gbm,5,1190,0.027160679171974858,0.08279749355502146
gbm,5,1191,0.008671338114712004,0.09611978556928617
gbm,5,1192,0.10972379304597,0.10972379304597
gbm,5,1193,-0.20405526713813488,-0.0013982164679119946
gbm,5,1194,0.11336529089336835,0.11336529089336835
gbm,5,1195,0.02446459606792574,0.07261775910331668
gbm,5,1196,0.049933113738390836,0.07105628743269886
gbm,5,1197,-0.05659473784538679,0.05275070083593596
gbm,5,1198,0.017523247032434394,0.08057867631505443
gbm,5,1199,0.028701762323133026,0.13788490375890694
gbm,5,1200,-0.027862262895143777,0.08261776571313471
gbm,5,1201,-0.19803645954531698,0.02505904296851512
gbm,5,1202,-0.016433134143281125,0.016012346926173135
gbm,5,1203,-0.07546666260887708,0.06787882883894629
gbm,5,1204,-0.12281808675844669,0.0011305520641412825
gbm,5,1205,-0.08291790237796834,0.004406023619806326
gbm,5,1206,0.04656736277596392,0.09723616376101528
gbm,5,1207,0.020002855782320347,0.07668403176685838
gbm,5,1208,0.09465780818404314,0.09465780818404314
gbm,5,1209,-0.06971817238958525,0.08119494206716622
gbm,5,1210,-0.051488927375738805,0.03962996405855228
gbm,5,1211,-0.10099021449174282,-0.08942150818952882
gbm,5,1212,-0.27974762036589945,-0.1015207423021902
gbm,5,1213,0.0670204388775809,0.08140417292459749
gbm,5,1214,-0.11851604983700198,0.08746727195800637
gbm,5,1215,0.14176624723623132,0.23720852153193012
gbm,5,1216,0.16978284589629672,0.16978284589629672
gbm,5,1217,0.03626786005012424,0.09827972743113912
gbm,5,1218,0.054910735970493105,0.05671727649752477
gbm,5,1219,-0.05747971128451475,0.037315734255005714
gbm,5,1220,-0.007395832307932282,0.10890096047077728
gbm,5,1221,-0.17516669195087298,0.053624538074514935
gbm,5,1222,-0.01251758671818995,0.06877718914520377
gbm,5,1223,-0.007120410992193418,0.010453483496487101
gbm,5,1224,0.07380124537189915,0.18346892623982614
gbm,5,1225,-0.05164900301770997,0.004889928397199053
gbm,5,1226,0.17277355875613998,0.20050683346200687
gbm,5,1227,-0.11249127131419759,0.03080437495158171
gbm,5,1228,0.0008889577239170748,0.07545393137129332
gbm,5,1229,0.014074500618143707,0.06983333486010816
gbm,5,1230,0.16007191285719435,0.16435042501416325
gbm,5,1231,0.020993456142270037,0.12531113964031138
gbm,5,1232,0.009258141382372284,0.009258141382372284
gbm,5,1233,0.07406001021201968,0.1479095315880279
gbm,5,1234,0.030583742987137022,0.0977747012026962
gbm,5,1235,0.14179556584941355,0.14179556584941355
gbm,5,1236,-0.25903087643006795,0.006942677975272732
gbm,5,1237,0.10317628131541508,0.10317628131541508
gbm,5,1238,-0.11254572384808613,-0.027752784878743678
gbm,5,1239,0.11641651820112621,0.11641651820112621
gbm,5,1240,-0.08223584028707336,-0.017509671448523043
gbm,5,1241,-0.1133463699360542,0.05801557894736341
gbm,5,1242,-0.11875277249650312,0.022345461863456054
gbm,5,1243,-0.11274626210881943,-0.05623842816915577
gbm,5,1244,0.05707553313382156,0.10102943392916401
gbm,5,1245,-0.022958462447488726,0.07336669788109419
gbm,5,1246,-0.11488364497935488,0.0008061310261863464
gbm,5,1247,-0.032434051124492325,0.028279684229379584
gbm,5,1248,-0.2839298497654043,0.04387339576682063
gbm,5,1249,-0.043504051929915674,0.05910493294400175
gbm,5,1250,-0.014852516138318894,0.04119304538690215
gbm,5,1251,-0.04278728785652826,0.13302301470108802
gbm,5,1252,-0.10149169191514931,0.13632930093896944
gbm,5,1253,0.1660289418140985,0.18754203455233015
gbm,5,1254,0.009759990376174657,0.009759990376174657
gbm,5,1255,0.15355508813369717,0.15355508813369717
gbm,5,1256,0.04491897342602548,0.13556465407676005
gbm,5,1257,-0.2608042090457872,0.04986298723414766
gbm,5,1258,0.11576630404543321,0.11576630404543321
gbm,5,1259,-0.04487922214408552,0.09805830177022005
gbm,5,1260,-0.2130625967423872,-0.010767951694249878
gbm,5,1261,-0.11545345709823163,-0.023034207237930204
gbm,5,1262,-0.2741594352862509,-0.016723670689989603
gbm,5,1263,0.18474121072240646,0.2394776393175903
gbm,5,1264,-0.03023324543642475,0.07023982783025239
gbm,5,1265,-0.15573245643496422,0.022814353895133657
gbm,5,1266,0.06456702208718211,0.10073673278997834
gbm,5,1267,-0.020011455467642242,0.03445263612417891
gbm,5,1268,0.0742080357163623,0.09379052246306464
gbm,5,1269,0.026043067795338173,0.06030083867762488
gbm,5,1270,0.090628421628685,0.1598087578083182
gbm,5,1271,0.05688969988187141,0.130525740944699
gbm,5,1272,-0.22878932864241924,-0.11138224540236433
gbm,5,1273,0.19719053626117145,0.19719053626117145
gbm,5,1274,-0.013592778175151476,-0.005452578988807175
gbm,5,1275,0.003901359134036081,0.091667540334767
gbm,5,1276,0.055205704102438205,0.055205704102438205
gbm,5,1277,0.02209514629462457,0.10395818954791954
gbm,5,1278,-0.06211042219441279,0.05735925615530936
gbm,5,1279,-0.12102841704966051,0.05003570731006622
gbm,5,1280,-0.10730290587206219,0.03478022084582631
gbm,5,1281,-0.08278728282419268,0.07461132066776667
gbm,5,1282,0.07084487484323863,0.105370924846574
gbm,5,1283,0.007912720190755049,0.061832017448613594
gbm,5,1284,0.04638763524137969,0.04886248579602455
gbm,5,1285,0.06633534894468447,0.1111441239903062
gbm,5,1286,0.20335775737482575,0.20335775737482575
gbm,5,1287,0.08415237022304094,0.08415237022304094
gbm,5,1288,0.13592332707255605,0.13592332707255605
gbm,5,1289,0.08341731148415808,0.08341731148415808
gbm,5,1290,0.013797112861144864,0.10441936457190583
gbm,5,1291,0.0245212628643562,0.02762549225234133
gbm,5,1292,-0.13424978469280946,0.010644751464180771
gbm,5,1293,0.01040283896711243,0.09512789679745086
gbm,5,1294,-0.040667391252533824,0.07851595075015251
gbm,5,1295,-0.10584431801377188,0.050406306106521234
gbm,5,1296,-0.0029735515081624336,0.08001204768442764
gbm,5,1297,0.07463508694277411,0.09575329113190383
gbm,5,1298,-0.034511098121251776,0.025416738063041303
gbm,5,1299,-0.12578053266578532,0.08854275270245769
gbm,5,1300,-0.05434388502499306,0.1227746172358511
gbm,5,1301,0.06680443965242071,0.12205100419612609
gbm,5,1302,-0.15646429450557753,0.07920967583472695
gbm,5,1303,-0.16715745612785426,0.06688494931261847
gbm,5,1304,0.03775186640721588,0.10762161931428905
gbm,5,1305,-0.016372809364044713,0.04106183842805432
gbm,5,1306,-0.04220379606283707,0.0737688409001067
gbm,5,1307,0.10532426051544976,0.10532426051544976
gbm,5,1308,-0.18520511532433145,0.09026258137986513
gbm,5,1309,-0.3364994828172091,-0.042414317574028026
gbm,5,1310,-0.02088325130088814,0.07700165470804003
gbm,5,1311,0.21478211314246748,0.21478211314246748
gbm,5,1312,0.09895400223664956,0.09895400223664956
gbm,5,1313,-0.10589776199762967,0.2573840483900617
gbm,5,1314,0.05814951043634657,0.06352572044994438
gbm,5,1315,-0.18436987715878533,-0.015335214439118422
gbm,5,1316,0.1886311026375856,0.20740387651646336
gbm,5,1317,0.15002240840104814,0.2335756903902868
gbm,5,1318,0.08534575101522567,0.08556888113855061
gbm,5,1319,0.06946820704118152,0.17895190261133131
gbm,5,1320,-0.06951305477481101,-0.010048062137316571
gbm,5,1321,-0.22963701117492918,-0.0038021451596613187
gbm,5,1322,-0.21434135638288365,0.04658343993609422
gbm,5,1323,0.06671672837766339,0.12437903630343448
gbm,5,1324,-0.0004169613003819489,0.27753866470108723
gbm,5,1325,-0.22178220959001216,-0.024551973071828784
gbm,5,1326,0.13851132553296813,0.13851132553296813
gbm,5,1327,-0.09601547363946414,0.021313021513241923
gbm,5,1328,0.11808986493479963,0.1367419863903233
gbm,5,1329,-0.3585018962468996,-0.08233887268182102
gbm,5,1330,-0.2526978351052024,0.0301663570760521
gbm,5,1331,-0.16822474073747445,0.020305431991324438
gbm,5,1332,0.11912099211388104,0.11912099211388104
gbm,5,1333,-0.016062841438697337,0.05456664903808371
gbm,5,1334,-0.04735357890573928,0.01879749732174542
gbm,5,1335,-0.1289387961350204,-0.07427530439949853
gbm,5,1336,-0.056555503366793804,0.002219665425815198
gbm,5,1337,0.08462149756436037,0.09233226971140064
gbm,5,1338,-0.07812423090371574,0.07760395721417869
gbm,5,1339,0.09956144014432748,0.09956144014432748
gbm,5,1340,-0.17213740170533748,-0.0005502501087082251
gbm,5,1341,0.037517125733136716,0.09828150156260253
gbm,5,1342,0.16228632974388785,0.3057682152156901
gbm,5,1343,-0.03134808129167356,0.030000572910058684
gbm,5,1344,-0.20913096823346677,0.06327738750000415
gbm,5,1345,0.04851961768479253,0.11464214989396375
gbm,5,1346,0.002196179045987956,0.04778396504527978
gbm,5,1347,0.06612741302609308,0.06612741302609308
gbm,5,1348,0.10843782527714692,0.12562052466871992
gbm,5,1349,-0.016332993456423486,-0.016332993456423486
gbm,5,1350,-0.16567998834580874,0.047405782315271275
gbm,5,1351,-0.05940126966077919,0.11078768417463482
gbm,5,1352,0.12544927460354738,0.13476858607600656
gbm,5,1353,-0.3445046178838603,-0.13863088062519743
gbm,5,1354,-0.1141812953688651,0.10680687391534734
gbm,5,1355,-0.2672920083563393,-0.026112748680443484
gbm,5,1356,-0.1342876399833147,-0.013677092228341528
gbm,5,1357,0.025068857333853042,0.07085459564194983
gbm,5,1358,-0.21594235479615223,-0.012157503939192724
gbm,5,1359,0.025831538755341152,0.10902792860100903
gbm,5,1360,0.07113113618949653,0.10451331308278135
gbm,5,1361,-0.24784179319934752,-0.030385431169873744
gbm,5,1362,-0.017044445137400124,0.03581459748938852
gbm,5,1363,-0.28774843330631134,-0.020697407854034205
gbm,5,1364,-0.27152336862341186,0.12868613022245406
gbm,5,1365,0.06105991909561624,0.06105991909561624
gbm,5,1366,-0.0254755774846063,0.09800028019197131
gbm,5,1367,-0.13780330296253107,-0.05683256076681856
gbm,5,1368,-0.025362016228471576,0.13012378060813212
gbm,5,1369,-0.025664552324584214,0.013205453342097398
gbm,5,1370,-0.046714563562411784,0.05105825822201711
gbm,5,1371,-0.13633048545177978,0.027375578618539384
gbm,5,1372,-0.24414600695759092,0.04173658380300323
gbm,5,1373,0.27436695352371354,0.27436695352371354
gbm,5,1374,-0.15047142078090078,-0.00794254959853348
gbm,5,1375,0.10296663685748993,0.11693039061506506
gbm,5,1376,0.03579588545304625,0.10326340934318491
gbm,5,1377,0.007596280460081609,0.14396699943158942
gbm,5,1378,-0.11452194221874036,0.05500648243528443
gbm,5,1379,-0.005702948404798236,0.032088907569040995
gbm,5,1380,-0.10228997760980615,0.07936089419318239
gbm,5,1381,-0.07753536099345143,0.11361967200507779
gbm,5,1382,-0.08391626956543645,0.04703570376545978
gbm,5,1383,0.15050407564173984,0.21931851822893778
gbm,5,1384,0.04970640919487247,0.04970640919487247
gbm,5,1385,0.06096491533030508,0.10879594843427647
gbm,5,1386,0.19565959244206116,0.19565959244206116
gbm,5,1387,-0.1530886959620476,0.05127158898040639
gbm,5,1388,0.09613842035718796,0.12409011366353344
gbm,5,1389,-0.05232457104363143,0.06972130222504984
gbm,5,1390,-0.4382426302268303,-0.02360920998626756
gbm,5,1391,0.07046159281887467,0.09161735376880774
gbm,5,1392,0.07656932753169905,0.1875374415834744
gbm,5,1393,-0.14414562752622978,0.03693349791764462
gbm,5,1394,0.11525604842101465,0.11525604842101465
gbm,5,1395,-0.24345937766507436,-0.021987153427053777
gbm,5,1396,-0.05303157531798271,0.016762458250107984
gbm,5,1397,0.024018854786213892,0.10311519175304738
gbm,5,1398,0.07441669260490814,0.07441669260490814
gbm,5,1399,0.021834800083921233,0.09382390755900376
gbm,5,1400,0.05511635146853382,0.08331018220174936
gbm,5,1401,-0.17834743026689653,-0.04727046698360929
gbm,5,1402,-0.05561964766437229,0.024476793638127922
gbm,5,1403,-0.1691678766023953,0.021112857397044257
gbm,5,1404,-0.08420057434526489,0.1046940073500444
gbm,5,1405,0.07654900955198717,0.11509121367712975
gbm,5,1406,0.09048048124373077,0.09048048124373077
gbm,5,1407,-0.10898794778713512,0.11529653122615242
gbm,5,1408,0.021073302474078473,0.09318334824422096
gbm,5,1409,-0.0948218905628243,-0.04441897389678494
gbm,5,1410,-0.11201016925857003,0.08079340131133249
gbm,5,1411,0.09524582518799259,0.09761553264637189
gbm,5,1412,-0.07308478494596579,0.064589726069479
gbm,5,1413,0.06002259086969443,0.08490226180402279
gbm,5,1414,-0.09307936954226555,0.03224422661577729
gbm,5,1415,-0.20976279827711725,-0.01853159562344274
gbm,5,1416,-0.024788819654688543,0.059268331235093105
gbm,5,1417,-0.11969941592554642,0.03295197740854271
gbm,5,1418,0.05132275785911074,0.12173281216751357
gbm,5,1419,0.04095282601955587,0.0563171799212588
gbm,5,1420,0.01286164273853789,0.16474991223199376
gbm,5,1421,-0.0044451673245257395,0.25402750263025303
gbm,5,1422,-0.060542097049554267,0.044476997969446555
gbm,5,1423,0.004860272458479073,0.004860272458479073
gbm,5,1424,0.13025988123232285,0.13460367007370727
gbm,5,1425,-0.018170728837138495,0.03858745573543419
gbm,5,1426,-0.1887136379847213,0.02058381272671965
gbm,5,1427,-0.23927146204672145,-0.03146262354797609
gbm,5,1428,0.0820349483230892,0.16614593574790498
gbm,5,1429,-0.0845281930741114,-0.024564203918491345
gbm,5,1430,0.13089675490176517,0.13089675490176517
gbm,5,1431,-0.272539621606366,0.0830890843242348
gbm,5,1432,0.007097324556104706,0.08468341520388002
gbm,5,1433,-0.24845867471602773,0.02323365926177011
gbm,5,1434,-0.24692482815771594,-0.10907658178957538
gbm,5,1435,0.13551128628116305,0.13551128628116305
gbm,5,1436,0.058769851355272504,0.0759290157498614
gbm,5,1437,-0.08412583409107283,-0.02116206159979353
gbm,5,1438,-0.010693472800853684,0.030074615324470103
gbm,5,1439,-0.15091780646606812,0.04331214092588777
gbm,5,1440,0.11098435860289431,0.12590283581921086
gbm,5,1441,0.0018832218729056965,0.019570345521440227
gbm,5,1442,-0.08551103829094103,0.011483261924346441
gbm,5,1443,-0.09306727369927952,0.08696502440525918
gbm,5,1444,0.09604546556047137,0.14654546971493043
gbm,5,1445,-0.1373504058768765,0.03649527128245357
gbm,5,1446,0.05906155596563083,0.15342217499539956
gbm,5,1447,0.05867205587895356,0.15525228307896805
gbm,5,1448,0.09161803026420366,0.14537787273869135
gbm,5,1449,-0.027432979501822913,0.025423090818090147
gbm,5,1450,-0.04132883181401452,0.03826465695141727
gbm,5,1451,0.03499252988059069,0.1706286199924234
gbm,5,1452,-0.26647893555057034,0.05673443694457901
gbm,5,1453,0.13468419121238312,0.13468419121238312
gbm,5,1454,0.08559005852931313,0.1052704085179763
gbm,5,1455,-0.06314676301587288,0.06546920328804924
gbm,5,1456,-0.27129799321270925,0.1248222012071906
gbm,5,1457,0.03531849321086129,0.03531849321086129
gbm,5,1458,0.48211067470063085,0.48211067470063085
gbm,5,1459,0.020886245763834646,0.020886245763834646
gbm,5,1460,-0.02615944053598593,0.04283928774317046
gbm,5,1461,0.030109454095136115,0.0810961185818768
gbm,5,1462,-0.11652553284488124,0.011472276092308123
gbm,5,1463,-0.0013483852236235022,0.10399709767926722
gbm,5,1464,-0.1277252304883572,-0.02610974472459346
gbm,5,1465,0.0850210988809821,0.12901535192611008
gbm,5,1466,0.06582888432940999,0.06582888432940999
gbm,5,1467,-0.20784906903402572,-0.0019703572092619193
gbm,5,1468,0.07595196933750463,0.07595196933750463
gbm,5,1469,-0.1065097415459311,-0.008457115953148159
gbm,5,1470,-0.14718888519174692,0.010607486278864611
gbm,5,1471,-0.22248426446574265,-0.02116533135147644
gbm,5,1472,-0.23683477472421763,0.03546936791042789
gbm,5,1473,-0.02593172508937193,-0.0032194049902542904
gbm,5,1474,-0.009288076224149705,0.09667792871848056
gbm,5,1475,-0.03622957085808763,0.20336646137618264
gbm,5,1476,-0.06350440987815639,0.057316528075114045
gbm,5,1477,-0.19347859917429366,0.05400017895092084
gbm,5,1478,0.07477272516335128,0.07477272516335128
gbm,5,1479,-0.03281080257646095,0.03583342554288453
gbm,5,1480,8.777110284476086e-05,0.124083580992729
gbm,5,1481,-0.192852352100671,0.026705223131906555
gbm,5,1482,-0.01419950878275851,0.0854969083092471
gbm,5,1483,-0.03399703868400339,0.1398929936367868
gbm,5,1484,-0.04098856560277078,0.032201937972185166
gbm,5,1485,0.28315322836633,0.28315322836633
gbm,5,1486,-0.12775933542730844,0.013226308406465173
gbm,5,1487,0.10610405016407125,0.1892165774712638
gbm,5,1488,-0.18362619458980944,0.02994329463364788
gbm,5,1489,-0.1728221932023257,0.012782600494096866
gbm,5,1490,0.004690250837159626,0.12390184873992745
gbm,5,1491,0.016021290990868284,0.058579080801392305
gbm,5,1492,-0.15240539959956045,0.013807958000495515
gbm,5,1493,0.046867479767493156,0.09092619414026341
gbm,5,1494,1.0455834751066373e-05,0.10800338244449732
gbm,5,1495,-0.15122627470498437,-0.10963311319114372
gbm,5,1496,0.0062559936467482535,0.16340366514986482
gbm,5,1497,0.02301430939170264,0.02301430939170264
gbm,5,1498,-0.2454842387272136,-0.051865310361844205
gbm,5,1499,0.14657650436931963,0.14657650436931963
gbm,5,1500,0.12970010890491135,0.13942303176208332
gbm,5,1501,-0.1865409955470225,-0.011223697842516894
gbm,5,1502,0.028537989142667794,0.07034446466824883
gbm,5,1503,-0.1477815597157524,0.058748948356596095
gbm,5,1504,0.0537616920276192,0.1443364670992504
gbm,5,1505,0.02541929485929366,0.08807125783524365
gbm,5,1506,0.10408375464262647,0.13466824370766778
gbm,5,1507,-0.03338959164540552,0.07735742618183396
gbm,5,1508,-0.13840260578935074,-0.06083584165852267
gbm,5,1509,0.00220042046927664,0.0644147531433041
gbm,5,1510,-0.1188523420624622,-0.08439541225317884
gbm,5,1511,0.14872525410602594,0.17124607661023178
gbm,5,1512,0.05745979044195641,0.06825205257672622
gbm,5,1513,-0.3341635020048262,-0.11208977412379104
gbm,5,1514,-0.07836210811656802,0.018143598247777462
gbm,5,1515,0.01773662128868274,0.07200635610402349
gbm,5,1516,0.05634621400022631,0.0945528332009828
gbm,5,1517,0.011399501767883388,0.03076500259661054
gbm,5,1518,-0.14547446476311282,0.08289264190475472
gbm,5,1519,0.005379889926786868,0.05211234423536644
gbm,5,1520,0.11427111523799201,0.19980072634960688
gbm,5,1521,0.1106766437489781,0.20014548828532774
gbm,5,1522,0.11239905677026656,0.12359284205397876
gbm,5,1523,0.042758560767804335,0.08371436257273855
gbm,5,1524,0.08245128457265936,0.13082913592502293
gbm,5,1525,0.02914225918139708,0.02914225918139708
gbm,5,1526,-0.06484230073569419,0.06815136291063927
gbm,5,1527,-0.026048965272079158,0.02346548714395129
gbm,5,1528,-0.0739384262621076,0.01743825437636866
gbm,5,1529,-0.11595787724066477,-0.01296514640153025
gbm,5,1530,-0.03258107066370944,0.0724954692207793
gbm,5,1531,-0.29295998252385097,-0.04035940770809733
gbm,5,1532,-0.12611046584380034,0.039570171053657
gbm,5,1533,-0.29087008048138796,-0.032566664846764334
gbm,5,1534,-0.07097499247959985,0.06372791539036503
gbm,5,1535,0.04865387521882057,0.2410893194756819
gbm,5,1536,0.08119003128962103,0.1292478531600591
gbm,5,1537,-0.05629928942319159,-0.017831218164274437
gbm,5,1538,-0.23450042859803355,-0.09813739280671552
gbm,5,1539,0.00344943332041886,0.053851789254149476
gbm,5,1540,0.0072623686795594555,0.03773136732216549
gbm,5,1541,0.020394923230632314,0.08389322577199752
gbm,5,1542,0.025485568827248437,0.24340326710076288
gbm,5,1543,0.014470760602217178,0.08103938200625811
gbm,5,1544,0.12508565074956363,0.12508565074956363
gbm,5,1545,0.14090035005377527,0.1419915175998404
gbm,5,1546,0.0897136236752026,0.12056763301890623
gbm,5,1547,0.1423063201807192,0.1680544267581846
gbm,5,1548,-0.32037534607776946,-0.13987398430269715
gbm,5,1549,-0.041240037876459135,0.014681113407760946
gbm,5,1550,-0.02742097268704516,0.04125816239603515
gbm,5,1551,0.1143874929867243,0.1143874929867243
gbm,5,1552,0.03608024081728552,0.11123439603055914
gbm,5,1553,-0.21521370450965036,0.10822063289108132
gbm,5,1554,0.002767542656686925,0.054445017936496684
gbm,5,1555,0.10629763073485542,0.10629763073485542
gbm,5,1556,0.08838076361302578,0.1129860265117154
gbm,5,1557,-0.2945823903247401,-0.0771572543343102
gbm,5,1558,-0.11600603838419302,-0.01671985491376099
gbm,5,1559,0.10030604531337296,0.15808790042226079
gbm,5,1560,-0.04447333636051981,0.04545369326777547
gbm,5,1561,0.08166574795424512,0.13934354916584785
gbm,5,1562,0.07271449206009044,0.1396094166817176
gbm,5,1563,-0.08806572385226324,0.045228890718530965
gbm,5,1564,0.05487152097750546,0.06065370116179829
gbm,5,1565,0.015759953260204254,0.08407807375518676
gbm,5,1566,-0.120293086427427,0.036824602902875994
gbm,5,1567,-0.03508252290362421,0.004229578693320163
gbm,5,1568,-0.07439522748417826,-0.008885066046647669
gbm,5,1569,-0.1313559048644979,0.08867883915744725
gbm,5,1570,-0.20663081109162135,-0.026807592192156282
gbm,5,1571,0.12153942980572773,0.17789782185495095
gbm,5,1572,-0.09245459980935508,0.0914101756427836
gbm,5,1573,-0.15240725463146326,-0.15240725463146326
gbm,5,1574,-0.23687911504126719,-0.08963827200546674
gbm,5,1575,-0.10975624680569702,0.08908082456138423
gbm,5,1576,-0.18052502674006518,-0.007601577233293785
gbm,5,1577,-0.07053774170906416,-0.04365702820400247
gbm,5,1578,-0.08489644004038113,-0.02350025527280132
gbm,5,1579,0.039722762214001436,0.08212315231758986
gbm,5,1580,0.0434613283400523,0.10155414717303247
gbm,5,1581,0.03980415225940624,0.08639389153120917
gbm,5,1582,-0.22567776431446857,-0.012617513572455705
gbm,5,1583,-0.028085097596308048,0.01802576785033695
gbm,5,1584,0.016148688222349952,0.055365747289733494
gbm,5,1585,0.02097068334940029,0.11048068712747165
gbm,5,1586,0.12043906968873795,0.19578538364574538
gbm,5,1587,0.0786367063734947,0.0786367063734947
gbm,5,1588,-0.12348354973474533,0.010914737989105652
gbm,5,1589,-0.12666144305496288,0.0549105427375431
gbm,5,1590,0.026407150525832215,0.0745295537501796
gbm,5,1591,-0.039493647752328234,0.07763894146936264
gbm,5,1592,-0.009525624944492175,0.07139069875674027
gbm,5,1593,-0.21574663132462607,-0.04144728114904607
gbm,5,1594,-0.031221101668384058,-0.02283006222349629
gbm,5,1595,-0.024140779397290646,0.06721512611861562
gbm,5,1596,0.06629960533139016,0.1677105744238373
gbm,5,1597,0.13424709223166714,0.1772501093042564
gbm,5,1598,0.06373993624676384,0.1608158212527433
gbm,5,1599,-0.051988546432885765,0.04447640231750656
gbm,5,1600,-0.11480879506638328,0.12911099446044183
gbm,5,1601,0.1100629110875669,0.1522700416021125
gbm,5,1602,-0.0026733864296134002,0.039610040275811706
gbm,5,1603,-0.18898043710981646,-0.01083018255215508
gbm,5,1604,-0.0803214738679244,0.033265917654654656
gbm,5,1605,0.14582564513189883,0.14582564513189883
gbm,5,1606,0.08379500870377653,0.08379500870377653
gbm,5,1607,-0.06431866556831276,0.04457077666783425
gbm,5,1608,-0.24263059884714877,0.023388717058000483
gbm,5,1609,0.09404601481103976,0.09404601481103976
gbm,5,1610,-0.05157852533945789,0.052301063381965704
gbm,5,1611,-0.0511203877049497,0.021855568154092855
gbm,5,1612,-0.09419238853444548,0.0216055896286224
gbm,5,1613,0.14706991873376235,0.14706991873376235
gbm,5,1614,0.0007041579858494962,0.0076703014240132456
gbm,5,1615,0.0038593946919152633,0.045962450524040535
gbm,5,1616,0.07406628555244059,0.17477752459187057
gbm,5,1617,0.0016507288394074088,0.04848077858462392
gbm,5,1618,0.08515515721282486,0.08515515721282486
gbm,5,1619,0.14636416870176627,0.14636416870176627
gbm,5,1620,0.060735552395521045,0.060735552395521045
gbm,5,1621,0.014646599387565615,0.12944745570440092
gbm,5,1622,-0.045665999480194994,0.11072441770564288
gbm,5,1623,0.15315099962262207,0.15315099962262207
gbm,5,1624,0.165461508784431,0.165461508784431
gbm,5,1625,0.026930251609076403,0.10998282483749221
gbm,5,1626,-0.11817950118294494,0.0899482962557339
gbm,5,1627,0.19232193376678752,0.19232193376678752
gbm,5,1628,-0.09373579057230409,-0.046394144016808955
gbm,5,1629,-0.019326109049886367,0.11373252980561459
gbm,5,1630,0.17780207020383715,0.2710226579548237
gbm,5,1631,0.05754007006648938,0.1052789811916799
gbm,5,1632,-0.2039640935803257,-0.00271294366679245
gbm,5,1633,0.031765097279821256,0.031765097279821256
gbm,5,1634,0.1255732663782147,0.1311833026630262
gbm,5,1635,0.1419793466985405,0.18348214460839274
gbm,5,1636,-0.1448637795208999,0.04313298700033323
gbm,5,1637,-0.10194899788132793,0.11913194991117633
gbm,5,1638,-0.30698543013929314,-0.004258600418996034
gbm,5,1639,-0.3714313826686599,0.051270275774015064
gbm,5,1640,0.013985602441550213,0.013985602441550213
gbm,5,1641,0.031846633190750054,0.08226410118230705
gbm,5,1642,0.07639210212166232,0.0888636404381767
gbm,5,1643,0.13725526529269472,0.1566739963076052
gbm,5,1644,-0.30597621794368507,-0.009141377670718376
gbm,5,1645,-0.0886687942558416,0.024521767004699976
gbm,5,1646,0.04371236847295072,0.1756692897686581
gbm,5,1647,-0.01780985307799228,0.03041089486481184
gbm,5,1648,0.0012070118597919816,0.053802267701500386
gbm,5,1649,0.18315273548266686,0.20588079091446204
gbm,5,1650,-0.28717681743440404,-0.08529836038598618
gbm,5,1651,-0.05279168998033487,0.10212546162587065
gbm,5,1652,-0.042221453135615414,0.055097214135495745
gbm,5,1653,-0.11283214057425646,-0.02535404686030593
gbm,5,1654,-0.10539431994660783,-0.00012141121194801652
gbm,5,1655,0.04373951814102843,0.10464827386092708
gbm,5,1656,0.00588958401464007,0.08618048900005208
gbm,5,1657,-0.005401489675254584,0.004074117620544104
gbm,5,1658,0.09952939827182262,0.09981980158451419
gbm,5,1659,-0.11806378591260432,0.003630680149227586
gbm,5,1660,-0.05728699345555454,0.024074142639718424
gbm,5,1661,0.15245471098453245,0.1684178543835313
gbm,5,1662,0.08941691800822411,0.1706001639173973
gbm,5,1663,-0.09542335773887918,0.06516244361340538
gbm,5,1664,0.10017606574808995,0.18827095608008088
gbm,5,1665,-0.09462654241232495,0.10980074144504524
gbm,5,1666,-0.021032886933529893,0.050708516536415546
gbm,5,1667,0.12781662973751423,0.16880229875884012
gbm,5,1668,-0.14301870297960645,0.08834364900704982
gbm,5,1669,0.010913165648525444,0.032925361648960164
gbm,5,1670,-0.14626962048661546,0.07109688154568942
gbm,5,1671,0.07585764386758732,0.11010632463202415
gbm,5,1672,0.13769163274164903,0.18137033633909289
gbm,5,1673,0.06442233688374673,0.11194866201506636
gbm,5,1674,0.11162277126961924,0.15348059604189873
gbm,5,1675,-0.1666988877108688,0.0010308645364493219
gbm,5,1676,-0.04071430612711298,0.01575253252582544
gbm,5,1677,-0.10491669989442967,0.063429231794925
gbm,5,1678,0.09398216360640661,0.12264928012871694
gbm,5,1679,0.0355809996052452,0.0355809996052452
gbm,5,1680,-0.030647514060417047,0.04949169891777684
gbm,5,1681,0.1506613556144078,0.1506613556144078
gbm,5,1682,-0.24002776495649253,0.13861482340691417
gbm,5,1683,-0.10671844676757063,0.07388899817744739
gbm,5,1684,-0.3216420485627107,-0.1921470294318899
gbm,5,1685,-0.06892884064314597,0.04461344178605918
gbm,5,1686,0.005495579581496032,0.14189853435375704
gbm,5,1687,-0.17211898312973406,0.12043744616473882
gbm,5,1688,0.040469418735189985,0.3135947608292288
gbm,5,1689,-0.01321103286266398,0.10172760620928388
gbm,5,1690,0.01356526802077175,0.08605495407903345
gbm,5,1691,-0.0984922635964565,0.09980564459663362
gbm,5,1692,-0.04691390650388215,0.09296940469824251
gbm,5,1693,-0.1528197849076418,0.06708291751217772
gbm,5,1694,0.04728908810872205,0.07492091168803071
gbm,5,1695,0.056190565815652946,0.06024162884084601
gbm,5,1696,0.024504207151794286,0.06259310531028593
gbm,5,1697,-0.0877228983378385,0.05800765455469985
gbm,5,1698,0.020976778058052023,0.14357753150022712
gbm,5,1699,-0.1164741674334995,-0.036562908814810405
gbm,5,1700,0.033003356862375585,0.13022803702913327
gbm,5,1701,0.17812740075309247,0.2108957033402225
gbm,5,1702,0.02655173352319566,0.08368836556787447
gbm,5,1703,-0.06961670447594437,-0.0028298749664693312
gbm,5,1704,0.04781285319221902,0.05882350144848637
gbm,5,1705,-0.12932928349891715,-0.06046949967223793
gbm,5,1706,-0.12740856336656584,-0.07121058967095995
gbm,5,1707,0.06629817692231031,0.08452445229717535
gbm,5,1708,0.1333082154368876,0.1597529657782133
gbm,5,1709,-0.3082914899350781,-0.007306344033687573
gbm,5,1710,-0.06683151240836768,0.3104494875046294
gbm,5,1711,0.06340089505497422,0.26805321168475443
gbm,5,1712,0.03265414161551887,0.10168428624097266
gbm,5,1713,-0.011275360663873885,0.03296451186899345
gbm,5,1714,-0.045998094629566166,0.07150169631423907
gbm,5,1715,-0.00788736774322489,0.06286057138411134
gbm,5,1716,0.03127726604892443,0.046264389228031985
gbm,5,1717,0.12879700937995348,0.21453881015169263
gbm,5,1718,-0.17836420263895722,0.005836207343059646
gbm,5,1719,-0.05576306058700575,0.05931919977162227
gbm,5,1720,-0.08198380250576331,-0.0027838855029073545
gbm,5,1721,0.05391813855867965,0.05391813855867965
gbm,5,1722,-0.015802369569796193,0.06900903977366017
gbm,5,1723,0.19300341104607593,0.19300341104607593
gbm,5,1724,0.14753864915822135,0.14753864915822135
gbm,5,1725,-0.4171975194082873,-0.11960777356109963
gbm,5,1726,-0.18680771232801704,0.03737400606946649
gbm,5,1727,-0.38042379137574095,0.006618201806314367
gbm,5,1728,0.04706513819398238,0.09503398282464652
gbm,5,1729,-0.01738765255307098,0.06495303668195539
gbm,5,1730,-0.14517041785022286,-0.007602510210058602
gbm,5,1731,-0.1474570837659904,0.025080989825341335
gbm,5,1732,0.03985803727614669,0.09724182917816802
gbm,5,1733,-0.11821055339048174,0.10766059980363395
gbm,5,1734,-0.014902460861898129,0.11008544516038139
gbm,5,1735,0.08657303735998483,0.08657303735998483
gbm,5,1736,-0.13103975391651712,-0.01893267448222738
gbm,5,1737,-0.06661751305873734,-0.06661751305873734
gbm,5,1738,0.08465151921754092,0.22468649538886265
gbm,5,1739,-0.24183899229617997,0.09396669305014267
gbm,5,1740,0.07991600535308756,0.15672449647468056
gbm,5,1741,0.02944494549951039,0.17537356868554355
gbm,5,1742,0.07815148358305883,0.08486046999876158
gbm,5,1743,0.010795310912147402,0.11036072975357132
gbm,5,1744,-0.05172808811109232,0.07386852034158849
gbm,5,1745,0.07832337474217123,0.1841986012724957
gbm,5,1746,0.08101039953530063,0.10548793807546368
gbm,5,1747,-0.007359413126073827,0.05537003631955746
gbm,5,1748,-0.02843915461853068,0.026485830616644154
gbm,5,1749,0.06396566683446105,0.1215358006727517
gbm,5,1750,-0.02623330447884549,0.06447473900535926
gbm,5,1751,-0.10464821348355648,0.03416170916477661
gbm,5,1752,0.06747516740057845,0.11183843486583557
gbm,5,1753,0.05999911263952869,0.12604842409043976
gbm,5,1754,-0.2434695787037745,-0.014414692618484104
gbm,5,1755,-0.08547975736254265,0.04792352356088646
gbm,5,1756,-0.03232339317924837,0.03832280131908229
gbm,5,1757,-0.0005979814610236472,0.0875631957477893
gbm,5,1758,-0.07937028394654805,0.024258799470226647
gbm,5,1759,-0.07449080074005124,0.045335433797545135
gbm,5,1760,-0.12095753325191552,-0.019826501234449026
gbm,5,1761,0.03853003036932466,0.1023274095408344
gbm,5,1762,0.1703246334859541,0.18777862843716348
gbm,5,1763,0.011164233705892743,0.06578071038119711
gbm,5,1764,-0.09170595797492666,0.10399681787822372
gbm,5,1765,0.06794521907018221,0.09048496135462981
gbm,5,1766,-0.06631279164924289,0.13616804642623037
gbm,5,1767,-0.04664579650027956,0.1755841833968973
gbm,5,1768,0.03857499254832676,0.08204717085874876
gbm,5,1769,-0.06822350845132732,0.03478764670308136
gbm,5,1770,-0.3540475901694927,-0.029661590601546356
gbm,5,1771,-0.047034203686888695,0.00764626973377279
gbm,5,1772,-0.3227782880548239,-0.03331767101961197
gbm,5,1773,0.05435007177447933,0.08870079524775949
gbm,5,1774,0.11550745477859,0.11550745477859
gbm,5,1775,-0.0030170342023950053,0.15273681001286715
gbm,5,1776,-0.027680136619182727,0.030438134372930623
gbm,5,1777,-0.12295167946482491,0.07174244266251882
gbm,5,1778,0.12685246794345928,0.1776893207541566
gbm,5,1779,-0.1874183353900446,-0.06354646295436067
gbm,5,1780,-0.16473820318100718,0.10611602862943802
gbm,5,1781,-0.18720417201293382,0.12375911260865415
gbm,5,1782,-0.012675884320039577,0.07010795977143151
gbm,5,1783,0.13657484875626003,0.13657484875626003
gbm,5,1784,0.07546145155344795,0.15698072626719278
gbm,5,1785,0.006604740654959126,0.030275745554102965
gbm,5,1786,0.16144937222437133,0.241844604591557
gbm,5,1787,0.1922796115870461,0.1922796115870461
gbm,5,1788,0.039765115315717595,0.09593792924777604
gbm,5,1789,-0.233687963126113,0.013809261474534415
gbm,5,1790,0.07364316878645895,0.07364316878645895
gbm,5,1791,0.09693794443812769,0.13703351335571207
gbm,5,1792,-0.16916765527964156,0.005482982988908133
gbm,5,1793,-0.05385751319584761,0.07330169960552059
gbm,5,1794,0.24911548920740145,0.2812501396139717
gbm,5,1795,-0.18780557158979455,-0.05210678302777724
gbm,5,1796,0.15182677347379964,0.1965861839675646
gbm,5,1797,-0.23184041979784806,0.029728063348292658
gbm,5,1798,0.12298286102383828,0.12298286102383828
gbm,5,1799,0.08466716015697183,0.1529038016728576
gbm,5,1800,-0.28979347264238087,-0.08177149604112009
gbm,5,1801,0.011306437855112997,0.07011802753003786
gbm,5,1802,-0.2755386522959122,-0.03223342410711405
gbm,5,1803,-0.1035298450633953,0.18155755655268152
gbm,5,1804,-0.18698220833026566,0.04192127259326915
gbm,5,1805,-0.14802319292703,-0.02467813747912373
gbm,5,1806,-0.09232643530019033,0.062839470440077
gbm,5,1807,0.01341192055404071,0.09712856206765287
gbm,5,1808,0.19229682253524416,0.19229682253524416
gbm,5,1809,-0.07681834998399857,0.012261111661112753
gbm,5,1810,-0.10112591899607233,0.015634979653778205
gbm,5,1811,-0.01613191607428892,0.08188506347300765
gbm,5,1812,-0.1511019833003262,-0.014420039383561081
gbm,5,1813,-0.33348254375809916,0.0793515862544054
gbm,5,1814,0.019992380498911208,0.03816257833878088
gbm,5,1815,0.04105704723486005,0.0976527359361249
gbm,5,1816,-0.237226299202615,0.029066400776714504
gbm,5,1817,6.010248854383671e-05,0.08659228730095388
gbm,5,1818,-0.09623966189317612,-0.04890433806963018
gbm,5,1819,-0.2223063949835841,0.0007739762760752139
gbm,5,1820,0.03987052511607651,0.14951746739755
gbm,5,1821,0.026011792066809078,0.06021910362100359
gbm,5,1822,0.01910817840299288,0.09820121724858626
gbm,5,1823,-0.22396294826931853,0.039164624710719007
gbm,5,1824,-0.09571335972599102,0.10459498259700357
gbm,5,1825,0.024058127620966555,0.05939466720680457
gbm,5,1826,0.07219200814112543,0.1325381508375194
gbm,5,1827,0.023306100002237165,0.10422992041872305
gbm,5,1828,0.16793197868243986,0.1845500125446891
gbm,5,1829,-0.2216562119662798,0.0585604303263602
gbm,5,1830,0.09814877611772192,0.10477020217393011
gbm,5,1831,0.0016554787738131682,0.11567473058671322
gbm,5,1832,-0.08662175967882534,-0.006035492238489565
gbm,5,1833,-0.29980970524780975,-0.033695491000399355
gbm,5,1834,-0.11625870539066006,0.013266189737796627
gbm,5,1835,0.04901156396527,0.10460424641708922
gbm,5,1836,0.021347183212645712,0.07358374149277667
gbm,5,1837,-0.09779616557180645,-0.09779616557180645
gbm,5,1838,0.023104353046261558,0.09207219321326841
gbm,5,1839,-0.1644515679332231,0.04725426482828311
gbm,5,1840,-0.1064418201355367,0.06196628890971802
gbm,5,1841,0.0622357861678078,0.10562661987571172
gbm,5,1842,0.029645866259651363,0.09224160467132507
gbm,5,1843,0.08838099517741137,0.1233413674926314
gbm,5,1844,-0.08542977104702598,0.12143288326728087
gbm,5,1845,0.11789165202388573,0.1302733186958464
gbm,5,1846,-0.3046453595643399,-0.10137637877132198
gbm,5,1847,-0.19822087002939826,-0.02288624353487581
gbm,5,1848,0.012292011992595761,0.06553230017298804
gbm,5,1849,-0.10390133816023102,0.09213200939736409
gbm,5,1850,-0.1862213380150866,0.005135341473317484
gbm,5,1851,-0.13470820398928296,0.011592531323642533
gbm,5,1852,0.029332784870966036,0.029332784870966036
gbm,5,1853,-0.011560588183737966,-0.010163081272355504
gbm,5,1854,0.11129035908148212,0.11129035908148212
gbm,5,1855,0.1923153021774761,0.1923153021774761
gbm,5,1856,-0.0878636521077862,-0.027121502240295636
gbm,5,1857,0.04942958569914106,0.13051359525877226
gbm,5,1858,-0.08991043692208393,0.07323445009702954
gbm,5,1859,0.06480138178532481,0.13205262614285646
gbm,5,1860,0.18318380335638706,0.22178659334222195
gbm,5,1861,-0.040216856682668514,0.047591270297259444
gbm,5,1862,0.05869423035971118,0.05869423035971118
gbm,5,1863,-0.010015807176239636,0.0656155907229795
gbm,5,1864,-0.05694668115450251,-0.05694668115450251
gbm,5,1865,-0.42668581002959666,-0.059672286120569726
gbm,5,1866,0.089215895910408,0.089215895910408
gbm,5,1867,-0.055132622981907284,0.04213356334993891
gbm,5,1868,0.11993924689874817,0.21367791447909135
gbm,5,1869,0.1221025060675575,0.1263166072479565
gbm,5,1870,0.17837291317765408,0.30267155171070415
gbm,5,1871,0.03921314975061006,0.1195405387497319
gbm,5,1872,-0.008824181808462173,0.10139413690473888
gbm,5,1873,-0.1352894767681004,0.04914772182903508
gbm,5,1874,-0.07112143109815541,0.09190136323086044
gbm,5,1875,0.015026985516940775,0.07025263744502026
gbm,5,1876,0.10716070191079739,0.10716070191079739
gbm,5,1877,0.010534681345612099,0.07386557074519536
gbm,5,1878,-0.026554545430052215,0.02318553259469873
gbm,5,1879,-0.10363138714098713,0.09057097693494266
gbm,5,1880,-0.07529902858268556,0.007242705856453924
gbm,5,1881,-0.14140212771496447,-0.0016145225379095851
gbm,5,1882,-0.1824952506450629,-0.036857518268345296
gbm,5,1883,0.0007706575069342664,0.017051560756217568
gbm,5,1884,0.17350868734615132,0.19314780968250272
gbm,5,1885,0.23113694827536102,0.23113694827536102
gbm,5,1886,-0.03130035769351522,0.019777732374035087
gbm,5,1887,0.049241570363489764,0.09734694381991853
gbm,5,1888,0.019765952720313826,0.06314330535104289
gbm,5,1889,0.09157803078086942,0.18072388877890616
gbm,5,1890,-0.32182454542722466,0.006493338471329629
gbm,5,1891,0.023795645040687582,0.13819496462565906
gbm,5,1892,0.11389272803779042,0.17865854617176563
gbm,5,1893,0.13534694773524636,0.16489166170280461
gbm,5,1894,-0.057325270308508154,0.021109765600687655
gbm,5,1895,-0.008150115497696259,0.06790802797696067
gbm,5,1896,0.07533803899167331,0.10321599369061608
gbm,5,1897,0.03588349569354872,0.14835109766218546
gbm,5,1898,-0.3330993295953654,-0.01911789718931356
gbm,5,1899,0.058622210612166034,0.0972046005144958
gbm,5,1900,0.13185075862099543,0.13185075862099543
gbm,5,1901,-0.1367839471151465,-0.1367839471151465
gbm,5,1902,-0.2788200208436754,-0.06195845464899684
gbm,5,1903,0.06145239774817611,0.14819760449821495
gbm,5,1904,0.1173504794212487,0.12142528177123109
gbm,5,1905,-0.028198228281696228,0.10184878774611801
gbm,5,1906,-0.013342842667959653,0.06866116451093228
gbm,5,1907,0.2709585993401724,0.2709585993401724
gbm,5,1908,0.08108294511763033,0.15855061572312207
gbm,5,1909,0.24746226629057283,0.24983102248260552
gbm,5,1910,-0.16405955713936474,0.09134536575775269
gbm,5,1911,0.057075442173785726,0.12800441133401702
gbm,5,1912,0.17189475096235834,0.17189475096235834
gbm,5,1913,-0.32880535378607,-0.061126104157168376
gbm,5,1914,-0.024103086587691072,0.044582102294169326
gbm,5,1915,-0.03797666283965627,0.019327053429182492
gbm,5,1916,0.08162572746774462,0.15234264163965489
gbm,5,1917,0.3157951042904023,0.3157951042904023
gbm,5,1918,0.035068478054520805,0.07571633766870493
gbm,5,1919,-0.07499540647520181,0.019834133518268363
gbm,5,1920,-0.006197716775418291,0.029320937678008377
gbm,5,1921,0.10605816276229367,0.20904423396979588
gbm,5,1922,-0.15638264723309875,-0.006578365216865181
gbm,5,1923,-0.19614390033085838,-0.0340191464981435
gbm,5,1924,0.09499031109078547,0.1295332233728107
gbm,5,1925,-0.06703329365795346,0.049975225121878644
gbm,5,1926,0.08486904109078959,0.1442189347808136
gbm,5,1927,-0.001707700579127211,0.0286337690514782
gbm,5,1928,0.01556215856225264,0.016546373565368575
gbm,5,1929,0.030120708900892204,0.14269695980445052
gbm,5,1930,0.0868294378783336,0.16551470899049042
gbm,5,1931,-0.08757447121870086,-0.008162644575193723
gbm,5,1932,-0.05726261958744597,0.011625376147147912
gbm,5,1933,-0.33396306497093364,0.044075098385603514
gbm,5,1934,-0.04330578401932761,0.1591151534247311
gbm,5,1935,-0.08557034292304663,0.07676497984463128
gbm,5,1936,0.03322149431058881,0.08126290653906713
gbm,5,1937,0.08456475409872304,0.1285022166626522
gbm,5,1938,-0.0174093383668167,-0.00923886534533186
gbm,5,1939,-0.019696451470517407,0.08854570253303042
gbm,5,1940,0.17450607873593577,0.17977302004365037
gbm,5,1941,0.06732797468304756,0.06732797468304756
gbm,5,1942,-0.21330516840567204,0.06220767344327795
gbm,5,1943,-0.056649267235487605,0.07834297857877907
gbm,5,1944,-0.035309108158432356,0.009657055860047628
gbm,5,1945,-0.16828281531114553,-0.09565538118475261
gbm,5,1946,-0.26016688702627266,-0.011205567441209444
gbm,5,1947,0.06684904060884257,0.11838697043550199
gbm,5,1948,-0.26787072635008724,-0.044704578253914676
gbm,5,1949,-0.1519184928876735,0.018673332327877698
gbm,5,1950,-0.08632017849413971,0.006559540092280325
gbm,5,1951,-0.3965055982552148,-0.14656612918745468
gbm,5,1952,0.06813769722910527,0.09258159719203372
gbm,5,1953,-0.003134590831380818,0.14241670134425705
gbm,5,1954,-0.23170687525746547,0.012906116295961015
gbm,5,1955,0.08669156773709168,0.12586385499521296
gbm,5,1956,0.1008435320401136,0.12712570583246913
gbm,5,1957,0.2162093228608899,0.2162093228608899
gbm,5,1958,0.11262250708649828,0.11262250708649828
gbm,5,1959,0.12129607286482165,0.16244888402100238
gbm,5,1960,0.0941976368186098,0.16079318643154894
gbm,5,1961,-0.04426005639640965,0.05711804340429959
gbm,5,1962,0.041921947183223715,0.041921947183223715
gbm,5,1963,0.0874666634215782,0.24389989644297394
gbm,5,1964,-0.1458042524748419,0.07262164731375499
gbm,5,1965,0.010101360161297465,0.08088073544998119
gbm,5,1966,-0.07988248361144523,0.041657066064094264
gbm,5,1967,-0.17535666796750837,-0.02485189651646255
gbm,5,1968,0.02892097932634398,0.08585430079584326
gbm,5,1969,-0.04653295668133789,0.02850632103115315
gbm,5,1970,-0.3077611482111355,-0.0059865483300913375
gbm,5,1971,-0.09273418237653261,0.09005045130278498
gbm,5,1972,-0.061561897783032206,0.030318560294017374
gbm,5,1973,0.19228645028523256,0.19228645028523256
gbm,5,1974,-0.04811540768253808,-0.0017966272676911699
gbm,5,1975,0.05326462717302681,0.08227899826456146
gbm,5,1976,0.06576703030892782,0.06576703030892782
gbm,5,1977,0.037280059296915094,0.09718944752466206
gbm,5,1978,-0.19288322800627647,0.1559724361920165
gbm,5,1979,0.08656629670090697,0.09778213328471554
gbm,5,1980,-0.3385670241378778,0.015352001437735255
gbm,5,1981,-0.14612355630083,0.028052970132242325
gbm,5,1982,0.008069308947111734,0.07946212187509345
gbm,5,1983,-0.060762480587107835,0.008562790677232993
gbm,5,1984,0.025404774930969362,0.05032303641369902
gbm,5,1985,-0.07538121799798417,0.01686654018391172
gbm,5,1986,-0.12606570994009353,-0.007185725265395251
gbm,5,1987,-0.057707360872743495,0.10092322612420897
gbm,5,1988,-0.041797964947338645,0.02947921882439973
gbm,5,1989,-0.04663135761805973,0.08817700742475947
gbm,5,1990,-0.14898846685323808,0.0521189856400517
gbm,5,1991,0.11284841300834512,0.11284841300834512
gbm,5,1992,-0.023222226547541455,0.0610781911791697
gbm,5,1993,0.03905491722434533,0.03905491722434533
gbm,5,1994,0.0626518850163257,0.12122621725352221
gbm,5,1995,-0.1384514841185706,0.013757771990685161
gbm,5,1996,-0.018848102668573397,0.09662197228848991
gbm,5,1997,0.09182315902440426,0.19747432345451132
gbm,5,1998,-0.3095224743003615,0.029379481508188213
gbm,5,1999,-0.028836179663706663,0.0592880077586873
gbm,10,0,-0.0314194265401097,0.06266332688565207
gbm,10,1,-0.009411445119470035,0.08223043527055185
gbm,10,2,-0.26883529329309663,0.01776104858333287
gbm,10,3,0.06315384696701207,0.2756060207754325
gbm,10,4,0.09237918321317842,0.15407533022927494
gbm,10,5,-0.06249612184098463,0.12522525296773754
gbm,10,6,0.09466809944076399,0.1029792079364723
gbm,10,7,-0.312231744173315,0.03928881059032652
gbm,10,8,0.08585029074058473,0.10272393971910856
gbm,10,9,0.01393718782239034,0.08039712577218017
gbm,10,10,0.13002817064079666,0.14786518518770567
gbm,10,11,0.09882555499328202,0.2345649773276696
gbm,10,12,0.03798024941516312,0.1408956204875577
gbm,10,13,0.055193573676290186,0.17300317097426296
gbm,10,14,0.10138688015538214,0.10138688015538214
gbm,10,15,0.024517886261232677,0.13832980977779807
gbm,10,16,-0.390469509231262,-0.0385390674090767
gbm,10,17,-0.21633307703363405,-0.09362505025922882
gbm,10,18,0.012760700435299518,0.08401890977322271
gbm,10,19,-0.13195309175058284,0.048477601667934855
gbm,10,20,0.06473473456389431,0.09719290733857885
gbm,10,21,0.17187601425604934,0.17187601425604934
gbm,10,22,0.011147750786175484,0.05810286065406492
gbm,10,23,-0.3174987049816998,-0.10013291451892635
gbm,10,24,-0.2033585888489627,0.06283954794404617
gbm,10,25,0.14339101320229822,0.1540895324934804
gbm,10,26,-0.03156118745759094,0.0609275088741589
gbm,10,27,0.027591437768859958,0.14556424772984203
gbm,10,28,0.12589251879888297,0.12589251879888297
gbm,10,29,-0.014357093411204988,0.007182410042112272
gbm,10,30,-0.1082286892481438,0.1080450578862574
gbm,10,31,0.09742910472568364,0.16245230025395221
gbm,10,32,0.01897740493976624,0.11645040792604816
gbm,10,33,0.11887575325968194,0.11887575325968194
gbm,10,34,0.06037743169220419,0.10650907821844019
gbm,10,35,-0.2253007295058928,-0.12082857165081504
gbm,10,36,-0.021859036713107682,0.08819115745442999
gbm,10,37,-0.010756070757376071,0.019890629654710792
gbm,10,38,0.08376304923962183,0.16132342749321063
gbm,10,39,-0.08464436474246141,0.12336335776148336
gbm,10,40,-0.09912962929236162,0.03270721311304327
gbm,10,41,0.019910318325998128,0.05998642128713724
gbm,10,42,-0.006566469268689798,0.10964158915425834
gbm,10,43,0.09695156698128132,0.14788144236645376
gbm,10,44,-0.3945330970054125,-0.19090867276590365
gbm,10,45,-0.09474218965619607,0.057973720440663346
gbm,10,46,0.052062870148928936,0.09718033592835179
gbm,10,47,-0.0052947936904316345,0.08523298028354184
gbm,10,48,-0.08486559872829132,0.038533955554328814
gbm,10,49,-0.025466070284717854,0.031518814121550526
gbm,10,50,0.0970854079274466,0.11105901021398726
gbm,10,51,0.13933181336626474,0.1682699582355797
gbm,10,52,0.16556946945411974,0.16556946945411974
gbm,10,53,0.0818065478610916,0.0818065478610916
gbm,10,54,-0.2783116972797878,-0.02856413475093144
gbm,10,55,-0.05551048701337662,0.1016784459963255
gbm,10,56,-0.07412018721037501,0.025975221573978677
gbm,10,57,-0.19104667609869325,-0.008322089580609218
gbm,10,58,-0.1626582636082774,0.08117149398977838
gbm,10,59,0.12162527038558393,0.14592908448865546
gbm,10,60,0.176105067440647,0.24189961781474276
gbm,10,61,-0.18856634157059002,-0.000595428616234156
gbm,10,62,-0.023065954656962692,0.09297408329198179
gbm,10,63,0.0346369571578756,0.10257077544805551
gbm,10,64,0.030782921657728043,0.06042193791786146
gbm,10,65,0.09015867355432161,0.17127952801689897
gbm,10,66,0.16480637405250312,0.16480637405250312
gbm,10,67,0.25473981699650206,0.25473981699650206
gbm,10,68,0.074222560366943,0.15238368256328058
gbm,10,69,-0.17714403429684017,0.0758912457007403
gbm,10,70,0.04807175163871796,0.1330236639750507
gbm,10,71,-0.10517342231359803,0.005643735572727876
gbm,10,72,0.05820034784039774,0.15958873026870707
gbm,10,73,-0.2475916574233985,0.000304679911664385
gbm,10,74,-0.03959110762366074,0.02963258800101351
gbm,10,75,0.045121809245257466,0.08122536203153807
gbm,10,76,-0.03684282202384537,0.10320635236184195
gbm,10,77,-0.3184113568317323,0.033213012300412376
gbm,10,78,0.04050554781521565,0.10889387265186493
gbm,10,79,-0.37083671703068377,0.02248526965381137
gbm,10,80,0.17349453023622305,0.17349453023622305
gbm,10,81,0.10348583807661305,0.12908198798328832
gbm,10,82,0.05369431511850831,0.1363271327777891
gbm,10,83,-0.06053915935219258,0.14023358573272168
gbm,10,84,0.0514754406255844,0.0514754406255844
gbm,10,85,0.15155265171147725,0.15155265171147725
gbm,10,86,0.08653350304440635,0.11811699729393677
gbm,10,87,-0.2875136279504643,-0.04146182043970813
gbm,10,88,-0.05293512830048048,-0.011286704658302865
gbm,10,89,-0.17085481398938712,-0.008082590527311959
gbm,10,90,0.00023548348492086202,0.10231145898626753
gbm,10,91,0.020136492341073037,0.08088897793562633
gbm,10,92,0.08352241869662097,0.08352241869662097
gbm,10,93,-0.005354273974771423,0.040490506256967596
gbm,10,94,-0.248586544896817,-0.0820578458234025
gbm,10,95,-0.013712536325043198,0.045047601723847586
gbm,10,96,-0.155968720943502,0.12926211883937141
gbm,10,97,0.06149666190434824,0.0673356928817416
gbm,10,98,-0.004540503292945863,0.05793739467744302
gbm,10,99,-0.05584490291172019,0.08948537341721521
gbm,10,100,-0.12568933142433364,-0.08355402238950585
gbm,10,101,0.041956205060314056,0.05827302907746562
gbm,10,102,-0.10525730453955134,0.07682012079280473
gbm,10,103,0.07055168335772463,0.07062565435511481
gbm,10,104,0.16091120778599613,0.16091120778599613
gbm,10,105,0.018523118830576002,0.07961931484027474
gbm,10,106,-0.13958301524715785,-0.04773500386666081
gbm,10,107,-0.03448208596957878,0.14805024335061776
gbm,10,108,0.08757049550678539,0.10114795425755763
gbm,10,109,0.10993915189631659,0.1538591886403993
gbm,10,110,-0.058944618787568695,0.025084447219273887
gbm,10,111,-0.20093512083970905,0.03764007975139366
gbm,10,112,-0.18957869098550223,0.06770236715695738
gbm,10,113,0.0947222033703142,0.1489940984958803
gbm,10,114,0.08681816270970155,0.14668266548670242
gbm,10,115,-0.0067274297385954,0.06914154747335174
gbm,10,116,0.11703001899843302,0.11703001899843302
gbm,10,117,-0.19264108200674546,0.015087601461107117
gbm,10,118,-0.05093889758352571,0.1332049687819043
gbm,10,119,0.042687648518663496,0.09956561175080991
gbm,10,120,0.10053510501048557,0.16963020581824387
gbm,10,121,-0.030043806197602115,0.04704670510420775
gbm,10,122,-0.2029330741091755,0.0614862287776779
gbm,10,123,-0.06994192921168621,0.048301497461064435
gbm,10,124,-0.17187173471333994,0.05066280424980393
gbm,10,125,-0.21235676161384326,-0.009931631343755978
gbm,10,126,-0.3462373652959798,-0.02828647069342345
gbm,10,127,0.039049302676966935,0.10423852528359909
gbm,10,128,-0.24555646046089336,-0.08359267022658821
gbm,10,129,0.059166818240615565,0.06417429651490916
gbm,10,130,0.1499349883219726,0.15779828011337568
gbm,10,131,-0.1291342394052849,-0.06698139113575709
gbm,10,132,0.010457478190373334,0.08082994195101892
gbm,10,133,-0.21805391169038846,-0.028984714248150203
gbm,10,134,-0.10532139745800292,0.02803131891548742
gbm,10,135,-0.01008161214093839,0.02875523667781664
gbm,10,136,-0.29671791849031154,-0.11851572805530101
gbm,10,137,0.05194054353454661,0.1270584947714242
gbm,10,138,-0.1747707701411881,-0.0687534527249084
gbm,10,139,0.20298893989324532,0.2602516832091879
gbm,10,140,0.10887567536604723,0.12099931246820611
gbm,10,141,0.03518691533663737,0.07756434189530853
gbm,10,142,0.13241885669526327,0.13793742299856296
gbm,10,143,-0.06328773310269842,0.0481756822070421
gbm,10,144,0.01504072990650368,0.05602723024600664
gbm,10,145,-0.016629045342983137,0.0841762846608819
gbm,10,146,0.10171342490309518,0.10171342490309518
gbm,10,147,0.040007327900041606,0.14318189623354105
gbm,10,148,-0.13860901523266772,0.054601072324904354
gbm,10,149,0.08458777325191827,0.14293461465984011
gbm,10,150,0.019137988171396877,0.09525460183134943
gbm,10,151,0.1729437961607085,0.20326761982670008
gbm,10,152,-0.12017649555075996,0.10817154861255712
gbm,10,153,0.087163151926159,0.153586515612035
gbm,10,154,0.06081148610466508,0.08271931022926804
gbm,10,155,-0.0014572576683562904,0.03536583353870357
gbm,10,156,-0.11927949582575538,-0.0029459709047482546
gbm,10,157,0.031500477267330046,0.08645204240302637
gbm,10,158,-0.14381630173015827,0.02817425428594729
gbm,10,159,-0.02434139199292977,0.03379620071296138
gbm,10,160,-0.013503362249407458,0.030306454291342627
gbm,10,161,-0.23364420660111174,-0.008701615233572019
gbm,10,162,-0.18247102600575849,0.032637926139872125
gbm,10,163,-0.04755809081151215,0.05586129997014708
gbm,10,164,0.07389654794894157,0.10319003044883326
gbm,10,165,0.08607529141340667,0.11761946898660541
gbm,10,166,0.14804365734838337,0.16242387286338486
gbm,10,167,-0.029624195691039294,0.03600432859450475
gbm,10,168,0.01689019976315692,0.10727221527578715
gbm,10,169,-0.01365861610598687,0.1318261867727337
gbm,10,170,-0.1260631326496898,0.07094571107455641
gbm,10,171,-0.07061366793317778,0.051547657152108045
gbm,10,172,0.01776716025811105,0.07222672508492095
gbm,10,173,-0.05864252784751092,0.009265546430829288
gbm,10,174,-0.06430358278751502,0.042281494244123946
gbm,10,175,0.028254844459890294,0.11240638147444482
gbm,10,176,-0.08499049434676353,-0.0147530039228842
gbm,10,177,-0.2768531817437134,0.006604068423833737
gbm,10,178,0.02396133915642301,0.07743447979486207
gbm,10,179,-0.010375649375170812,0.06876645130356404
gbm,10,180,0.02756538633059477,0.13110937969272551
gbm,10,181,-0.15470264952205035,-0.08106723152526583
gbm,10,182,-0.07782806582244695,-0.0035695422546902084
gbm,10,183,-0.012230227728274562,0.07944885575324159
gbm,10,184,0.03643127604559805,0.09752815520335464
gbm,10,185,0.002315663127324563,0.0540839839467562
gbm,10,186,-0.3616656372218896,0.02360470120749486
gbm,10,187,0.06073344547428999,0.16815686098999302
gbm,10,188,-0.1512167389877569,-0.07248442253037843
gbm,10,189,-0.20402972026160937,0.103414646885543
gbm,10,190,-0.16819459548954635,0.018362658191736783
gbm,10,191,-0.017281976559863313,0.06051034204234723
gbm,10,192,0.05114146241756923,0.06173070746695308
gbm,10,193,0.06565558626064918,0.06565558626064918
gbm,10,194,-0.15835720801613407,0.018684042809999135
gbm,10,195,-0.1843226796659831,0.027592237899824568
gbm,10,196,0.009603793365299942,0.13894515489576528
gbm,10,197,0.05176181353170456,0.08412314092842582
gbm,10,198,0.3512946711496798,0.3512946711496798
gbm,10,199,-0.07505077682721958,-0.027351370596676985
gbm,10,200,-0.0659447907134069,0.027909571197239233
gbm,10,201,-0.03165648925342223,0.013292590689664763
gbm,10,202,0.08028280711038782,0.16447087834895155
gbm,10,203,0.041273344154634184,0.07838582835936653
gbm,10,204,-0.07840567105375723,0.047792006223565636
gbm,10,205,-0.039507309351052046,0.16868483582803404
gbm,10,206,-0.3541156857539597,0.04765249439203115
gbm,10,207,0.0028292876321762833,0.0028292876321762833
gbm,10,208,-0.09189986780876959,-0.010867829064982348
gbm,10,209,-0.03821128083564096,0.14252062791037023
gbm,10,210,-0.011185465699101158,0.09399123760680378
gbm,10,211,0.10862372230546452,0.22915305596102922
gbm,10,212,-0.01174302247907677,0.06791385458581681
gbm,10,213,0.15532488221492927,0.15532488221492927
gbm,10,214,0.11308638342667907,0.17494520606436872
gbm,10,215,0.07957912436549303,0.11631900531106376
gbm,10,216,0.09033034227922429,0.12241071507709167
gbm,10,217,-0.0032980124842061503,0.11886162163158415
gbm,10,218,-0.0844587810255066,0.061426876228932614
gbm,10,219,-0.25272776952561393,0.041898111984315284
gbm,10,220,0.08516460057564215,0.08844197799706721
gbm,10,221,-0.20263919578580156,0.08808997788403874
gbm,10,222,-0.06862440688751492,-0.017716803771489945
gbm,10,223,-0.08378179451482835,0.06704998297504763
gbm,10,224,-0.04729446447888528,0.12213506447077041
gbm,10,225,-0.09257713075086325,0.021572228829139603
gbm,10,226,-0.20002307589699458,0.029574057052578553
gbm,10,227,-0.0164459233216947,0.04564811543874936
gbm,10,228,-0.008468582341827222,0.10177642223581909
gbm,10,229,-0.23035133288730691,-0.024269236876835867
gbm,10,230,-0.12640355396711506,0.17261264739192458
gbm,10,231,0.022917813756723138,0.06973434151185448
gbm,10,232,0.056698608604996925,0.10859318884328381
gbm,10,233,-0.024756086590076637,0.059480458793312735
gbm,10,234,-0.21424639243524798,0.004997134982645354
gbm,10,235,-0.10000514097158096,0.029481631966343652
gbm,10,236,0.030031841705656995,0.09576632998068865
gbm,10,237,-0.00046167893113852054,0.08575749690040696
gbm,10,238,-0.21695290822264313,-0.006971417748410785
gbm,10,239,-0.046642625885905765,0.04853271112687951
gbm,10,240,0.21823324914706047,0.21823324914706047
gbm,10,241,0.04081932303984295,0.10897376779764878
gbm,10,242,-0.015239312171304545,0.05634138032578559
gbm,10,243,-0.058522130816385395,0.11184546590422084
gbm,10,244,0.06395564209725693,0.0942224824898572
gbm,10,245,0.012696560933286957,0.0883808974531507
gbm,10,246,0.11995956429555982,0.11995956429555982
gbm,10,247,0.12141018798595965,0.14158773513937734
gbm,10,248,-0.013487253294852772,0.01903759160357374
gbm,10,249,-0.008542026756411442,0.08320016154933291
gbm,10,250,0.1392005554437489,0.15193032524785086
gbm,10,251,-0.2610927903116015,0.012947726757763928
gbm,10,252,-0.17836726440325534,0.019287103488611526
gbm,10,253,0.0929608516590712,0.18903037879610754
gbm,10,254,-0.2657895146235741,0.01284080701452936
gbm,10,255,-0.3714022549610577,0.06452064228770493
gbm,10,256,-0.008782205854766856,0.0765182524233867
gbm,10,257,0.0623726011434769,0.10621595766436095
gbm,10,258,0.03272161196209962,0.14330451449366
gbm,10,259,-0.26991248190255585,0.12105404381002532
gbm,10,260,-0.12320234539597362,0.16589572331074012
gbm,10,261,0.21897624871730012,0.24307803608156967
gbm,10,262,0.08109689568115908,0.10761775694937323
gbm,10,263,-0.04683614182303027,0.03768644594576845
gbm,10,264,0.03772533369858441,0.07039494225055618
gbm,10,265,0.13702008872870797,0.17978374394085753
gbm,10,266,0.16399083381123933,0.17363664523912378
gbm,10,267,-0.043671259584318486,0.03603906889826394
gbm,10,268,-0.04725250880412593,0.12195574310575852
gbm,10,269,-0.0009268935500423015,0.003498642191156226
gbm,10,270,0.10409928615790867,0.14458591513915975
gbm,10,271,0.0595058012288299,0.12266573539333353
gbm,10,272,-0.26756358986193457,0.21166546115702337
gbm,10,273,-0.00803704292327051,0.12777496986039802
gbm,10,274,-0.2054887820259501,-0.0850233758965865
gbm,10,275,0.04722122267226453,0.05781963255845299
gbm,10,276,-0.005296942397363183,0.03527970701364279
gbm,10,277,-0.17937699671542837,0.0079754694137847
gbm,10,278,-0.1596051902546073,0.05274982372679915
gbm,10,279,-0.029751906026902857,0.04115954202096725
gbm,10,280,-0.18556842322382736,0.30688999414911566
gbm,10,281,-0.2791051229141292,0.023046617000180944
gbm,10,282,0.10921389822142866,0.10998774092251792
gbm,10,283,0.02253411048201648,0.10831431579010373
gbm,10,284,-0.0038545733821823552,0.10977586662574843
gbm,10,285,-0.2959758123761006,-0.11000009142754721
gbm,10,286,-0.00017851059283388593,0.06334664071646229
gbm,10,287,-0.013620785487081885,0.04490629430003279
gbm,10,288,-0.021380940374536306,0.04783426334743143
gbm,10,289,0.009378194495621259,0.06287692965577502
gbm,10,290,0.17732887819458612,0.17732887819458612
gbm,10,291,-0.03326981267740025,0.14449798938961286
gbm,10,292,0.03842678145402795,0.0694620013456908
gbm,10,293,-0.26161018432144034,0.06793187448330526
gbm,10,294,-0.1505974596816132,0.03328071203031148
gbm,10,295,-0.020046298635728044,0.018689176400941865
gbm,10,296,0.014748808440050429,0.12994513746568656
gbm,10,297,-0.07439492866574651,0.009962406922300021
gbm,10,298,0.04382682294812221,0.1240019421553605
gbm,10,299,0.0287643681198176,0.11954606775310425
gbm,10,300,0.11475839660039674,0.16743447733428798
gbm,10,301,-0.19648074067599658,0.022734934858546663
gbm,10,302,-0.20653197226452416,-0.11197177258335975
gbm,10,303,0.1494408616415033,0.1494408616415033
gbm,10,304,-0.2639341252250663,-0.14937181619964898
gbm,10,305,-0.12059611996257413,0.06359320355571874
gbm,10,306,0.047789184198138185,0.12651084818525962
gbm,10,307,0.0016788999521010067,0.06742996380905031
gbm,10,308,0.08520389989622129,0.13768988306560237
gbm,10,309,0.07480541472728935,0.10352437988310192
gbm,10,310,-0.005410715458820464,0.03313230814710351
gbm,10,311,0.043660239524559774,0.0812111722685655
gbm,10,312,0.08660255880818366,0.10138872501633744
gbm,10,313,-0.09038143823825265,0.09483788437573745
gbm,10,314,0.05768928070545465,0.1672134798666625
gbm,10,315,0.13673912981206218,0.13673912981206218
gbm,10,316,-0.30868312991943814,-0.02889967703691295
gbm,10,317,-0.036439876187883254,0.07706385647445024
gbm,10,318,-0.03558436912370702,0.06710416681580075
gbm,10,319,-0.06149642513370081,-0.002461744723809417
gbm,10,320,0.023470451349167726,0.07711237129846535
gbm,10,321,0.07573680920813133,0.1505627165660018
gbm,10,322,-0.022915841275391924,0.1402175942118241
gbm,10,323,-0.05015475433943749,0.08243725258363122
gbm,10,324,0.03452484009010426,0.054778138980935726
gbm,10,325,-0.11996486501147513,-0.07424242016414499
gbm,10,326,-0.013184364163180917,0.07564243569366264
gbm,10,327,-0.0019586657654681594,0.032786350707116566
gbm,10,328,0.08269419348838317,0.09780946608107055
gbm,10,329,-0.013095214697326107,0.15206581474080647
gbm,10,330,0.014171429386508547,0.14721845412223353
gbm,10,331,0.10420753925539528,0.1321296505251025
gbm,10,332,0.09063872442184664,0.09063872442184664
gbm,10,333,0.1286816657551028,0.15673592023914357
gbm,10,334,0.012436358507697906,0.050567075834821895
gbm,10,335,-0.0033948269177364876,0.060571177522476344
gbm,10,336,0.23634692397517434,0.23634692397517434
gbm,10,337,-0.3028624712405168,-0.03523562807999608
gbm,10,338,-0.2233899690828503,0.03723387978583931
gbm,10,339,-0.006122199430766126,0.09090847662368884
gbm,10,340,-0.08340179928821258,0.0007125538697071582
gbm,10,341,-0.08454153684902246,-0.07781510999469698
gbm,10,342,0.05393203479035727,0.08140005905051406
gbm,10,343,0.10907780938993217,0.10907780938993217
gbm,10,344,0.11144938723302866,0.1538365521809074
gbm,10,345,0.23753370678039512,0.23753370678039512
gbm,10,346,0.14639848793247268,0.14639848793247268
gbm,10,347,-0.17778200029040725,0.015427833384572251
gbm,10,348,0.08652524361000971,0.13206290764404097
gbm,10,349,-0.05026288928206146,-0.017599175981240417
gbm,10,350,0.05841023394256356,0.11670291864454876
gbm,10,351,0.07500976689835778,0.1192920185269758
gbm,10,352,0.10783038083753083,0.14431264138360325
gbm,10,353,-0.06252521197492131,0.08456576417545722
gbm,10,354,0.08614101544303487,0.12644941943493884
gbm,10,355,0.19416416256945226,0.20234333003208274
gbm,10,356,0.005946223471477524,0.09417885597051628
gbm,10,357,-0.215301058671526,0.034333042756730464
gbm,10,358,0.09225390889991608,0.15603137588702906
gbm,10,359,-0.20826731492226194,0.015972219827869658
gbm,10,360,0.08329353155185942,0.13547674620714745
gbm,10,361,-0.39963627575673455,-0.03934626837633802
gbm,10,362,-0.12376550047435445,0.009138531319806062
gbm,10,363,-0.011321704295832902,0.1822431753794497
gbm,10,364,0.023222914601504635,0.08325285751510447
gbm,10,365,-0.3179317900066672,-0.21580752923522792
gbm,10,366,0.023395253009290934,0.1475378837951816
gbm,10,367,-0.23059650726704803,-0.07660126160269747
gbm,10,368,0.15923789511457462,0.15923789511457462
gbm,10,369,-0.184748618867637,0.012408452560748046
gbm,10,370,-0.043321896470236244,0.013531419176415496
gbm,10,371,0.10673075336784321,0.10673075336784321
gbm,10,372,-0.07448602706591193,0.09717977521642177
gbm,10,373,-0.03591548568409413,0.08760544889993471
gbm,10,374,-0.012451697055516575,0.05074392194184671
gbm,10,375,-0.2385900704304102,-0.0364919903354176
gbm,10,376,0.05689369767959174,0.08553528525544535
gbm,10,377,0.06990953537185474,0.10681571295233383
gbm,10,378,0.08518948534931337,0.08518948534931337
gbm,10,379,-0.03453828995992185,0.06186018196328258
gbm,10,380,-0.22719223819130327,0.06130997414168474
gbm,10,381,0.1290928765367498,0.1290928765367498
gbm,10,382,-0.23487115374610656,0.035534367928725094
gbm,10,383,0.041873440818302826,0.1329266935185009
gbm,10,384,-0.0878110653226801,-0.02291637007433224
gbm,10,385,-0.22032493194492173,-0.04941909607213496
gbm,10,386,0.0151706654499109,0.1798750702415217
gbm,10,387,-0.13016250812458163,-0.11420208363267886
gbm,10,388,-0.03133196745775112,0.00321755796229492
gbm,10,389,0.07418110062907529,0.16074801932163932
gbm,10,390,-0.2637856828422533,0.017578850081710853
gbm,10,391,0.060727075651735324,0.07363500434351022
gbm,10,392,0.02569229249320816,0.08215992913226403
gbm,10,393,0.12112075250512175,0.15702054400272977
gbm,10,394,0.0665208365043794,0.11282617747868023
gbm,10,395,0.028908595777766097,0.12313784332781894
gbm,10,396,0.12320039584890471,0.12320039584890471
gbm,10,397,-0.008316915888190266,0.07065559193973112
gbm,10,398,0.09661517346012502,0.09661517346012502
gbm,10,399,0.04423140741404111,0.11375985066467292
gbm,10,400,-0.09571235347074968,0.008729204193624884
gbm,10,401,-0.015827201534308125,0.08616987317805674
gbm,10,402,0.05942038603907085,0.13676438573028318
gbm,10,403,-0.005998706069743925,0.08343938796260311
gbm,10,404,-0.16027634045264333,-0.04338245941246161
gbm,10,405,-0.30684796812091986,0.05086577689512514
gbm,10,406,0.10456140360121119,0.21442190331421943
gbm,10,407,0.24460470977341522,0.24460470977341522
gbm,10,408,0.09362162827997433,0.1571951478754685
gbm,10,409,-0.070107906548647,0.07589478211212586
gbm,10,410,-0.04784639051004195,0.1393942787469387
gbm,10,411,-0.12688031962772026,0.08946973077221557
gbm,10,412,-0.18901773969525354,0.023109664752126363
gbm,10,413,0.08186666689114636,0.1563071273525666
gbm,10,414,-0.08816990542748111,0.07316019065937018
gbm,10,415,-0.03203743025685647,0.06199449249796399
gbm,10,416,-0.13206580828685519,0.08488925097269218
gbm,10,417,-0.16124659996502086,0.016185205333753755
gbm,10,418,-0.11387934574584592,0.04385751732164431
gbm,10,419,-0.14815110453019986,0.09952045457510547
gbm,10,420,0.095873211416756,0.10294705944788113
gbm,10,421,0.00051286887731751,0.042448034513438954
gbm,10,422,0.02676339726059951,0.0636148149370622
gbm,10,423,-0.10301172769838025,0.035047034542441236
gbm,10,424,0.021009621023805755,0.050501810040272266
gbm,10,425,0.005571094145005201,0.033246456682018075
gbm,10,426,0.06541956933785384,0.06541956933785384
gbm,10,427,0.016585424228597795,0.052399552308408065
gbm,10,428,-0.09329039221712751,-0.049092591079501265
gbm,10,429,0.0049201060351986015,0.055142314054207914
gbm,10,430,0.09085697842917595,0.09905557269547477
gbm,10,431,0.08236026487102505,0.1204869913187703
gbm,10,432,0.07724049081483522,0.07724049081483522
gbm,10,433,-0.027719401691003988,0.036247013226303554
gbm,10,434,0.0733184979524904,0.0733184979524904
gbm,10,435,0.050015436914775196,0.09809113735670233
gbm,10,436,0.07173883986348759,0.07173883986348759
gbm,10,437,0.12303189998878675,0.17754165612892134
gbm,10,438,0.006964896699698769,0.05569533755524245
gbm,10,439,0.1797437773969444,0.1797437773969444
gbm,10,440,-0.09888943777630847,0.12365226025526779
gbm,10,441,-0.07231363231083934,0.07789993424846453
gbm,10,442,-0.27471403330328187,0.006292934408202638
gbm,10,443,-0.0167664542044981,0.01238163215728745
gbm,10,444,-0.10123318993543218,0.03753487164328656
gbm,10,445,-0.0828057324223025,0.14155701588060238
gbm,10,446,-0.027452250643473064,0.051871553882106014
gbm,10,447,0.07300114836650742,0.12219469072976766
gbm,10,448,-0.024016382986316545,0.055353474541737724
gbm,10,449,0.01854293774976913,0.09220936413024994
gbm,10,450,-0.06964919891338041,-0.06901348307425681
gbm,10,451,0.09464431074528964,0.10992869550733494
gbm,10,452,-0.1123551102050772,0.134168252090287
gbm,10,453,-0.22719376356827536,0.045489479875376965
gbm,10,454,0.1073831068365195,0.1073831068365195
gbm,10,455,-0.13172093863778078,0.05845731647411756
gbm,10,456,0.016596281005672495,0.16003595275054983
gbm,10,457,0.024751090410361942,0.13698414738906753
gbm,10,458,-0.04824125069052485,0.13735663320230623
gbm,10,459,-0.2851925985536553,0.021669248354155776
gbm,10,460,0.1713612790692525,0.1713612790692525
gbm,10,461,-0.10780474719248073,0.03336277675129573
gbm,10,462,-0.06418081815966005,0.049977027411817115
gbm,10,463,-0.2785011155217686,0.015561907283647411
gbm,10,464,0.012533953773081016,0.05724088042491962
gbm,10,465,0.042643352992408456,0.13126271251942484
gbm,10,466,0.09142244325219892,0.11846429229403477
gbm,10,467,0.08065868636510368,0.08065868636510368
gbm,10,468,0.08779782051870016,0.08827988418473934
gbm,10,469,-0.009651534352579275,0.029654826453774624
gbm,10,470,-0.011853087020340658,0.050069711348927015
gbm,10,471,0.14155091827089306,0.14155091827089306
gbm,10,472,-0.1498298913854817,0.0824169260787403
gbm,10,473,-0.07966398109218407,0.044936044947576026
gbm,10,474,0.0598366251188836,0.16863717497771266
gbm,10,475,-0.14697655709988597,-0.011064606767100874
gbm,10,476,0.07205149091025628,0.07730410660540568
gbm,10,477,0.19954438713263742,0.22422674650365268
gbm,10,478,-0.05572259294466328,0.04962168675928022
gbm,10,479,-0.09579253320584523,-0.07823727875163751
gbm,10,480,0.13628177436518044,0.23680236399864638
gbm,10,481,0.008162605548154955,0.10006566578157661
gbm,10,482,0.11684901627230238,0.1615651547933553
gbm,10,483,-0.09523248653405382,0.024927608531035567
gbm,10,484,0.06379310792523274,0.08317055271493362
gbm,10,485,0.004176875046057932,0.07005425779185584
gbm,10,486,0.15725329849922573,0.15725329849922573
gbm,10,487,-0.010811354793335684,0.08218396404926748
gbm,10,488,0.010563402040034031,0.12109020065523263
gbm,10,489,0.11092782242022295,0.13570697036789026
gbm,10,490,-0.2880165477620884,0.0006861608226516047
gbm,10,491,0.07676629598837784,0.12144505378107029
gbm,10,492,0.028367277520914003,0.14429712310433246
gbm,10,493,0.11866406870144663,0.13890769560881205
gbm,10,494,-0.21415405560123663,0.06019990067645922
gbm,10,495,0.1416400986286738,0.18090717764915884
gbm,10,496,0.016274636445632443,0.13283189395073644
gbm,10,497,0.027549884233155048,0.069632806947892
gbm,10,498,-0.24700783176750477,0.0038658368538812826
gbm,10,499,-0.08767137485490185,0.0350409463012125
gbm,10,500,0.06599633903366783,0.14631586873044705
gbm,10,501,0.042627081673057954,0.11487294008966159
gbm,10,502,-0.08623769585925996,-0.017491252939459676
gbm,10,503,0.0955942673820559,0.0955942673820559
gbm,10,504,-0.04143454541715886,0.14889658315131862
gbm,10,505,-0.08247010267444156,0.06523251257573537
gbm,10,506,0.08703449588713297,0.08703449588713297
gbm,10,507,-0.12911542721438102,0.04691195680342383
gbm,10,508,-0.01760799372393697,0.005923392969408067
gbm,10,509,-0.11419693560736632,-0.06660636415530415
gbm,10,510,0.08022593534950564,0.17032219331712403
gbm,10,511,-0.24298630314620562,-0.047923472069591286
gbm,10,512,-0.1535018524320509,0.024971070591569583
gbm,10,513,-0.3112441418850801,0.013467094291275225
gbm,10,514,0.06303139546925529,0.06303139546925529
gbm,10,515,-0.020924972792454366,0.03152966499292435
gbm,10,516,0.09785878624202532,0.18654643349213643
gbm,10,517,-0.046587233811473186,0.03859978341490447
gbm,10,518,-0.17172362301626748,0.1368478520615578
gbm,10,519,0.1328998898028903,0.15307903133534087
gbm,10,520,-0.3198563299635869,-0.11458030905793198
gbm,10,521,0.02867510969907887,0.0778047712231992
gbm,10,522,0.13723987800877185,0.22750261344726216
gbm,10,523,0.00209124483260599,0.055708529559623465
gbm,10,524,0.13803966766567655,0.13803966766567655
gbm,10,525,-0.0611956349083432,0.021962501413287552
gbm,10,526,0.06359820761611429,0.14908593287404015
gbm,10,527,0.10930489983103492,0.13601370284970157
gbm,10,528,-0.25128932051018865,0.06923451386422219
gbm,10,529,-0.10438106499738094,0.060437749522403605
gbm,10,530,0.07954754052268712,0.10869850143247878
gbm,10,531,0.015049177968682381,0.06262478545668626
gbm,10,532,-0.26018545983279673,-0.16438139321339645
gbm,10,533,-0.173579506551654,0.057760647527613396
gbm,10,534,0.07241802011110882,0.07241802011110882
gbm,10,535,0.07268738350623158,0.0865387907167387
gbm,10,536,-0.2571220949491494,-0.08427347914691906
gbm,10,537,-0.17672019960692453,0.210027066437894
gbm,10,538,0.15614798736511318,0.18136162433128136
gbm,10,539,-0.09238624100420638,-0.049350809579790336
gbm,10,540,0.161251934182004,0.24164359269217348
gbm,10,541,0.18341752959458588,0.18341752959458588
gbm,10,542,-0.06907053484361515,-0.008301443903923247
gbm,10,543,0.023195525679163373,0.03270450490856702
gbm,10,544,0.03483442240102576,0.1280973150925989
gbm,10,545,-0.1826884202793599,-0.0731183032914941
gbm,10,546,0.05655142054876741,0.08113013000969771
gbm,10,547,0.0639466885464994,0.0639466885464994
gbm,10,548,-0.058444971477369476,0.07431458385525147
gbm,10,549,-0.24310076049507792,0.049805933663954804
gbm,10,550,-0.00611816919308375,0.12700759872019254
gbm,10,551,0.12030985270850175,0.23003595376663807
gbm,10,552,-0.04209103690451193,0.11394468813504724
gbm,10,553,0.12445206981499432,0.12596183832696578
gbm,10,554,0.008962057908750931,0.05126203298068402
gbm,10,555,0.2160739633470072,0.2160739633470072
gbm,10,556,0.2523317335694484,0.2523317335694484
gbm,10,557,-0.13254705690049107,0.023014546394116528
gbm,10,558,-0.0857345541540468,-0.010688442960135158
gbm,10,559,0.003010705061326141,0.08374930230527042
gbm,10,560,0.09768208943069034,0.15698268897449327
gbm,10,561,0.09328981704726377,0.16693013153825978
gbm,10,562,-0.0659642738589815,0.05902575398079049
gbm,10,563,0.19381982034646425,0.23102153307410453
gbm,10,564,0.12676231698912607,0.12676231698912607
gbm,10,565,0.0017181094587325335,0.06162622460759126
gbm,10,566,-0.20413950820501792,0.010468526241699777
gbm,10,567,-0.14340074176766535,0.05883931991114014
gbm,10,568,-0.013718311672361275,0.0385606892797557
gbm,10,569,0.09565008629093533,0.13604160089057882
gbm,10,570,0.16310348124900212,0.16310348124900212
gbm,10,571,0.15081876250715867,0.16458343296811415
gbm,10,572,-0.11386477598815888,0.02813174793348054
gbm,10,573,0.04751367265720943,0.09620603695834645
gbm,10,574,-0.027142721593638917,0.016400111639998438
gbm,10,575,0.01189034518502341,0.017960481932205632
gbm,10,576,-0.11844516170380902,0.03509225547918551
gbm,10,577,0.09147548873281047,0.09147548873281047
gbm,10,578,0.1419697513546,0.17550504889405852
gbm,10,579,0.15477523981617267,0.15477523981617267
gbm,10,580,-0.005767965353022056,-0.005767965353022056
gbm,10,581,0.08330049184690222,0.20557842274524932
gbm,10,582,-0.09565353590997125,-0.02755536353844161
gbm,10,583,-0.06488275332960595,0.11165851057532467
gbm,10,584,0.043755100734566316,0.059001106318110286
gbm,10,585,0.020785971201377054,0.10690966194205226
gbm,10,586,0.0017439550416736421,0.009915171125199684
gbm,10,587,-0.20279537191750283,-0.03446520505780086
gbm,10,588,0.09623744384401156,0.1583770457845413
gbm,10,589,-0.00394601135204789,0.1715728513498728
gbm,10,590,0.09028610286957064,0.1687453203704837
gbm,10,591,0.023302893116475765,0.08104275321030982
gbm,10,592,-0.0400331787903011,0.10110843271259914
gbm,10,593,0.007985011676857431,0.07448984587208499
gbm,10,594,0.1127351943743082,0.16992127531002307
gbm,10,595,-0.08056749976836988,0.10501516671483238
gbm,10,596,-0.2659735112741898,0.02619267914471586
gbm,10,597,-0.18879901713657615,0.06052708154195055
gbm,10,598,-0.11237979851405251,-0.07083098957953121
gbm,10,599,0.15079735147843307,0.15576007412387088
gbm,10,600,0.11985988629812244,0.18860703252550878
gbm,10,601,0.11836055745376556,0.18592259982083506
gbm,10,602,-0.05743431207181052,0.0516244258760685
gbm,10,603,0.13596144574035332,0.1892705659779316
gbm,10,604,-0.010131600187832185,0.049235968656672124
gbm,10,605,-0.05706911789512852,0.06276541854118126
gbm,10,606,0.23096234401306517,0.23096234401306517
gbm,10,607,0.045871250483795034,0.0986859443461415
gbm,10,608,0.003279207863409808,0.0580329229475407
gbm,10,609,0.07933170244173249,0.11674774516049796
gbm,10,610,-0.042845414528651295,0.05906106638310335
gbm,10,611,-0.11867918622013393,-0.0015036796555821658
gbm,10,612,0.07604121291326607,0.1078370592090166
gbm,10,613,0.04983685778401026,0.20154018677896193
gbm,10,614,0.050720220049261744,0.06402106237857941
gbm,10,615,-0.03419950726811956,0.03725275671651149
gbm,10,616,-0.16174325404199752,0.11004997969640076
gbm,10,617,-0.01328039442911956,0.05823489365566903
gbm,10,618,0.028355901111251205,0.045163282886392236
gbm,10,619,0.037440309978095554,0.13977604355397888
gbm,10,620,-0.08163498067162087,0.04205854626467029
gbm,10,621,-0.13993002688507095,0.07140288456019847
gbm,10,622,0.06000095935433891,0.06000095935433891
gbm,10,623,0.06300492611040898,0.06300492611040898
gbm,10,624,0.14095514248333846,0.14095514248333846
gbm,10,625,0.05261974746519574,0.1304120503865826
gbm,10,626,0.10336623143297557,0.14016051109665095
gbm,10,627,0.11081973048678492,0.1753400276114294
gbm,10,628,-0.21852816333402653,0.02379804360012143
gbm,10,629,0.048105062762824,0.05891660078653174
gbm,10,630,-0.21267081028855,-0.038226903679545225
gbm,10,631,-0.18396722211828467,0.08553487814022226
gbm,10,632,0.15222435357037734,0.15222435357037734
gbm,10,633,0.0007221338229359275,0.000743101490979392
gbm,10,634,-0.014883493389045072,0.09771575124416806
gbm,10,635,0.028991239314372294,0.09922729366746849
gbm,10,636,0.045757392875849956,0.11226563213536075
gbm,10,637,-0.31510407073380126,-0.09740623989923802
gbm,10,638,-0.007924870681550872,0.0595165244148759
gbm,10,639,-0.0206527925339329,-0.0007352198127872078
gbm,10,640,0.04346672507970842,0.07086686597794026
gbm,10,641,0.03183895779703287,0.03576405579012959
gbm,10,642,0.019136739889580076,0.05963329372545961
gbm,10,643,-0.1587918790652488,0.12227797405496388
gbm,10,644,-0.12376933256178406,0.0007719909187795804
gbm,10,645,-0.12077648407794947,0.03743430969487632
gbm,10,646,-0.06793624593793522,0.043184427437772954
gbm,10,647,-0.2147732608686135,-0.07344790279822058
gbm,10,648,-0.16625789065458627,0.016807049051023218
gbm,10,649,-0.015339082662146716,-0.005711508533474685
gbm,10,650,-0.017892399971247794,0.03826955825075681
gbm,10,651,0.00624203626375977,0.08834286926954515
gbm,10,652,-0.1124571727670767,0.04904857949414762
gbm,10,653,0.21571064814547722,0.21571064814547722
gbm,10,654,-0.1972969894684516,-0.007910343526808514
gbm,10,655,0.08335479290022402,0.11755591203078672
gbm,10,656,0.02987582367375574,0.09597032197709626
gbm,10,657,0.05232626263673523,0.0782575880844516
gbm,10,658,0.03494895331928666,0.09192180222190269
gbm,10,659,0.006095926506933608,0.0783645893162746
gbm,10,660,0.10583120504209523,0.15976398049460863
gbm,10,661,-0.14585011858339872,0.04767172970730804
gbm,10,662,-0.06407543757677467,0.0081846796205539
gbm,10,663,-0.15878330257172513,0.028016105322044224
gbm,10,664,-0.13386322116433239,0.04119707310089346
gbm,10,665,0.07394433330256342,0.11996589217195511
gbm,10,666,-0.0689887697636973,0.09118461759951252
gbm,10,667,0.028526759439568297,0.09499977551547192
gbm,10,668,0.07999500499975992,0.10930893425303465
gbm,10,669,0.06368465222331954,0.06368465222331954
gbm,10,670,0.05476415775146423,0.14557510511827992
gbm,10,671,-0.08254415291014808,0.11697513368637288
gbm,10,672,-0.20532317671335537,0.08265297884639858
gbm,10,673,-0.2172797621196056,0.028348130225812562
gbm,10,674,-0.10214388912824167,0.0808056791943498
gbm,10,675,-0.2465166219303012,-0.10615430730947391
gbm,10,676,0.13179523499889195,0.13179523499889195
gbm,10,677,0.023225711710034624,0.1831445150386591
gbm,10,678,-0.05898258554448377,0.03327826288880957
gbm,10,679,-0.06876382949724623,0.0840261711645515
gbm,10,680,-0.05682472363296824,-0.010629958930892483
gbm,10,681,-0.22328512335679893,-0.013999643067220666
gbm,10,682,0.10489820039267711,0.17931767736353085
gbm,10,683,0.03456324869731159,0.06528782850222278
gbm,10,684,0.01708629737067742,0.10055055073604327
gbm,10,685,-0.18132748032204915,0.0690951976334776
gbm,10,686,-0.28833076154147896,0.001516628088761865
gbm,10,687,0.060034088434779614,0.060034088434779614
gbm,10,688,0.034982570127861254,0.15258875472812397
gbm,10,689,0.06811782374393327,0.0760037640023544
gbm,10,690,0.2065463025825723,0.26774945888006507
gbm,10,691,-0.101097382979873,-0.011043103343654964
gbm,10,692,-0.019883053493491815,0.01842565834430894
gbm,10,693,-0.12233985085472504,0.04321867192501028
gbm,10,694,-0.03276240941694251,0.02253564510293747
gbm,10,695,-0.09967849237568815,0.07406544696145972
gbm,10,696,-0.038571916311549104,0.12814921476040803
gbm,10,697,-0.10544299055572016,0.06078248752885618
gbm,10,698,-0.10735813787014624,0.025230914027464052
gbm,10,699,-0.10062991682453894,0.07824803932414906
gbm,10,700,-0.1933037626704925,0.1015188778120549
gbm,10,701,-0.098132393043433,0.0895458067690941
gbm,10,702,-0.1158457006474453,-0.028618846202048465
gbm,10,703,0.0639110424243205,0.14925605502335917
gbm,10,704,-0.009570217127519043,0.0496541666422157
gbm,10,705,-0.08707987734588155,0.20439654641827595
gbm,10,706,0.11632081436825062,0.1898789000173379
gbm,10,707,0.20663148720843003,0.2352025909813291
gbm,10,708,0.1303056156535448,0.1303056156535448
gbm,10,709,-0.14649451442615366,-0.0020851616858997835
gbm,10,710,0.09211364431299982,0.1599870581105072
gbm,10,711,0.08577622078244204,0.16877594442633734
gbm,10,712,-0.28269565786240236,-0.014844937220717822
gbm,10,713,0.056769045922595573,0.14633401610415728
gbm,10,714,-0.38650398870574976,0.02129034887917966
gbm,10,715,0.2578952523299899,0.2578952523299899
gbm,10,716,-0.18093414746993208,0.09964103894260631
gbm,10,717,-0.04800594038422699,0.06954609923767283
gbm,10,718,0.042690662619999764,0.09695483817317985
gbm,10,719,-0.13134609724729598,0.02075308857401427
gbm,10,720,-0.015160038851330895,0.10449586222844906
gbm,10,721,-0.11516657033873921,0.005348206592850457
gbm,10,722,0.03513172558841954,0.060962498989265035
gbm,10,723,-0.24461378671402859,-0.059885451840727494
gbm,10,724,-0.20473258666909386,-0.12317330882816778
gbm,10,725,-0.20834849459174196,-0.1375890092140897
gbm,10,726,-0.18221793332985078,-0.012357275915741414
gbm,10,727,-0.09248198830295887,0.01309305423070059
gbm,10,728,0.023207975677248457,0.09628690810586071
gbm,10,729,0.02265589302585845,0.049527072333961725
gbm,10,730,-0.14701931269300827,0.167581824731347
gbm,10,731,0.020656396745629954,0.020656396745629954
gbm,10,732,-0.0003498255319571153,0.040659009775629945
gbm,10,733,-0.006640031094470561,0.08078875771462102
gbm,10,734,0.1402645146586072,0.1402645146586072
gbm,10,735,0.12173614847785716,0.12173614847785716
gbm,10,736,-0.014428541460193775,0.12449580903901683
gbm,10,737,-0.021401696493005426,0.058736301612903
gbm,10,738,0.0613595382400714,0.14103632495517346
gbm,10,739,0.04089046169899774,0.04089046169899774
gbm,10,740,-0.00963039920875454,0.050150908279232825
gbm,10,741,0.06542560231057798,0.1529835655238717
gbm,10,742,-0.006992845682195589,0.17625417544999153
gbm,10,743,-0.16041329704060986,0.07824842631761411
gbm,10,744,-0.06200121557249457,0.028251522158427536
gbm,10,745,-0.05278300242954372,0.06336865690308599
gbm,10,746,-0.06298989242142888,0.029198751371590725
gbm,10,747,-0.24765076212717285,0.009616450375461813
gbm,10,748,0.16034882659755614,0.23599834920757698
gbm,10,749,-0.06034426998417777,0.02831778646347559
gbm,10,750,-0.0031287263791555386,0.056794102088501636
gbm,10,751,0.00782379339249746,0.09844562455931616
gbm,10,752,-0.08399701177090277,-0.011289234205801357
gbm,10,753,-0.0010914176576479473,0.07431256926379809
gbm,10,754,-0.002200833410028913,0.10076750863885825
gbm,10,755,-0.2056340624970437,-0.044011796590839015
gbm,10,756,-0.2297034382725664,0.1043605533225209
gbm,10,757,-0.03074579908317942,0.0451377123727964
gbm,10,758,-0.33030015720248773,0.008681928582258303
gbm,10,759,-0.018765206543360904,0.056529337098317034
gbm,10,760,-0.03870830070844362,0.009525873790873704
gbm,10,761,-0.12458296959118108,0.059203062622157715
gbm,10,762,-0.22153314329178753,0.0061624863259011065
gbm,10,763,-0.01651109577490209,0.23386236475769237
gbm,10,764,0.015030176082479904,0.055332994392391754
gbm,10,765,-0.15535445237315365,0.07810252128800749
gbm,10,766,0.028247706644995513,0.04218901818037779
gbm,10,767,-0.13872880222474288,0.08993974677486474
gbm,10,768,-0.051775854505333126,0.06854963948091894
gbm,10,769,0.0666947238428181,0.0758633146023425
gbm,10,770,0.08331958883291532,0.1169979147018391
gbm,10,771,-0.12987832272870573,0.018265178527090198
gbm,10,772,-0.12193717859799602,0.0196609656418779
gbm,10,773,-0.15052563900437893,0.033116675742118004
gbm,10,774,-0.02746630621505508,0.04372096247248211
gbm,10,775,-0.08091337743768515,0.09949785291107321
gbm,10,776,-0.14595752098498943,0.06283853900694256
gbm,10,777,-0.010011240251990641,0.1560590352982393
gbm,10,778,-0.06676993658689986,0.10271905876752388
gbm,10,779,0.051638040717802675,0.051638040717802675
gbm,10,780,0.15245921452818412,0.15245921452818412
gbm,10,781,-0.08299577042819363,-0.05994429608359795
gbm,10,782,-0.3028957805122405,-0.16286369370009468
gbm,10,783,0.0438627715096494,0.10127802969261832
gbm,10,784,0.01806590583355315,0.07608362003645464
gbm,10,785,0.05154258106804813,0.07252452112521118
gbm,10,786,0.0671585897263132,0.14464024388170188
gbm,10,787,-0.1477355345197005,0.09178247866401357
gbm,10,788,0.0707057789470093,0.14203447845819941
gbm,10,789,0.07930183141776573,0.1880967824008364
gbm,10,790,-0.050632735876339964,0.06986810915702032
gbm,10,791,-0.20016219796862492,0.01547751468404368
gbm,10,792,-0.10944804448680073,0.07051383668160796
gbm,10,793,-0.027825272717632472,0.04890407578108932
gbm,10,794,-0.1667083141255417,-0.029324476151131956
gbm,10,795,-0.1414947182074489,0.12107990343176595
gbm,10,796,-0.00037364537531003883,0.04803522019348133
gbm,10,797,-0.04768840970347744,0.03550973651512414
gbm,10,798,-0.14141925587223966,-0.002661818270821556
gbm,10,799,-0.0021900694661981385,0.05750466457625861
gbm,10,800,-0.05133783340700284,0.08105150778208436
gbm,10,801,-0.38117355119281426,-5.245775110364337e-05
gbm,10,802,0.08471316392088468,0.10077772578735389
gbm,10,803,0.16450677292762736,0.17136595145547898
gbm,10,804,0.07109445319961807,0.1234410131215381
gbm,10,805,0.0767816758727754,0.16268283776491002
gbm,10,806,0.1702902491603925,0.1702902491603925
gbm,10,807,0.008345951486737557,0.0662633621306166
gbm,10,808,0.06577532679613737,0.07612106114999656
gbm,10,809,0.00147264346186525,0.1123943120502526
gbm,10,810,0.04224532093300262,0.12018208197987337
gbm,10,811,-0.0215502672182908,0.023850927974561342
gbm,10,812,0.13295385498760331,0.1619520729744597
gbm,10,813,-0.32963374753062924,-0.05907311699191904
gbm,10,814,-0.2578871963056283,-0.027032737070792172
gbm,10,815,0.08323777349702186,0.11773601080405141
gbm,10,816,-0.09827346010754913,0.014327083385284572
gbm,10,817,0.16580264330270647,0.2557418409690986
gbm,10,818,-0.10408867131519774,0.07297674045475461
gbm,10,819,-0.1668322905256891,0.028607182810162515
gbm,10,820,0.08203389226182653,0.08203389226182653
gbm,10,821,-0.0038972143827267908,-0.0038972143827267908
gbm,10,822,0.1236881409943667,0.13482430299242049
gbm,10,823,0.020576729763171014,0.12864468501585083
gbm,10,824,-0.30223766638773475,-0.08456280535157015
gbm,10,825,-0.020283948336372384,0.0992125308613053
gbm,10,826,-0.15321135007116576,-0.013718685335734115
gbm,10,827,-0.09087359597666554,0.06286795780193205
gbm,10,828,-0.18358655522312792,0.06081529400654345
gbm,10,829,-0.19328933283879254,-0.03049286099706886
gbm,10,830,0.10860969552750477,0.20831011993247664
gbm,10,831,0.04237296196512355,0.07139663149358919
gbm,10,832,0.09845138087099253,0.1210695365095327
gbm,10,833,0.015286684314642515,0.05647950267737464
gbm,10,834,0.03161667751151498,0.03161667751151498
gbm,10,835,-0.010364675270276388,0.07835979441955929
gbm,10,836,-0.01907779185802476,0.03489351875538138
gbm,10,837,-0.0783839877406045,0.04732979931923867
gbm,10,838,0.1581001628899484,0.20461352475420272
gbm,10,839,0.08144035002192243,0.08144035002192243
gbm,10,840,-0.09169916034692009,0.05659817425686481
gbm,10,841,-0.14164621172266417,-0.013461247362012721
gbm,10,842,0.3432563969507322,0.3432563969507322
gbm,10,843,0.007347758293978338,0.007347758293978338
gbm,10,844,-0.23107916966506345,-0.0024159517747155274
gbm,10,845,-0.09328422946872432,0.06647028836465971
gbm,10,846,0.022416478015622618,0.0953090642341877
gbm,10,847,-0.07058504091404928,0.11795547172490617
gbm,10,848,-0.038255956127613185,0.07632577373341631
gbm,10,849,-0.02645897017827025,0.03006757560588233
gbm,10,850,-0.03317717000691375,0.06414418446140008
gbm,10,851,0.085163982683297,0.17493017341388664
gbm,10,852,0.10084549835730025,0.11161982867963949
gbm,10,853,0.16110616174695747,0.17687616354126826
gbm,10,854,-0.14967281771691057,-0.06211415192261267
gbm,10,855,-0.18207574357192163,-0.018787658180251257
gbm,10,856,0.1341089640326941,0.16005189561038297
gbm,10,857,-0.010962821918113402,0.10346407800713198
gbm,10,858,-0.09946965353699007,0.051312422752978065
gbm,10,859,-0.17937063905453127,-0.019848341889307994
gbm,10,860,-0.021990818500160936,-0.010456318843879958
gbm,10,861,-0.0344083022988467,0.09931010350788036
gbm,10,862,-0.07239715653113113,0.07284782263256159
gbm,10,863,-0.03407032238537854,0.008109482761457884
gbm,10,864,0.002112407609955777,0.09289790905042486
gbm,10,865,0.052469738921352926,0.1257580134776074
gbm,10,866,-0.04229202671453875,0.10254788679453539
gbm,10,867,0.01837039865155808,0.1408186315402574
gbm,10,868,-0.098885101813785,-0.004208857274075481
gbm,10,869,-0.2108454030707811,0.07652792155053317
gbm,10,870,0.20963868169280062,0.2511112279384915
gbm,10,871,0.027501261152228285,0.11464166473308224
gbm,10,872,0.07838450977075959,0.07838450977075959
gbm,10,873,-0.18439744903655303,0.09923854240172769
gbm,10,874,-0.1531285635727665,-0.055399788291464414
gbm,10,875,0.15300803218163356,0.1983385395766082
gbm,10,876,-0.0899222571291044,-0.02469485272986989
gbm,10,877,0.0886075662299089,0.17934588995068793
gbm,10,878,0.018463701033038127,0.1390136160718433
gbm,10,879,-0.06722927337784732,0.058075610903556535
gbm,10,880,-0.005234652094392042,0.0633585811776202
gbm,10,881,0.119452867541191,0.15143701219302724
gbm,10,882,-0.06595243166653358,0.11604603900762248
gbm,10,883,-0.132593309761566,-0.01001091837026398
gbm,10,884,-0.010696561376434516,0.05991431908729877
gbm,10,885,0.017732892992902136,0.16507768236954515
gbm,10,886,0.032516563381838795,0.10692334018241179
gbm,10,887,0.148118647384169,0.148118647384169
gbm,10,888,0.03843559991902215,0.08988925282626689
gbm,10,889,-0.17913228543275267,0.07929974622746858
gbm,10,890,-0.04518734577106228,0.040690735427500485
gbm,10,891,-0.12493236252502815,-0.0614084208998078
gbm,10,892,0.0021627186735526382,0.03192913548337857
gbm,10,893,-0.1666193412951284,0.058873830241175235
gbm,10,894,-0.18590516971443832,0.060449500489223235
gbm,10,895,-0.1490198850775687,-0.0337401055269449
gbm,10,896,-0.08863775181562475,0.06245737097157533
gbm,10,897,-0.2839440673972048,-0.0005914229880482902
gbm,10,898,0.003478231739235449,0.13209098492504728
gbm,10,899,0.05715319403884547,0.12996343431995389
gbm,10,900,0.013899187478187455,0.11551453514771859
gbm,10,901,0.05832736087553378,0.14426563452503655
gbm,10,902,-0.056010824218635444,0.1553157898132732
gbm,10,903,0.06230358812739231,0.08688056442200534
gbm,10,904,0.0708130504367824,0.1222749241926829
gbm,10,905,-0.056855153969022014,0.10796402354215442
gbm,10,906,-0.05527280247261095,-0.0027451171392129797
gbm,10,907,0.019579639916145503,0.06716434206222469
gbm,10,908,-0.2539070286596656,-0.13029205082315481
gbm,10,909,-0.0030828618695435683,0.15112305389056058
gbm,10,910,-0.30284283902860915,-0.017975336375125106
gbm,10,911,-0.3703726690667768,-0.041222416183648844
gbm,10,912,0.2852395501609386,0.2852395501609386
gbm,10,913,0.08832471386123569,0.11088833936159881
gbm,10,914,0.06505124553906355,0.184690290860175
gbm,10,915,0.013954640412045277,0.03889212313842755
gbm,10,916,0.042136925031595635,0.1031055863410969
gbm,10,917,-0.037046313625825306,0.1280723490933242
gbm,10,918,0.05924754077600153,0.06512368353886394
gbm,10,919,0.008976986572639414,0.08035046970977808
gbm,10,920,0.0024519293947615206,0.052151586093996866
gbm,10,921,-0.04753969453346672,0.04526019344736626
gbm,10,922,0.18668492556777247,0.20643424107785677
gbm,10,923,-0.25373471155526894,0.02158563052286598
gbm,10,924,0.028957644305173627,0.06927077997348635
gbm,10,925,-0.01932727130271976,0.08076188907909931
gbm,10,926,-0.018912412537172935,0.17404384301545592
gbm,10,927,0.020964771511315913,0.15801565828747624
gbm,10,928,0.06608549669646308,0.1203923905922468
gbm,10,929,0.1033691780900293,0.1033691780900293
gbm,10,930,-0.1747798911583529,0.056443130911581624
gbm,10,931,-0.023504953760373773,0.019163991893755533
gbm,10,932,0.10646265419131826,0.12966241704567236
gbm,10,933,0.051940839201234434,0.10380662557862003
gbm,10,934,0.06241258267433078,0.06241258267433078
gbm,10,935,0.09056742429967213,0.14017767594792593
gbm,10,936,0.055610470597941525,0.11292442453941137
gbm,10,937,-0.23126112555725195,-0.11049763185414521
gbm,10,938,0.14505856683160243,0.15136854213707915
gbm,10,939,0.16016527107612696,0.194521111364049
gbm,10,940,-0.09152974802674779,0.07778708683160904
gbm,10,941,-0.2000451599057125,0.05488097406402015
gbm,10,942,0.06149579579935402,0.0770544368982927
gbm,10,943,-0.30580675505939325,-0.006001274260884662
gbm,10,944,0.07766279524527389,0.19049963666015277
gbm,10,945,-0.03435526641450324,-0.028508766859032524
gbm,10,946,0.023300363389811438,0.0480667731688581
gbm,10,947,0.007933343042074992,0.054027755797247945
gbm,10,948,0.06377909877000476,0.1043230062718036
gbm,10,949,0.03149985912592465,0.10770661210079396
gbm,10,950,0.06521832732455995,0.10002563781168139
gbm,10,951,0.07202199757782052,0.12623037746518562
gbm,10,952,0.10314041047441005,0.15925445303537938
gbm,10,953,0.062210143297697584,0.1336871162001688
gbm,10,954,-0.23341190030003278,-0.11726218949501563
gbm,10,955,0.04843594714768465,0.04843594714768465
gbm,10,956,-0.24390257548377595,0.00041819898563295876
gbm,10,957,-0.12675056206031107,0.003083289324897154
gbm,10,958,0.0648048812267299,0.08579325844327412
gbm,10,959,0.10365940716794425,0.10365940716794425
gbm,10,960,0.050990704843004275,0.08347838626968357
gbm,10,961,-0.24561899984549673,0.021485309895230537
gbm,10,962,0.08266862318691545,0.10334163799421414
gbm,10,963,-0.01321100504562732,0.1409021072186815
gbm,10,964,-0.02719775895531519,0.04153474464380727
gbm,10,965,0.13335752502651946,0.15789518307780104
gbm,10,966,0.013682436453718125,0.056115178360982926
gbm,10,967,-0.05806789830011572,0.05426159564386035
gbm,10,968,0.009786165720039555,0.06957548132456673
gbm,10,969,0.005789834477691408,0.005789834477691408
gbm,10,970,-0.28609732585316316,-0.024232557375793468
gbm,10,971,0.003741206373532202,0.03201474266455495
gbm,10,972,-0.20958044878910992,-0.0840396134341447
gbm,10,973,-0.10045399331565837,0.0817212470018843
gbm,10,974,0.11006706357508017,0.12557089530429072
gbm,10,975,0.1023216804160981,0.13865524471262497
gbm,10,976,-0.04896526567538168,0.06486626243133381
gbm,10,977,0.19986264999418293,0.3774649609720897
gbm,10,978,0.011965616135967694,0.07758331748968728
gbm,10,979,-0.3024181471964471,-0.13524827233025108
gbm,10,980,-0.08579215790159565,0.0793562680994086
gbm,10,981,-0.04966554249857787,0.13476061328279879
gbm,10,982,0.06165498006101,0.06165498006101
gbm,10,983,0.04730195066674581,0.11454123498660623
gbm,10,984,0.03037920597140141,0.1310757751797305
gbm,10,985,0.0979198787547314,0.12007486195712333
gbm,10,986,-0.18856575510867118,0.14303284638955988
gbm,10,987,0.15330894981224405,0.15330894981224405
gbm,10,988,0.10760927675196544,0.20024286426913826
gbm,10,989,0.02996596351399769,0.08453997067944663
gbm,10,990,0.03911371094160365,0.11348861658636641
gbm,10,991,-0.0203878330129251,-0.0070049981461792615
gbm,10,992,-0.1761449489666868,0.008062097349040634
gbm,10,993,-0.15318308246988432,0.045342743998289886
gbm,10,994,0.02822448168400854,0.03837324952543311
gbm,10,995,-0.03504041301263497,0.07980464315288369
gbm,10,996,-0.010602559719650961,0.17770829806127422
gbm,10,997,-0.21231140819945413,0.06190213378737988
gbm,10,998,-0.12509934597815614,0.1343036722925852
gbm,10,999,0.08409841202128615,0.08409841202128615
gbm,10,1000,-0.056603866530640985,0.12657087230926367
gbm,10,1001,-0.022773228791000397,0.07314101166561823
gbm,10,1002,-0.0988710956106951,-0.029928514833171403
gbm,10,1003,0.08581269485528337,0.1518339504856498
gbm,10,1004,-0.29235543040965983,-0.005041042595379394
gbm,10,1005,-0.26914728317928976,-0.10631607531561854
gbm,10,1006,-0.07160699176131993,0.17865962475899452
gbm,10,1007,-0.2714347768640929,0.08217126343170503
gbm,10,1008,0.13973392571250634,0.13973392571250634
gbm,10,1009,-0.03307387074860647,0.04906455012786712
gbm,10,1010,-0.2808845681409917,-0.08964544762869842
gbm,10,1011,-0.27047038324960526,-0.004501962771224652
gbm,10,1012,-0.14351235902560666,0.04930451922922227
gbm,10,1013,-0.021503487195910678,0.03798812915449462
gbm,10,1014,-0.2663677815238535,-0.02361764373301277
gbm,10,1015,0.06667288349761061,0.12882439751480423
gbm,10,1016,0.06496094582498169,0.07809385219641946
gbm,10,1017,0.1272026334809509,0.16067883690575638
gbm,10,1018,-0.06961906811468514,0.0811084414133676
gbm,10,1019,0.02262415164042486,0.15058753701653993
gbm,10,1020,-0.01697278652479481,0.1794016409265378
gbm,10,1021,-0.01843386119815643,0.04759087146496482
gbm,10,1022,0.21189144416965386,0.21189144416965386
gbm,10,1023,0.06416039032518259,0.09044886919109132
gbm,10,1024,-0.19764183257299942,0.010222046599583645
gbm,10,1025,0.1057706567340363,0.1057706567340363
gbm,10,1026,0.036015959810216144,0.06713205911270514
gbm,10,1027,-0.033171183949866664,0.18813740966043216
gbm,10,1028,0.17189481633534734,0.17952654772306922
gbm,10,1029,-0.25139095722613847,0.04674814004042377
gbm,10,1030,-0.09888995174231308,0.02494221279778011
gbm,10,1031,-0.06686373338842688,-0.03762680410183561
gbm,10,1032,-0.21333763261318278,0.011229676599988067
gbm,10,1033,0.034938045291120434,0.13985282253806622
gbm,10,1034,0.028738457724255442,0.07906027160663034
gbm,10,1035,0.08758512774738011,0.21860175599455764
gbm,10,1036,-0.45278372617108653,-0.01566759394421581
gbm,10,1037,0.032062256585331336,0.09567983021697044
gbm,10,1038,0.030120104699826664,0.059007822735758
gbm,10,1039,0.06926628523194661,0.06926628523194661
gbm,10,1040,-0.10278118235883679,0.04838260209752432
gbm,10,1041,-0.09876646884517601,-0.04180930571730225
gbm,10,1042,0.014471142810935644,0.01900454142987419
gbm,10,1043,-0.0243739848618668,0.04219972862904073
gbm,10,1044,-0.0619155739434586,0.05102301129920914
gbm,10,1045,0.10850427299438647,0.11213583465721053
gbm,10,1046,-0.0007074133792822901,0.023295287294208086
gbm,10,1047,0.11670878713484265,0.19005770055274138
gbm,10,1048,-0.04484804773710699,0.0993469891638033
gbm,10,1049,-0.017440061358735312,0.14325526434012525
gbm,10,1050,0.052843272204966124,0.10402882925055429
gbm,10,1051,-0.012645395664314885,0.03238235047385907
gbm,10,1052,-0.0042871271853176934,0.00949118535583364
gbm,10,1053,-0.2767425512953091,0.008169807828261044
gbm,10,1054,-0.06491147428830994,0.005382890747637606
gbm,10,1055,-0.0054058269108753915,0.0851625890047348
gbm,10,1056,-0.021720937393253287,0.049179488706546676
gbm,10,1057,0.040430206195079726,0.053591866688505796
gbm,10,1058,-0.45742221978437614,-0.1522240220456749
gbm,10,1059,0.073638582960763,0.11187852043707322
gbm,10,1060,-0.22800959807536442,0.07164716028407311
gbm,10,1061,0.07564620070433742,0.08447886750649855
gbm,10,1062,-0.1997703336833479,-0.004881429232258178
gbm,10,1063,-0.08822854460375433,0.08568522332982739
gbm,10,1064,-0.14524086374818357,0.07202237987463131
gbm,10,1065,0.021932141304267086,0.029989778104557538
gbm,10,1066,-0.0172845338217638,0.026595519360032974
gbm,10,1067,0.013075816565909712,0.10863061633903673
gbm,10,1068,0.11533398238915199,0.11533398238915199
gbm,10,1069,-0.02014495849625164,-0.02014495849625164
gbm,10,1070,-0.05469510321026246,0.11403848133270245
gbm,10,1071,0.07718211492874344,0.1183534227095919
gbm,10,1072,-0.16109567549758935,0.0017956785605229147
gbm,10,1073,0.023996693779555087,0.06767981191965208
gbm,10,1074,-0.12438054516036377,0.05932469868721035
gbm,10,1075,-0.012117251588520755,0.06139918852306023
gbm,10,1076,0.007093795047505763,0.007093795047505763
gbm,10,1077,0.0383476913241014,0.058240645020821574
gbm,10,1078,-0.05033556965057359,0.06143144521137006
gbm,10,1079,-0.011190116461717442,0.06100717665709826
gbm,10,1080,0.06190875547719815,0.16036865333104897
gbm,10,1081,-0.00012924267814200252,0.10422676998786842
gbm,10,1082,-0.069197303940776,0.012366618581084898
gbm,10,1083,0.07410684587143515,0.15185057759860862
gbm,10,1084,0.023162887632985643,0.045182328045521164
gbm,10,1085,0.12370542349403993,0.12422396340402239
gbm,10,1086,0.06761539584522261,0.13790355024134204
gbm,10,1087,-0.007326535682272192,0.02915348589747195
gbm,10,1088,-0.07399111501114214,0.1273233704454697
gbm,10,1089,-0.11878346212379505,0.010326084004327968
gbm,10,1090,0.07852877911068273,0.15891287419797173
gbm,10,1091,0.1371255419805152,0.1371255419805152
gbm,10,1092,-0.008811408009036056,0.11125238108795676
gbm,10,1093,0.013972999438510991,0.1027884488511944
gbm,10,1094,0.13883722006506405,0.16804125458262267
gbm,10,1095,0.09870589454813142,0.13008920209214572
gbm,10,1096,-0.130038448022612,0.028527738793709442
gbm,10,1097,0.03318575928576427,0.1666443067901097
gbm,10,1098,0.07971014944100768,0.15871371963415867
gbm,10,1099,-0.06780412451412676,0.0760961654847275
gbm,10,1100,-0.2047592497208589,0.028335976841727853
gbm,10,1101,-0.24785287214208768,0.009220006695508348
gbm,10,1102,-0.23068551509077698,-0.022244874426160216
gbm,10,1103,-0.03175233440424755,0.17644679760378604
gbm,10,1104,0.08332382435617769,0.08332382435617769
gbm,10,1105,0.20693051768701967,0.20693051768701967
gbm,10,1106,-0.02331513825501122,0.07765565784006687
gbm,10,1107,0.04552596949254961,0.07973452333592337
gbm,10,1108,-0.14573382555910427,-0.05571159691763352
gbm,10,1109,0.007629697446762007,0.23289956173623552
gbm,10,1110,-0.18315135448275652,0.022055581608127123
gbm,10,1111,0.05677776929631265,0.0568721730385931
gbm,10,1112,-0.09989682985338115,0.012325051450140886
gbm,10,1113,-0.16030495802585726,-0.015786711345008947
gbm,10,1114,0.060045539332089115,0.08315764136797354
gbm,10,1115,-0.19839354198838494,-0.03584355639627724
gbm,10,1116,0.06368166820599505,0.09397790488389171
gbm,10,1117,0.06604061169088105,0.0799261955979704
gbm,10,1118,-0.20890369971776923,0.03029718894683374
gbm,10,1119,-0.27196655519652235,-0.09783814896593433
gbm,10,1120,-0.23113020977379453,-0.0921256939077374
gbm,10,1121,0.08358950894561157,0.129645677877523
gbm,10,1122,0.11924822418561187,0.11924822418561187
gbm,10,1123,0.10234308171956374,0.10234308171956374
gbm,10,1124,-0.14734459458058413,0.01948677540441146
gbm,10,1125,0.05915759512926194,0.12514406907420497
gbm,10,1126,0.10803033507337845,0.12371319192865585
gbm,10,1127,-0.0499715235109695,-0.03254509135632725
gbm,10,1128,-0.17070325029850136,0.019150425772587604
gbm,10,1129,0.1569282809021406,0.1569282809021406
gbm,10,1130,-0.15274924474564347,0.07961622720486433
gbm,10,1131,0.04579124140785376,0.07296444942539257
gbm,10,1132,-0.27744363825490015,-0.11063168970155954
gbm,10,1133,0.1554595418624376,0.1554595418624376
gbm,10,1134,-0.1233362508616491,-0.03531645405387904
gbm,10,1135,-0.021850227465791988,0.005585052101813523
gbm,10,1136,0.07860963310483535,0.07860963310483535
gbm,10,1137,0.036379549904398956,0.09973425949670445
gbm,10,1138,0.023027620845999255,0.11591666617698135
gbm,10,1139,-0.10824983088134357,0.04466958756598305
gbm,10,1140,-0.22515113547226456,-0.16690072383479887
gbm,10,1141,-0.0008714463573283454,0.044044119829274864
gbm,10,1142,-0.010905681613356921,0.06717035548957034
gbm,10,1143,-0.1027050292504617,0.09074004134973124
gbm,10,1144,-0.16471940468194257,-0.03146191393550554
gbm,10,1145,-0.028377960773155318,0.10532433159786944
gbm,10,1146,-0.1409960272431502,-0.010942264733996995
gbm,10,1147,-0.2935751429661896,-0.1112780422706984
gbm,10,1148,0.10939595382467007,0.20452994993486903
gbm,10,1149,0.05723316412063706,0.06651129530443467
gbm,10,1150,-0.2655276271867961,-0.010464604210387862
gbm,10,1151,-0.19498546676711648,0.013357223598732967
gbm,10,1152,-0.05195373850093452,0.08540624961632262
gbm,10,1153,-0.3006761708748299,0.03646065650681449
gbm,10,1154,-0.4215640680727464,-0.09700260422209622
gbm,10,1155,-0.1614321919288176,0.04356647100371397
gbm,10,1156,-0.05743052084327043,0.09365955336018883
gbm,10,1157,-0.2009350936442118,0.06719706961161526
gbm,10,1158,-0.018501341190737333,0.056685391792064
gbm,10,1159,0.019117810906569152,0.07629339929333095
gbm,10,1160,0.11088886897357911,0.11088886897357911
gbm,10,1161,-0.11470593261229407,0.11587279231602837
gbm,10,1162,0.11214322275658117,0.11214322275658117
gbm,10,1163,-0.28207554565987414,-0.15461632209965723
gbm,10,1164,0.043487754702150605,0.10070582217060361
gbm,10,1165,-0.05131939352908297,0.03340414387812422
gbm,10,1166,0.004777404220218537,0.06340810865519364
gbm,10,1167,-0.17834549937220623,-0.0017313483595761125
gbm,10,1168,0.13450355369897987,0.13450355369897987
gbm,10,1169,-0.17917779663690175,0.01819262927744722
gbm,10,1170,0.09165489470889493,0.1154496710995695
gbm,10,1171,-0.004448973922883792,0.08319255905142442
gbm,10,1172,0.09635353103065603,0.1105770940766529
gbm,10,1173,-0.04645286561800079,0.0019192932156998493
gbm,10,1174,0.06512124160346061,0.1630144327226943
gbm,10,1175,-0.003091020851376358,0.05592301840014571
gbm,10,1176,0.060136241685258635,0.09979997661306225
gbm,10,1177,-0.2466080115682025,0.01889858030341522
gbm,10,1178,-0.23683683521255589,-0.0045574956547073525
gbm,10,1179,-0.17750144787776068,0.007264732169941154
gbm,10,1180,0.047205218524528275,0.047205218524528275
gbm,10,1181,0.08325153178132738,0.09544076399494814
gbm,10,1182,0.016062542082761325,0.16576248530657442
gbm,10,1183,-0.14226383336716858,0.07419455216936577
gbm,10,1184,0.10407832369654743,0.1532647874086853
gbm,10,1185,0.04435013368197971,0.10180484768557907
gbm,10,1186,0.00907505961803369,0.07759030429173722
gbm,10,1187,-0.19873147636114774,0.029744570963087982
gbm,10,1188,-0.0026309452894024976,0.03705847183303235
gbm,10,1189,-0.06224323911397793,0.04471935712112554
gbm,10,1190,0.03377463557203625,0.08727745711371629
gbm,10,1191,-0.006930650161153823,0.10029948503120034
gbm,10,1192,0.11401554411335521,0.11401554411335521
gbm,10,1193,-0.21427051303358854,0.0031888126131284222
gbm,10,1194,0.09558594526162373,0.11151076871440627
gbm,10,1195,0.029555054034757833,0.07519413658175642
gbm,10,1196,0.05660337035243518,0.07607833816341547
gbm,10,1197,-0.07130123862801585,0.055601371587741644
gbm,10,1198,0.023237151115897817,0.08349393733503807
gbm,10,1199,0.03488204707978307,0.14354644492830912
gbm,10,1200,-0.04164625507694265,0.08564531378473308
gbm,10,1201,-0.20579191348403675,0.027200496451107364
gbm,10,1202,-0.012060651167531855,0.01824512269062248
gbm,10,1203,-0.08548471127528898,0.07281446959928053
gbm,10,1204,-0.13583172953156564,0.003886708552412743
gbm,10,1205,-0.09713684323219378,-0.0021230804703072786
gbm,10,1206,0.05301614404651195,0.10402219116457995
gbm,10,1207,0.002664103919973293,0.0803610606635255
gbm,10,1208,0.07643062488141683,0.07763305816980742
gbm,10,1209,-0.08057454993180228,0.08516453865377951
gbm,10,1210,-0.04614333039200567,0.04436206470034548
gbm,10,1211,-0.11182803140431335,-0.10134629848008156
gbm,10,1212,-0.289844227894373,-0.11528661413939555
gbm,10,1213,0.07319060583645753,0.08528932706951675
gbm,10,1214,-0.13458783178905306,0.08821424405532197
gbm,10,1215,0.14771146282151018,0.24207221954557387
gbm,10,1216,0.17383761228255204,0.17383761228255204
gbm,10,1217,0.04154423804512858,0.10092486218409016
gbm,10,1218,0.03488438975408836,0.04123883242156989
gbm,10,1219,-0.05116765683886915,0.03989993242533865
gbm,10,1220,-0.025603161630659302,0.10868308450763639
gbm,10,1221,-0.18390989705734545,0.058903889733497666
gbm,10,1222,-0.008593658213384897,0.07219278287038233
gbm,10,1223,-0.002299179831885767,0.013548232924932568
gbm,10,1224,0.051909678563382855,0.18524005585537465
gbm,10,1225,-0.046390691240098966,0.00560563247889638
gbm,10,1226,0.17772373793891258,0.20485288942636296
gbm,10,1227,-0.13101898437094053,0.03128718056306154
gbm,10,1228,-0.006828298361688884,0.06277262458271202
gbm,10,1229,0.019005763353456787,0.07458758107312469
gbm,10,1230,0.16383756241220768,0.1672841535462142
gbm,10,1231,0.008450464076363712,0.12922686710748107
gbm,10,1232,0.0002210532176365465,0.0002210532176365465
gbm,10,1233,0.0778102278720943,0.15090881672812176
gbm,10,1234,0.01879574664372101,0.07979440084164796
gbm,10,1235,0.14673196152189075,0.14673196152189075
gbm,10,1236,-0.273190470682083,0.012699285058462934
gbm,10,1237,0.10810993414139361,0.10810993414139361
gbm,10,1238,-0.12404848219161474,-0.04117202797687653
gbm,10,1239,0.10247011897981637,0.10247011897981637
gbm,10,1240,-0.09523848158762227,-0.028474868944259407
gbm,10,1241,-0.12209533476242529,0.06323307377094795
gbm,10,1242,-0.1348924553260797,0.026502828956677854
gbm,10,1243,-0.12288108676404583,-0.06854597454572425
gbm,10,1244,0.06070898294495744,0.10640755284665523
gbm,10,1245,-0.017143209178415372,0.07609951345834695
gbm,10,1246,-0.12390087596046452,-0.009615582684736057
gbm,10,1247,-0.04411421301665728,0.006613865728028717
gbm,10,1248,-0.29851290198016533,0.04959009140157661
gbm,10,1249,-0.05823910726410464,0.06172641538795964
gbm,10,1250,-0.008798101705265099,0.04658569097676024
gbm,10,1251,-0.056414969745981,0.13754131423410504
gbm,10,1252,-0.12077362108406975,0.1180902676551363
gbm,10,1253,0.17114636422226784,0.19102998634091342
gbm,10,1254,0.015220619545129668,0.015220619545129668
gbm,10,1255,0.13567172706006722,0.13567172706006722
gbm,10,1256,0.05050326155267992,0.1402738477514124
gbm,10,1257,-0.2743432985999038,0.05110676794655988
gbm,10,1258,0.12226500310747326,0.12226500310747326
gbm,10,1259,-0.03970199403251359,0.10327377322159523
gbm,10,1260,-0.22148440009317583,-0.009419059226945095
gbm,10,1261,-0.12629015359148138,-0.03508360793732409
gbm,10,1262,-0.28882532484126533,-0.01432666855723315
gbm,10,1263,0.18816152431216113,0.2404568513480084
gbm,10,1264,-0.0249131769243989,0.07322888958714383
gbm,10,1265,-0.1631492485936354,0.024746204098094443
gbm,10,1266,0.0703244143587472,0.10397238809468423
gbm,10,1267,-0.014685737867933882,0.03611279783924151
gbm,10,1268,0.07936880372253935,0.09841366696697992
gbm,10,1269,0.007204095456019105,0.05111867360862929
gbm,10,1270,0.0934353614666894,0.16179855500323362
gbm,10,1271,0.0634821257402689,0.1340989745208532
gbm,10,1272,-0.24459848851322294,-0.12438957035532297
gbm,10,1273,0.2033050147780527,0.2033050147780527
gbm,10,1274,-0.006685157269119016,-0.0003886874202157081
gbm,10,1275,0.010582972069744359,0.09667525468862878
gbm,10,1276,0.042711723851355576,0.042711723851355576
gbm,10,1277,0.02623766891337885,0.10757167163453829
gbm,10,1278,-0.05656230432711684,0.06125249752021822
gbm,10,1279,-0.1338453468793392,0.052777300736992744
gbm,10,1280,-0.11818006680117281,0.04056715181878304
gbm,10,1281,-0.07681854002620472,0.07954446506658719
gbm,10,1282,0.07488828598473643,0.10812048453775866
gbm,10,1283,0.012544982332824861,0.0637916342418769
gbm,10,1284,0.05147706044409406,0.05308534973436424
gbm,10,1285,0.07099246983127497,0.11469591057364692
gbm,10,1286,0.20678666716200547,0.20678666716200547
gbm,10,1287,0.08907074127487624,0.08907074127487624
gbm,10,1288,0.14114239752546665,0.14114239752546665
gbm,10,1289,0.08787154437451702,0.08787154437451702
gbm,10,1290,0.01794268462304266,0.10729225458768693
gbm,10,1291,0.02979811794323846,0.0315668009585655
gbm,10,1292,-0.1465224436627798,-0.00182112404077224
gbm,10,1293,-0.002426079779401319,0.09907183348618187
gbm,10,1294,-0.05572087258407347,0.0805676115289587
gbm,10,1295,-0.12413527803813465,0.05068078632781084
gbm,10,1296,-0.00032180784094244796,0.08205144103259612
gbm,10,1297,0.07904103460247217,0.10063501294507629
gbm,10,1298,-0.030060407546870387,0.02621890993239402
gbm,10,1299,-0.14058538582279506,0.0717893380089204
gbm,10,1300,-0.07002294690306828,0.10015018152842417
gbm,10,1301,0.0709112500574336,0.12396057766351831
gbm,10,1302,-0.16517414903266142,0.0845908040357291
gbm,10,1303,-0.17855100739506002,0.06987287628662056
gbm,10,1304,0.043166213603628684,0.11223964781794726
gbm,10,1305,-0.011559835671741917,0.0439251749803245
gbm,10,1306,-0.03496790582815366,0.07577773839990715
gbm,10,1307,0.11025212864861003,0.11025212864861003
gbm,10,1308,-0.20083953253946968,0.07095884431808866
gbm,10,1309,-0.35092820905708033,-0.038041772875359814
gbm,10,1310,-0.031901138941333416,0.06241860048070108
gbm,10,1311,0.219570559354181,0.219570559354181
gbm,10,1312,0.1042499345744787,0.1042499345744787
gbm,10,1313,-0.1192550430012526,0.2632212870261825
gbm,10,1314,0.06591688269470106,0.07010688919931798
gbm,10,1315,-0.19299751807653132,-0.02519483554216792
gbm,10,1316,0.19288092770922907,0.20893746235853802
gbm,10,1317,0.13410749144156306,0.21440151361369128
gbm,10,1318,0.09088000102759111,0.09088000102759111
gbm,10,1319,0.0746074842354528,0.1834729272408431
gbm,10,1320,-0.0784503386206437,-0.02164902949549881
gbm,10,1321,-0.23766339517493557,0.00031766114543761714
gbm,10,1322,-0.22614796980456645,0.047694096024123556
gbm,10,1323,0.04891249727017069,0.1057291027605976
gbm,10,1324,-0.014457086479076328,0.25301638783870506
gbm,10,1325,-0.23500060433710862,-0.02334501560476311
gbm,10,1326,0.14135007936752578,0.14135007936752578
gbm,10,1327,-0.0910414228973329,0.02339208441012164
gbm,10,1328,0.1016755478001358,0.14016447167327672
gbm,10,1329,-0.3708909420417549,-0.09730551958966267
gbm,10,1330,-0.2646334088918594,0.031649465235167124
gbm,10,1331,-0.178197780451884,0.02202270587418674
gbm,10,1332,0.09863852474907908,0.09863852474907908
gbm,10,1333,-0.02504097950899009,0.057895224588110555
gbm,10,1334,-0.06187441227324514,0.004428165111899085
gbm,10,1335,-0.13674828007558693,-0.08522216750699155
gbm,10,1336,-0.05013010063710802,0.003891898959693163
gbm,10,1337,0.08923981479625298,0.09620035361927509
gbm,10,1338,-0.09021542618681194,0.06199379028434937
gbm,10,1339,0.10567468967666899,0.10567468967666899
gbm,10,1340,-0.18802401478864947,0.0032291631927822417
gbm,10,1341,0.04153881531796749,0.10002763956147662
gbm,10,1342,0.14179778135866755,0.28389526665995357
gbm,10,1343,-0.025591412071433547,0.0330486100517369
gbm,10,1344,-0.22282412519911796,0.06492241360819179
gbm,10,1345,0.03092232763705126,0.09784449098139916
gbm,10,1346,0.007344786052742067,0.053124810850393916
gbm,10,1347,0.06951326216243955,0.06951326216243955
gbm,10,1348,0.11285665890757532,0.13008891958612054
gbm,10,1349,-0.0287101396059527,-0.0287101396059527
gbm,10,1350,-0.176352024143896,0.04862742437494694
gbm,10,1351,-0.05296221018851001,0.11627286787472138
gbm,10,1352,0.12940571980061286,0.13810282816588226
gbm,10,1353,-0.3557584897300614,-0.15032607629967992
gbm,10,1354,-0.12492910866049128,0.11189696241586555
gbm,10,1355,-0.2754625825149467,-0.039855449300532406
gbm,10,1356,-0.14549011987448812,-0.024455335724520272
gbm,10,1357,0.030316184173066987,0.07492619028310316
gbm,10,1358,-0.22316866935948937,-0.021958514229919845
gbm,10,1359,0.005625539132338944,0.11068695557840702
gbm,10,1360,0.07501051631913774,0.10784619827606859
gbm,10,1361,-0.2556356005230462,-0.04153736717539173
gbm,10,1362,-0.012654086994278932,0.03941256285778977
gbm,10,1363,-0.29975484705955485,-0.03205078298279861
gbm,10,1364,-0.27886161639677176,0.10934764190437271
gbm,10,1365,0.06696415559782959,0.06696415559782959
gbm,10,1366,-0.02054802486545218,0.10282625256151903
gbm,10,1367,-0.1475740450463161,-0.06785578210667116
gbm,10,1368,-0.03670771583010093,0.1339737606593694
gbm,10,1369,-0.01918418108053621,0.017547852850115425
gbm,10,1370,-0.05695526010199026,0.0553432242807507
gbm,10,1371,-0.14947231239330794,0.014082954670807515
gbm,10,1372,-0.2580288606362988,0.020309854357855844
gbm,10,1373,0.27855597901637197,0.27855597901637197
gbm,10,1374,-0.1592896810394362,-0.01894467754194891
gbm,10,1375,0.08362876049387793,0.11625521126184363
gbm,10,1376,0.04116776846889811,0.1060103439444163
gbm,10,1377,-0.009035447140737812,0.12114250361026999
gbm,10,1378,-0.12868548886275502,0.05756712560523389
gbm,10,1379,0.0005950120779089213,0.03500442432316811
gbm,10,1380,-0.11124616913597962,0.06839836638994734
gbm,10,1381,-0.08463057370750664,0.10001548668913679
gbm,10,1382,-0.09577774468724023,0.04901056396449921
gbm,10,1383,0.1546344370686094,0.22321388693965108
gbm,10,1384,0.05324003712311964,0.05324003712311964
gbm,10,1385,0.039622511238337876,0.1017731604221728
gbm,10,1386,0.18357107278827292,0.18357107278827292
gbm,10,1387,-0.17027560559464455,0.05260455444000314
gbm,10,1388,0.1012415826364792,0.12817419085384393
gbm,10,1389,-0.064594994609277,0.0732868562160987
gbm,10,1390,-0.45217975685074785,-0.020087538221692056
gbm,10,1391,0.07439262854538345,0.09556541901970891
gbm,10,1392,0.08264803221115616,0.19193124054388258
gbm,10,1393,-0.15112005105094933,0.040790090257418005
gbm,10,1394,0.12011155303225107,0.12011155303225107
gbm,10,1395,-0.2543226529867948,-0.03410446611603859
gbm,10,1396,-0.06679261316071364,0.0008258736015636786
gbm,10,1397,0.028494523822535187,0.10564032308939961
gbm,10,1398,0.05765529652146692,0.05765529652146692
gbm,10,1399,0.027582344365200837,0.09699041319005097
gbm,10,1400,0.058471635473164696,0.07157945803440316
gbm,10,1401,-0.18278270128188545,-0.05903402641048158
gbm,10,1402,-0.04929880265334161,0.027918526626745974
gbm,10,1403,-0.17918402436415531,0.022291806390939195
gbm,10,1404,-0.09631099883457137,0.09085457226742935
gbm,10,1405,0.0818631949604268,0.12060950825390418
gbm,10,1406,0.09452951237536358,0.09452951237536358
gbm,10,1407,-0.12414786950215023,0.09768262207091918
gbm,10,1408,0.025927017067284883,0.09715814859923227
gbm,10,1409,-0.10539502310228901,-0.05613682469884456
gbm,10,1410,-0.1224571261394587,0.08483841396865652
gbm,10,1411,0.09889602658979199,0.09993111675499325
gbm,10,1412,-0.0847121996667404,0.06779379877023486
gbm,10,1413,0.06481787880579232,0.0878713216988935
gbm,10,1414,-0.10299432590736632,0.020290552808487086
gbm,10,1415,-0.22113948365340635,-0.0164756558035134
gbm,10,1416,-0.018281198839079832,0.06339841434998358
gbm,10,1417,-0.11448224530906081,0.036490896572642456
gbm,10,1418,0.05715863051821049,0.12540505376060768
gbm,10,1419,0.04762297947208183,0.06210265775289156
gbm,10,1420,-4.791395638954754e-05,0.15015945521665025
gbm,10,1421,-0.013969315834786528,0.2420458900079215
gbm,10,1422,-0.055162726503016395,0.048659201650256945
gbm,10,1423,0.012584395335156123,0.012584395335156123
gbm,10,1424,0.13408806040956,0.1371356432957836
gbm,10,1425,-0.011941990682447931,0.04334639323018638
gbm,10,1426,-0.19979186700445373,0.024854030941112687
gbm,10,1427,-0.24841499826884877,-0.029407659813940522
gbm,10,1428,0.07270993190704364,0.16896739229781424
gbm,10,1429,-0.0778671797018759,-0.020069763811237692
gbm,10,1430,0.1360979526261619,0.1360979526261619
gbm,10,1431,-0.28179182028488603,0.08628243878227954
gbm,10,1432,0.012282162651234968,0.08989532898339361
gbm,10,1433,-0.2553590605703006,0.011106743500073527
gbm,10,1434,-0.25734424814239076,-0.12340640973771862
gbm,10,1435,0.11534124244227137,0.11534124244227137
gbm,10,1436,0.06365066619009097,0.0804530448930385
gbm,10,1437,-0.07787780270458895,-0.016484630628106095
gbm,10,1438,-0.004940241069477408,0.03392600657574982
gbm,10,1439,-0.16182564342167366,0.04502286411532669
gbm,10,1440,0.1190826773901818,0.13095828464473197
gbm,10,1441,0.007640418176632566,0.025597926509029895
gbm,10,1442,-0.0943298839584423,0.00043063915081216486
gbm,10,1443,-0.08627628578707297,0.09019696239598388
gbm,10,1444,0.10018696316242917,0.1500155243404094
gbm,10,1445,-0.1448784842813724,0.04166170621001186
gbm,10,1446,0.06452362620421792,0.15613099127416066
gbm,10,1447,0.03820716064122523,0.13273396551972924
gbm,10,1448,0.09786703316380418,0.15037177544914568
gbm,10,1449,-0.022642872011922596,0.027796459235753607
gbm,10,1450,-0.03465336085077181,0.04228109649154535
gbm,10,1451,0.03979471172680041,0.17396782455513946
gbm,10,1452,-0.2787579815629204,0.0594568194357907
gbm,10,1453,0.13866716330509604,0.13866716330509604
gbm,10,1454,0.09004270929753364,0.10989504295194996
gbm,10,1455,-0.05718223683915715,0.06909096089983202
gbm,10,1456,-0.2845576648340495,0.1297482090497028
gbm,10,1457,0.04058562162655943,0.04058562162655943
gbm,10,1458,0.45037588670276174,0.45037588670276174
gbm,10,1459,0.02566511378270668,0.02566511378270668
gbm,10,1460,-0.0399952545518431,0.04556066680216084
gbm,10,1461,0.03664292525303098,0.08461952672370887
gbm,10,1462,-0.13285060821653608,-0.003658171697511231
gbm,10,1463,0.003835197280814745,0.1081553471149056
gbm,10,1464,-0.1225210993528042,-0.0243284340806615
gbm,10,1465,0.08913582966254749,0.13233230727872158
gbm,10,1466,0.06977605164126546,0.06977605164126546
gbm,10,1467,-0.21993543505758906,-0.0004684004907093142
gbm,10,1468,0.08094688636217165,0.08094688636217165
gbm,10,1469,-0.11440094853079838,-0.0195230096456442
gbm,10,1470,-0.15625381336291383,0.013251689948224413
gbm,10,1471,-0.23698694782400126,-0.035362825934856165
gbm,10,1472,-0.2452677587506261,0.021624647213511927
gbm,10,1473,-0.02054330111128863,-4.347888146698231e-05
gbm,10,1474,-0.003707991433817559,0.10026085292211376
gbm,10,1475,-0.055128462873778476,0.1845550571441558
gbm,10,1476,-0.07171201143379283,0.06249769156155721
gbm,10,1477,-0.2037954193387489,0.05777824387035563
gbm,10,1478,0.07879794322224318,0.07879794322224318
gbm,10,1479,-0.02635531055375758,0.040863949117573045
gbm,10,1480,-0.01829532383559626,0.10133419606343866
gbm,10,1481,-0.20538640851113793,0.012522113201255361
gbm,10,1482,-0.006088362463265287,0.09097149305232069
gbm,10,1483,-0.04873010561540354,0.1251831678952745
gbm,10,1484,-0.03448709773624089,0.03527204482979196
gbm,10,1485,0.28658140548987676,0.28658140548987676
gbm,10,1486,-0.12106642747499147,0.017196211075086926
gbm,10,1487,0.109595916815933,0.1914841779738823
gbm,10,1488,-0.20079295877381276,0.031450961380424136
gbm,10,1489,-0.18093079476534937,0.0005158470244378405
gbm,10,1490,-0.0030273330289803807,0.11283953628864851
gbm,10,1491,0.020327698870337252,0.0621575860591673
gbm,10,1492,-0.1626515290452928,0.016933106795050126
gbm,10,1493,0.05158303317867485,0.09278937986523
gbm,10,1494,-0.011209821597990374,0.11165544398977884
gbm,10,1495,-0.15987526446061873,-0.11864046548684645
gbm,10,1496,-0.005430522029079871,0.16767081843943724
gbm,10,1497,0.02815071625950792,0.02815071625950792
gbm,10,1498,-0.2573562323097792,-0.06274943695018842
gbm,10,1499,0.14999475128065665,0.14999475128065665
gbm,10,1500,0.13261377182539574,0.14106062588822096
gbm,10,1501,-0.19978784210236408,-0.010113704653620909
gbm,10,1502,0.032227937776753715,0.07332451704073889
gbm,10,1503,-0.16267830021242907,0.06007360424952671
gbm,10,1504,0.057470714188117195,0.14469659176918612
gbm,10,1505,0.015177891230449159,0.09242137791340299
gbm,10,1506,0.10887728354566739,0.1382282035690045
gbm,10,1507,-0.04743902422189387,0.06250129107773045
gbm,10,1508,-0.14994606509109068,-0.0737661998186897
gbm,10,1509,-0.008540503203916694,0.07010926332154391
gbm,10,1510,-0.13368363158409247,-0.1001795207014493
gbm,10,1511,0.15330865069309774,0.1749181911668745
gbm,10,1512,0.06284400494013198,0.0735565891626061
gbm,10,1513,-0.34472054995904855,-0.12312621718488428
gbm,10,1514,-0.07254888824638701,0.023387468266588773
gbm,10,1515,0.004105641787902625,0.07467745937056738
gbm,10,1516,0.061562700266660164,0.09767289716342084
gbm,10,1517,0.01816437944195637,0.03517046721954668
gbm,10,1518,-0.15999957608632648,0.06582831737209605
gbm,10,1519,0.010748638946078956,0.05560046181771941
gbm,10,1520,0.12052410550214712,0.20450235075591186
gbm,10,1521,0.09239305648964677,0.18197085295054125
gbm,10,1522,0.11706928227679594,0.12761398685328182
gbm,10,1523,0.04692674212443029,0.08727532912891345
gbm,10,1524,0.08721422096878795,0.13274265801252286
gbm,10,1525,0.034318599818657036,0.034318599818657036
gbm,10,1526,-0.07705528878275093,0.06448303475997516
gbm,10,1527,-0.02102644439919084,0.026535053409897646
gbm,10,1528,-0.06864958517223592,0.021446041461833307
gbm,10,1529,-0.12795929933702388,-0.02166669507681951
gbm,10,1530,-0.027325094031806496,0.07583545769210942
gbm,10,1531,-0.3021748583030571,-0.03573553309487152
gbm,10,1532,-0.1379703003241664,0.0439024142200059
gbm,10,1533,-0.30330512693494216,-0.044869011269795755
gbm,10,1534,-0.06472412242314565,0.06548507793967887
gbm,10,1535,0.030969345066242715,0.221930566571192
gbm,10,1536,0.08677998027778469,0.13275437406968016
gbm,10,1537,-0.05058434246841796,-0.011693290984368457
gbm,10,1538,-0.2435187581782753,-0.10765492675218555
gbm,10,1539,0.008442495888309323,0.05728821123543193
gbm,10,1540,0.012954753697287782,0.042345166669329304
gbm,10,1541,0.026460249637856162,0.08761358284402179
gbm,10,1542,0.011432846552997283,0.22598189676487643
gbm,10,1543,0.019091867146835917,0.08467046170125261
gbm,10,1544,0.1302409101186658,0.1302409101186658
gbm,10,1545,0.14552740062566186,0.14558625260758332
gbm,10,1546,0.09481584124297462,0.12490883712391956
gbm,10,1547,0.14625862837451092,0.17186422418929623
gbm,10,1548,-0.3353574211043727,-0.1523083132995786
gbm,10,1549,-0.03601970480299218,0.02005791550661988
gbm,10,1550,-0.02179855647341722,0.046344068940097266
gbm,10,1551,0.10297115671458162,0.10904771943908767
gbm,10,1552,0.04066241057721154,0.11349887472403167
gbm,10,1553,-0.22570342572439941,0.11309427003314301
gbm,10,1554,0.008203188983030879,0.05751309975721777
gbm,10,1555,0.11081688397720815,0.11081688397720815
gbm,10,1556,0.09447638794069693,0.11795562797761566
gbm,10,1557,-0.30823053789242383,-0.08915931088740453
gbm,10,1558,-0.12378144248643502,-0.027064223081848228
gbm,10,1559,0.10522578095329113,0.1616490101647002
gbm,10,1560,-0.038155109392348625,0.046752389495425206
gbm,10,1561,0.08764116078121947,0.14431812944428374
gbm,10,1562,0.057392146993430065,0.12955917180509688
gbm,10,1563,-0.10075620672558189,0.032355362592858455
gbm,10,1564,0.06138228711377988,0.06381301233149778
gbm,10,1565,0.022031360488754634,0.08763093078801418
gbm,10,1566,-0.13587826474271708,0.015577732829680654
gbm,10,1567,-0.047358890762943966,0.012783572178430402
gbm,10,1568,-0.08875683076344885,-0.023839619682400504
gbm,10,1569,-0.13955680437392626,0.09219767074571697
gbm,10,1570,-0.2167272053810391,-0.02536166472166318
gbm,10,1571,0.1230568456638276,0.17844068489925294
gbm,10,1572,-0.1045267071769978,0.09498498149457979
gbm,10,1573,-0.16014606771399242,-0.16014606771399242
gbm,10,1574,-0.2458356097098975,-0.1014252208401607
gbm,10,1575,-0.11987783692702308,0.09343298773289943
gbm,10,1576,-0.1955556029566097,-0.022624595767908248
gbm,10,1577,-0.06635000403758975,-0.04137255325270219
gbm,10,1578,-0.08009067267934386,-0.021916680582216547
gbm,10,1579,0.04411120747816413,0.08368865013635693
gbm,10,1580,0.04719272796766258,0.10339862659306231
gbm,10,1581,0.04482332163146682,0.09091175815583005
gbm,10,1582,-0.23717410442514272,-0.025562759876494145
gbm,10,1583,-0.02281483058610033,0.02349970395217263
gbm,10,1584,0.006506951285250043,0.06088452487917623
gbm,10,1585,0.007552812103949327,0.11406715143160509
gbm,10,1586,0.09605233089541029,0.17358460777576631
gbm,10,1587,0.06780426328020825,0.06780426328020825
gbm,10,1588,-0.1363082496895671,-0.0028439100571648196
gbm,10,1589,-0.1424110207830202,0.058952170891970884
gbm,10,1590,0.03055097280436947,0.07736082132477706
gbm,10,1591,-0.033700158248030916,0.08113076380690187
gbm,10,1592,-0.0034766752039794013,0.0769574092174378
gbm,10,1593,-0.22275717539000295,-0.037239158556559945
gbm,10,1594,-0.02518609585030565,-0.01669604237749972
gbm,10,1595,-0.0196594950923885,0.07086875098196155
gbm,10,1596,0.07057062553035426,0.16895033741805857
gbm,10,1597,0.1381468493011136,0.18154414300991215
gbm,10,1598,0.05355071002731407,0.14883367431687733
gbm,10,1599,-0.06324843559278398,0.05051475001699732
gbm,10,1600,-0.12279947664127458,0.11648990465254294
gbm,10,1601,0.11641021764134529,0.13742931160973904
gbm,10,1602,-0.011095492075572214,0.026464905710984796
gbm,10,1603,-0.20463480177822008,-0.007993055137511945
gbm,10,1604,-0.0748418447809489,0.034185948663790475
gbm,10,1605,0.1502987207756776,0.1502987207756776
gbm,10,1606,0.08847628882172845,0.08847628882172845
gbm,10,1607,-0.05879890891427117,0.04579720357241615
gbm,10,1608,-0.2561124123720087,0.027245346111755164
gbm,10,1609,0.09913449550306086,0.09913449550306086
gbm,10,1610,-0.06492765483918922,0.053226541915971454
gbm,10,1611,-0.04532259785221111,0.025445318153932098
gbm,10,1612,-0.10317573017911126,0.010879038453782505
gbm,10,1613,0.15072453393812826,0.15072453393812826
gbm,10,1614,-0.013194829454691498,-0.007236328530737177
gbm,10,1615,0.010612607047024117,0.049608944759540474
gbm,10,1616,0.07808162779984312,0.1780905982525076
gbm,10,1617,0.006986264172347309,0.05087527191619376
gbm,10,1618,0.08905967357553637,0.08905967357553637
gbm,10,1619,0.1517256291959171,0.1517256291959171
gbm,10,1620,0.04271890742173309,0.05469590648984887
gbm,10,1621,0.020840363799319736,0.13269752138468224
gbm,10,1622,-0.058745478511053176,0.11169550119477331
gbm,10,1623,0.15657828872991808,0.15657828872991808
gbm,10,1624,0.17111144817612775,0.17111144817612775
gbm,10,1625,0.03326805444231197,0.11333940751556348
gbm,10,1626,-0.12972455174716516,0.09139957740498092
gbm,10,1627,0.19846515249248883,0.19846515249248883
gbm,10,1628,-0.1035070630915553,-0.057962702376153585
gbm,10,1629,-0.015493656024626837,0.11436385373523703
gbm,10,1630,0.15653768048687397,0.2507926035484278
gbm,10,1631,0.06382034970543937,0.10671198437454513
gbm,10,1632,-0.21480247688166004,-0.018621773327639854
gbm,10,1633,0.0366180101868869,0.0366180101868869
gbm,10,1634,0.13059258582470906,0.13571104834282402
gbm,10,1635,0.14510361624885718,0.18787473723756112
gbm,10,1636,-0.15307506105759186,0.047364903656742896
gbm,10,1637,-0.11583438590681852,0.10165276304376966
gbm,10,1638,-0.31657197692849876,-0.002388988210029336
gbm,10,1639,-0.38366640662269247,0.052382847101407365
gbm,10,1640,0.020445821553823268,0.020445821553823268
gbm,10,1641,0.03715360148156102,0.08551019914750832
gbm,10,1642,0.06471573214593418,0.09335132065646246
gbm,10,1643,0.1430794882806278,0.15981148777820192
gbm,10,1644,-0.31700332920551666,-0.006579771394290779
gbm,10,1645,-0.09974374938967409,0.009929338311825062
gbm,10,1646,0.0490555709053736,0.18007950826224065
gbm,10,1647,-0.012816772173299393,0.03573070451437155
gbm,10,1648,0.006330644877593411,0.057902859054822675
gbm,10,1649,0.16618469087045293,0.2112427092113783
gbm,10,1650,-0.2978104260536598,-0.09663702876560261
gbm,10,1651,-0.07501715303273819,0.10624101579790562
gbm,10,1652,-0.036112147196098995,0.060124634314582925
gbm,10,1653,-0.12661652785714572,-0.03834893295867931
gbm,10,1654,-0.11509189275197244,0.005706724062564561
gbm,10,1655,0.049954219058208016,0.11074310790792927
gbm,10,1656,-0.003684698341199402,0.09092778006625274
gbm,10,1657,-0.0019443272414052248,0.005740517520938862
gbm,10,1658,0.10320522896718917,0.10355514671848506
gbm,10,1659,-0.1280610241116527,0.006744886501832248
gbm,10,1660,-0.07261961510964118,0.028739207768911812
gbm,10,1661,0.15672148444112904,0.17190060141734978
gbm,10,1662,0.09371583164782596,0.17445752155688546
gbm,10,1663,-0.10582950412882382,0.050604059755828795
gbm,10,1664,0.1051253190721484,0.1922729317642062
gbm,10,1665,-0.11095128759049941,0.09387533608281898
gbm,10,1666,-0.01651998285019371,0.05233778742077291
gbm,10,1667,0.13149552657219665,0.16998794387713986
gbm,10,1668,-0.15800296119643245,0.08974954761336934
gbm,10,1669,0.016286827025354764,0.03461454962366266
gbm,10,1670,-0.1567080365762113,0.0762167185056512
gbm,10,1671,0.06137503758041166,0.1137944314752363
gbm,10,1672,0.11648496487918109,0.16311397810004455
gbm,10,1673,0.06891630502389576,0.11469209252868293
gbm,10,1674,0.11487162607334211,0.1573046855505531
gbm,10,1675,-0.180759251066341,-0.011249941222973056
gbm,10,1676,-0.03577136420836185,0.018232124326368185
gbm,10,1677,-0.1197592022775033,0.04562401555334397
gbm,10,1678,0.09725385252752702,0.12437909443452436
gbm,10,1679,0.041704491346736317,0.041704491346736317
gbm,10,1680,-0.04605759968833517,0.05394439311977692
gbm,10,1681,0.15473003530900753,0.15473003530900753
gbm,10,1682,-0.24911629730335713,0.14161990498044308
gbm,10,1683,-0.1217218646980154,0.07561981256930755
gbm,10,1684,-0.33258208265887235,-0.20404649069540082
gbm,10,1685,-0.0879241120631152,0.04509733151500636
gbm,10,1686,0.012638126706413802,0.14515839558642168
gbm,10,1687,-0.1808981483994636,0.12401021348468338
gbm,10,1688,0.0222455223048081,0.290628238260655
gbm,10,1689,-0.02190554272177417,0.10733424528449989
gbm,10,1690,0.01904911780642922,0.09037749771799192
gbm,10,1691,-0.11046764679566988,0.08282054373927089
gbm,10,1692,-0.040853834150506384,0.09766081234231905
gbm,10,1693,-0.16219862399521312,0.07252840715441569
gbm,10,1694,0.052602930079403754,0.07943705992777447
gbm,10,1695,0.06030462253983471,0.06367060732693328
gbm,10,1696,0.029358915881413886,0.06617943496483283
gbm,10,1697,-0.09681533347751413,0.04651170913902403
gbm,10,1698,0.0057949781001351425,0.12809113771529182
gbm,10,1699,-0.10966488148336154,-0.03336929403583215
gbm,10,1700,0.03865255364460915,0.1347522842617763
gbm,10,1701,0.18163052517674713,0.21299556350675522
gbm,10,1702,0.030004643198881464,0.08706633398550473
gbm,10,1703,-0.06356938832420134,-0.00121433794206742
gbm,10,1704,0.052820768169565435,0.06352485767988625
gbm,10,1705,-0.13450627968120188,-0.0680939261283581
gbm,10,1706,-0.13795364243427047,-0.0834872479752319
gbm,10,1707,0.07382601145520645,0.08991155359272959
gbm,10,1708,0.13776550311280544,0.1638896369117462
gbm,10,1709,-0.31655432772000863,-0.004965265203837485
gbm,10,1710,-0.07738743621779605,0.2931970918679919
gbm,10,1711,0.05035786427495845,0.24768791665306564
gbm,10,1712,0.03858092923837758,0.10596813876406763
gbm,10,1713,-0.019406692836958256,0.021498820477639485
gbm,10,1714,-0.04032635287165797,0.07538168455630237
gbm,10,1715,-0.001854711205612064,0.06500519962702936
gbm,10,1716,0.03560295433420507,0.05099596123070341
gbm,10,1717,0.11168729611661685,0.19211381555868792
gbm,10,1718,-0.1941046635779296,-0.007832112870319152
gbm,10,1719,-0.06847352720670276,0.0441616514893417
gbm,10,1720,-0.07687404877958517,0.0034577446640739057
gbm,10,1721,0.05858215533848418,0.05858215533848418
gbm,10,1722,-0.010601675154132295,0.07165404302982686
gbm,10,1723,0.19698431518461543,0.19698431518461543
gbm,10,1724,0.15187871939913616,0.15187871939913616
gbm,10,1725,-0.4306378446519231,-0.13102683333773205
gbm,10,1726,-0.19941145446754427,0.03847794656168546
gbm,10,1727,-0.3993884854265529,0.01010798726520351
gbm,10,1728,0.05186125935180974,0.0979687402188677
gbm,10,1729,-0.036696338455513636,0.0674101080526705
gbm,10,1730,-0.1526407917996178,-0.02010899915028494
gbm,10,1731,-0.14016370249953333,0.02719697511190046
gbm,10,1732,0.04458361789056195,0.09983023609837027
gbm,10,1733,-0.1300453072702613,0.11156452801262234
gbm,10,1734,-0.025073197644996673,0.09831834259143857
gbm,10,1735,0.09142040749041669,0.09142040749041669
gbm,10,1736,-0.1391975873664091,-0.029412142347204018
gbm,10,1737,-0.08643463805557483,-0.08643463805557483
gbm,10,1738,0.09103445199530838,0.23127265482754902
gbm,10,1739,-0.25844944814006454,0.0948225945318811
gbm,10,1740,0.08254931031776172,0.1584318529669078
gbm,10,1741,0.007250989170161801,0.15118479843141316
gbm,10,1742,0.08388713600641781,0.08988987565895404
gbm,10,1743,-0.006801411818218764,0.09713304049375746
gbm,10,1744,-0.06080929235702692,0.06256666054535134
gbm,10,1745,0.06353787920683657,0.1877560094513884
gbm,10,1746,0.08717979224148106,0.10906763537401756
gbm,10,1747,-0.001786083631370644,0.061386825394194294
gbm,10,1748,-0.02244102036248656,0.02943054307725637
gbm,10,1749,0.07008850715313406,0.12687921164910246
gbm,10,1750,-0.040783283680298245,0.06643934499314386
gbm,10,1751,-0.09924252606722736,0.03703346524349907
gbm,10,1752,0.07145446492103352,0.11336112140496649
gbm,10,1753,0.06569142474598691,0.1308248835887599
gbm,10,1754,-0.2536253810406679,-0.01212559113366865
gbm,10,1755,-0.09523835027258015,0.053190060319931315
gbm,10,1756,-0.026136473616139133,0.041352764144642035
gbm,10,1757,0.005390692402546152,0.09260892443765306
gbm,10,1758,-0.08980819282911266,0.026059062978001396
gbm,10,1759,-0.08868318884200292,0.032205110234749146
gbm,10,1760,-0.13523761360150188,-0.03574972669886694
gbm,10,1761,0.04287295326018328,0.10482130227239078
gbm,10,1762,0.1746662443400274,0.19099375420465062
gbm,10,1763,-0.0005778241599241202,0.06902551194490925
gbm,10,1764,-0.10733840760057356,0.0870152040333578
gbm,10,1765,0.061191247383541925,0.09569134836833162
gbm,10,1766,-0.08219719356397708,0.13876085686143697
gbm,10,1767,-0.05616176320469699,0.16008428222908444
gbm,10,1768,0.04367444284773378,0.08629909797271804
gbm,10,1769,-0.08451507548586172,0.038087969358070434
gbm,10,1770,-0.3635208365538055,-0.026918460479785147
gbm,10,1771,-0.04101515839314554,0.010672304499732818
gbm,10,1772,-0.33241505165433594,-0.02873622901010186
gbm,10,1773,0.04092718014427821,0.07068850833697521
gbm,10,1774,0.12062072337325808,0.12062072337325808
gbm,10,1775,-0.01181508093324006,0.15746934075738095
gbm,10,1776,-0.02361700028736273,0.03209351590446004
gbm,10,1777,-0.13625914527868346,0.07608910093435325
gbm,10,1778,0.13152083941863008,0.18231569565747371
gbm,10,1779,-0.19602217068932365,-0.077330847268352
gbm,10,1780,-0.17189173428404672,0.11036498050491517
gbm,10,1781,-0.20255663929688675,0.1271558247546216
gbm,10,1782,-0.005397427999654911,0.07316796827906227
gbm,10,1783,0.1415913051642541,0.1415913051642541
gbm,10,1784,0.08238504692567639,0.16382969781358872
gbm,10,1785,0.014183778349371595,0.03537082320223349
gbm,10,1786,0.14955257374357558,0.22567961153031055
gbm,10,1787,0.19687909698646508,0.19687909698646508
gbm,10,1788,0.04547012861629399,0.09913459883589726
gbm,10,1789,-0.2464298407758249,0.017389897434993667
gbm,10,1790,0.07824340224178722,0.07824340224178722
gbm,10,1791,0.10212685920663137,0.14173549786563192
gbm,10,1792,-0.1854583363633508,0.0066661565209688994
gbm,10,1793,-0.0464987365675023,0.07824257460406295
gbm,10,1794,0.2533120355956283,0.28444764631125063
gbm,10,1795,-0.19819479609751428,-0.06226083946122083
gbm,10,1796,0.1541795534002897,0.1996331920916495
gbm,10,1797,-0.24226019915679275,0.03403547750661491
gbm,10,1798,0.12836230235246252,0.12836230235246252
gbm,10,1799,0.09109160294759516,0.1581190107837865
gbm,10,1800,-0.30049792949910537,-0.0955559018077458
gbm,10,1801,0.01612840687747881,0.07522773844383104
gbm,10,1802,-0.28937872946955423,-0.02915358602199706
gbm,10,1803,-0.11993933592043826,0.1635367621098849
gbm,10,1804,-0.1938018263332698,0.04712963866162073
gbm,10,1805,-0.15528152840511972,-0.03510978940095488
gbm,10,1806,-0.10990001124539163,0.06343130176578732
gbm,10,1807,0.002456525131681153,0.1017688661230127
gbm,10,1808,0.19689552366511123,0.19689552366511123
gbm,10,1809,-0.07214156671074036,0.016982813561283158
gbm,10,1810,-0.11551479349458446,0.018279612643026258
gbm,10,1811,-0.012165629113882165,0.08456625725667136
gbm,10,1812,-0.15931344929909652,-0.02724842989169663
gbm,10,1813,-0.3521614097214334,0.057593064174734865
gbm,10,1814,0.004678623172119117,0.04223569717491041
gbm,10,1815,0.04727652034302804,0.10041062307069301
gbm,10,1816,-0.2487925563321943,0.030676184164390108
gbm,10,1817,0.005132415381000163,0.09217447838284565
gbm,10,1818,-0.10721315452418989,-0.061210429276503664
gbm,10,1819,-0.23061789421550682,0.004444936742761849
gbm,10,1820,0.04432161115438668,0.15275158484411458
gbm,10,1821,0.032942447273993314,0.06560942880476617
gbm,10,1822,0.022930119452069922,0.10014235989091791
gbm,10,1823,-0.23433248968358342,0.044616718828861146
gbm,10,1824,-0.10627260783012782,0.10803288828450108
gbm,10,1825,0.005944029685623395,0.04154640121353598
gbm,10,1826,0.05217238226483309,0.10912971088803106
gbm,10,1827,0.028070832297399012,0.10574739937870742
gbm,10,1828,0.17109796276039743,0.18664220430645748
gbm,10,1829,-0.22915562500540068,0.06454575432132328
gbm,10,1830,0.10342051297070928,0.11049690377756285
gbm,10,1831,0.00863976650953445,0.12018984455552584
gbm,10,1832,-0.09633002092014838,-0.016747918879712706
gbm,10,1833,-0.3095201683085206,-0.02902730667284526
gbm,10,1834,-0.12982514977377937,0.019113463614779627
gbm,10,1835,0.05346687766689481,0.10632896346093226
gbm,10,1836,0.026625506166982366,0.07967656613881272
gbm,10,1837,-0.10570389402022443,-0.10570389402022443
gbm,10,1838,0.03085291778247322,0.09894868473155735
gbm,10,1839,-0.17980601010868086,0.048477306427706424
gbm,10,1840,-0.12237208922677728,0.04355204754353825
gbm,10,1841,0.06742045694368143,0.1091528183476376
gbm,10,1842,0.022814393040139075,0.09674540011346641
gbm,10,1843,0.09428359482603155,0.127946301177935
gbm,10,1844,-0.09838360873269185,0.12602282776410426
gbm,10,1845,0.12222972793177164,0.13324644468502214
gbm,10,1846,-0.3139449915020204,-0.11134004282505755
gbm,10,1847,-0.2103195882069993,-0.03983205577869139
gbm,10,1848,0.016857494834308095,0.06888405013834983
gbm,10,1849,-0.1153396754624987,0.0823485120937128
gbm,10,1850,-0.19366514911747146,0.007275982512512311
gbm,10,1851,-0.1522053553890178,0.015556933603000714
gbm,10,1852,0.018221698878249676,0.018221698878249676
gbm,10,1853,-0.005844060468538706,-0.005844060468538706
gbm,10,1854,0.11589286254305514,0.11589286254305514
gbm,10,1855,0.1959787115249451,0.1959787115249451
gbm,10,1856,-0.10056533138789234,-0.04036280026008419
gbm,10,1857,0.0354583866656486,0.11484757191962552
gbm,10,1858,-0.10177439193176832,0.0750743682870732
gbm,10,1859,0.06912157098784633,0.1352079876315701
gbm,10,1860,0.16197687340338626,0.20071478101489207
gbm,10,1861,-0.0362985440841188,0.050625808930522403
gbm,10,1862,0.043351522149101485,0.04480601679528415
gbm,10,1863,-0.005110897059425634,0.07046200186513649
gbm,10,1864,-0.06975372322580203,-0.06975372322580203
gbm,10,1865,-0.44252837575314374,-0.05617606523039495
gbm,10,1866,0.09383348221252052,0.09383348221252052
gbm,10,1867,-0.06882006220714797,0.046481621718427374
gbm,10,1868,0.12390645754687787,0.2172976365621135
gbm,10,1869,0.12761597022120189,0.1291992736538012
gbm,10,1870,0.18396592523134345,0.30622090088181475
gbm,10,1871,0.04514825807635753,0.12346420720056078
gbm,10,1872,-0.0017101587444961763,0.10762244491070963
gbm,10,1873,-0.14780327086199657,0.05066115192557255
gbm,10,1874,-0.09268127971258792,0.09775792886004897
gbm,10,1875,0.019404175366507764,0.07450655913583659
gbm,10,1876,0.11361262745020076,0.11361262745020076
gbm,10,1877,0.0018695384497828815,0.07933237098316462
gbm,10,1878,-0.02002749988094618,0.02552891097018395
gbm,10,1879,-0.1159332937263029,0.09474820067998269
gbm,10,1880,-0.06995348779742137,0.010040025256480886
gbm,10,1881,-0.15084703123767657,-0.0007051801614152559
gbm,10,1882,-0.1930979167286923,-0.03384123148054753
gbm,10,1883,0.006759656151847135,0.024548106448880835
gbm,10,1884,0.1783164895012598,0.19605716317996338
gbm,10,1885,0.20849041195346438,0.20849041195346438
gbm,10,1886,-0.04408897302785355,0.003945978129040739
gbm,10,1887,0.0523329778951262,0.09844027294129143
gbm,10,1888,0.02672705333572016,0.06814875128019016
gbm,10,1889,0.09830373741655934,0.18325933621732457
gbm,10,1890,-0.33197528785642905,0.007543264021922194
gbm,10,1891,0.029569786179464444,0.14389979380311546
gbm,10,1892,0.0957314807333666,0.15869515593185238
gbm,10,1893,0.14201725975117865,0.1716281382023914
gbm,10,1894,-0.07040061881403104,0.026349694357055378
gbm,10,1895,-0.0021837644114611615,0.07246442069208942
gbm,10,1896,0.08077277924820747,0.10632174547156467
gbm,10,1897,0.03965998863654485,0.1519399154303044
gbm,10,1898,-0.34769301629259786,-0.015689217899165442
gbm,10,1899,0.06195337073573623,0.0836908811482634
gbm,10,1900,0.13725265581354237,0.13725265581354237
gbm,10,1901,-0.1496374151562925,-0.1496374151562925
gbm,10,1902,-0.2925710176058033,-0.07606739847534447
gbm,10,1903,0.05246312499869277,0.15443515284042292
gbm,10,1904,0.12201922822943051,0.12458560407415306
gbm,10,1905,-0.04115380432399323,0.10294285216842727
gbm,10,1906,-0.00786774560110727,0.07212754660250811
gbm,10,1907,0.27342481371751604,0.27342481371751604
gbm,10,1908,0.08523726830141201,0.15966787509793637
gbm,10,1909,0.22365090636097243,0.2269714078797704
gbm,10,1910,-0.17163918331260397,0.09679698664686939
gbm,10,1911,0.062213848439617414,0.11617286034619004
gbm,10,1912,0.1766441971099655,0.1766441971099655
gbm,10,1913,-0.33836045124752123,-0.05757247454370692
gbm,10,1914,-0.01832134492562705,0.04853880795579227
gbm,10,1915,-0.03277238566890924,0.02068191686790652
gbm,10,1916,0.08567665571863181,0.15283035144256227
gbm,10,1917,0.2864206209503697,0.2864206209503697
gbm,10,1918,0.04203019574637526,0.07783458983554184
gbm,10,1919,-0.081642514139554,0.010026036412251055
gbm,10,1920,-0.0004019864760183567,0.03270398323730461
gbm,10,1921,0.11184938075277934,0.21515112505476983
gbm,10,1922,-0.1618819294355247,-0.016925207279813143
gbm,10,1923,-0.20750040439450068,-0.04547409001766953
gbm,10,1924,0.0987875551310706,0.13202886600028937
gbm,10,1925,-0.07645020077673294,0.05469767315015142
gbm,10,1926,0.09137638005643545,0.14927707921623615
gbm,10,1927,0.0036400490765089305,0.032461298522757864
gbm,10,1928,0.020448812942672187,0.020448812942672187
gbm,10,1929,0.03630764342256107,0.12439636768147005
gbm,10,1930,0.0902612195473653,0.16881404623681803
gbm,10,1931,-0.0995303019115217,-0.0236471531895098
gbm,10,1932,-0.051739082414734155,0.015860676584462385
gbm,10,1933,-0.3509880389788005,0.04447647900752688
gbm,10,1934,-0.03829050255089109,0.16399452167308134
gbm,10,1935,-0.09873900319888029,0.05624343359881151
gbm,10,1936,0.03780232136862424,0.08364538447322098
gbm,10,1937,0.08926769886636349,0.1318074260687315
gbm,10,1938,-0.033606441820015334,-0.021492283482377972
gbm,10,1939,-0.038670792773891724,0.08967717928715377
gbm,10,1940,0.17901377322715586,0.18481779690030017
gbm,10,1941,0.07173282266155387,0.07173282266155387
gbm,10,1942,-0.22689270776500498,0.06529908352009076
gbm,10,1943,-0.06200904626550909,0.08315399010085098
gbm,10,1944,-0.030803530917069798,0.011686342195302901
gbm,10,1945,-0.17570694119614444,-0.10694002912230711
gbm,10,1946,-0.27131287861391784,-0.00665713926687575
gbm,10,1947,0.04611893196697639,0.12348446264909652
gbm,10,1948,-0.27929348132904785,-0.058800909206115436
gbm,10,1949,-0.16168581794025821,0.02439043800375587
gbm,10,1950,-0.09686767131108118,-0.0054277457867809575
gbm,10,1951,-0.40218356818662426,-0.1577149106204775
gbm,10,1952,0.07461081107260556,0.0982574014392201
gbm,10,1953,-0.021333259646277872,0.12190177002473732
gbm,10,1954,-0.24469527811228486,0.01651393370254159
gbm,10,1955,0.09029070130313205,0.12936134721274245
gbm,10,1956,0.10514300266005985,0.13142534593397318
gbm,10,1957,0.19546845642747265,0.19546845642747265
gbm,10,1958,0.11728425227017658,0.11728425227017658
gbm,10,1959,0.1257575166218259,0.16859330852971624
gbm,10,1960,0.10020072829656365,0.1651547994694719
gbm,10,1961,-0.03861442932296062,0.06178773552044256
gbm,10,1962,0.04435960730406213,0.04435960730406213
gbm,10,1963,0.06590567838256756,0.24630093091896385
gbm,10,1964,-0.16454878877377316,0.07253646149216983
gbm,10,1965,0.015386089706376005,0.08424489072972086
gbm,10,1966,-0.08953414381167842,0.04401038843541022
gbm,10,1967,-0.187823583066128,-0.038486108818377024
gbm,10,1968,0.03470514622203637,0.09118011603825313
gbm,10,1969,-0.04296165876225863,0.03226994106546664
gbm,10,1970,-0.3218671910575605,-0.005659717997006736
gbm,10,1971,-0.1058435001917408,0.09279637475726263
gbm,10,1972,-0.05528554969693571,0.03521713996955189
gbm,10,1973,0.19724963442844548,0.19724963442844548
gbm,10,1974,-0.06095821379655446,-0.01592450053934827
gbm,10,1975,0.05736466783674957,0.08605578531288771
gbm,10,1976,0.07066690102485074,0.07066690102485074
gbm,10,1977,0.04363967006859121,0.10126004689671986
gbm,10,1978,-0.20205228816554965,0.14174743825927022
gbm,10,1979,0.0910738194449422,0.10130657585150307
gbm,10,1980,-0.34876132049463593,0.02007313583864223
gbm,10,1981,-0.15357115759181805,0.017480182026727603
gbm,10,1982,0.012317304513509916,0.07995773753898569
gbm,10,1983,-0.0724782181649706,-0.005043986733797495
gbm,10,1984,0.030805898593747452,0.05402429144057308
gbm,10,1985,-0.07010353933338194,0.017851181761627366
gbm,10,1986,-0.13674339292314236,-0.019856375210936195
gbm,10,1987,-0.051881421099981825,0.10730557032157481
gbm,10,1988,-0.037216665744737365,0.030670067029051534
gbm,10,1989,-0.0621979768767386,0.07128201241402563
gbm,10,1990,-0.15611750795184673,0.05568929206642309
gbm,10,1991,0.11832843178656938,0.11832843178656938
gbm,10,1992,-0.01872415380908253,0.06548602299232309
gbm,10,1993,0.01736553635784839,0.01736553635784839
gbm,10,1994,0.06866806832646832,0.12662269119307762
gbm,10,1995,-0.1493482040110856,0.01584038388556666
gbm,10,1996,-0.03179616126431187,0.0992793153745902
gbm,10,1997,0.0964076105124432,0.17875517805204802
gbm,10,1998,-0.3214860032351521,0.030506225104337703
gbm,10,1999,-0.04550177281218246,0.060672933654943445
mlp,0,0,-0.04319323111821485,0.058129389820605004
mlp,0,1,0.004015230227644162,0.01795828838105612
mlp,0,2,0.050620371070447645,0.08810250454113183
mlp,0,3,0.055762266326551624,0.14509789658024796
mlp,0,4,0.0855227574016093,0.15414500929697894
mlp,0,5,-0.021549082089903734,0.16289094278346772
mlp,0,6,-0.084974975226047,0.027930182106351426
mlp,0,7,-0.06562446260604149,0.0908915564440416
mlp,0,8,0.04687720974573914,0.07092371690742316
mlp,0,9,-0.05904991741099551,0.06178154257128518
mlp,0,10,0.026181886761549755,0.06988056583671248
mlp,0,11,0.00031838454927762827,0.030703710223818292
mlp,0,12,-0.018001801331248526,0.019644860577352208
mlp,0,13,0.0006469768515532104,0.07990511093136299
mlp,0,14,0.05909760177426837,0.13274049863304105
mlp,0,15,0.09840341650421594,0.1591589453755914
mlp,0,16,-0.17626980175174106,0.01881312615557376
mlp,0,17,-0.027320537422401897,0.07244974560425921
mlp,0,18,0.0697500590012454,0.11594758087210205
mlp,0,19,-0.06080614452999537,0.1066550950053275
mlp,0,20,-0.15661338528540908,0.11624729741572903
mlp,0,21,-0.00593944456511597,0.03554770633811194
mlp,0,22,0.07146040104299622,0.21282683179184775
mlp,0,23,-0.01967435002148625,0.07312498439856413
mlp,0,24,0.04839921832971064,0.1802437987957896
mlp,0,25,0.0772108497084413,0.11144808440092244
mlp,0,26,-0.02625337982283414,0.11954258371698712
mlp,0,27,0.0015587176058342866,0.061363229077915526
mlp,0,28,0.1476514937558004,0.1476514937558004
mlp,0,29,-0.09626009113869312,0.04268175626501014
mlp,0,30,-0.11429457160073792,0.04362401344031372
mlp,0,31,-0.005253720473780504,0.09488786753549924
mlp,0,32,-0.04027036142430042,0.07521550092814863
mlp,0,33,0.13375190098244538,0.2477821349286034
mlp,0,34,-0.03693754811620113,0.04794999055053489
mlp,0,35,0.03820639978498103,0.06971781880080277
mlp,0,36,-0.14070246968977415,-0.005195540839146695
mlp,0,37,-0.10638129486823583,0.09109245853536391
mlp,0,38,-0.12067879951466295,0.037479448375784125
mlp,0,39,0.001283722826460082,0.09156986173122586
mlp,0,40,-0.18633925603065266,0.00269576014272796
mlp,0,41,0.019062531323565918,0.28353128891381835
mlp,0,42,0.05518774513396954,0.06546313574374255
mlp,0,43,-0.06482911466722123,0.025438175879342217
mlp,0,44,-0.0031723008096321004,0.18941315147565913
mlp,0,45,-0.030611526465405228,0.06397435450966485
mlp,0,46,0.14364017441503385,0.14364017441503385
mlp,0,47,-0.03467038566908599,0.07476998904465937
mlp,0,48,0.08609348767554159,0.11273964711222678
mlp,0,49,0.03977112764331914,0.03977112764331914
mlp,0,50,0.02268416947610516,0.02268416947610516
mlp,0,51,0.21464198656197064,0.24537431468666948
mlp,0,52,0.0350641410603007,0.043003893284347006
mlp,0,53,-0.019131133770796463,0.04616573328294907
mlp,0,54,-0.07566466538544778,0.04746669308505641
mlp,0,55,-0.05901275788049275,0.006543694816144696
mlp,0,56,-0.013715199131377018,0.0692920226818543
mlp,0,57,0.04763811193950332,0.061701032364287145
mlp,0,58,0.018141944084212797,0.12024297124854078
mlp,0,59,0.07230033375968373,0.24093512652245558
mlp,0,60,0.11613124378430711,0.13317116525523626
mlp,0,61,-0.04512676837296864,0.06407205759188717
mlp,0,62,0.04492710612948131,0.06658880117496702
mlp,0,63,0.06074148449809069,0.08023264100779914
mlp,0,64,0.09653388756194892,0.14592056910080609
mlp,0,65,-0.02753908275297541,0.07120739895241707
mlp,0,66,-0.03660874259975655,0.03320569358345471
mlp,0,67,-0.029990884497413467,-0.012250805843551676
mlp,0,68,-0.12287026480311415,-0.0021772583699678216
mlp,0,69,0.008893989141355252,0.12435780765427223
mlp,0,70,0.022789229236783087,0.05046749623796498
mlp,0,71,-0.05748998454661887,0.056528543048128516
mlp,0,72,-0.06986426581364723,0.15703917982783566
mlp,0,73,0.1197087216997757,0.24032533559775104
mlp,0,74,0.046316297062242356,0.1400431694837858
mlp,0,75,-0.006976562182490265,0.025644998432057198
mlp,0,76,-0.03959666896237511,0.0681530562290194
mlp,0,77,0.03411583973646137,0.03411583973646137
mlp,0,78,0.06092980588281666,0.14752179728796688
mlp,0,79,0.016891957307295646,0.06471827224025425
mlp,0,80,0.0074767942731230885,0.05289884219305285
mlp,0,81,-0.10281601960636477,-0.014209630349267935
mlp,0,82,-0.07336295810991886,0.18671530277174264
mlp,0,83,-0.022947549909437828,0.12342905374424329
mlp,0,84,0.03643265079477137,0.21076129067810417
mlp,0,85,0.009904965425727053,0.10936507884660687
mlp,0,86,0.06711737018040073,0.20885834415916416
mlp,0,87,0.06767472757299722,0.10954867836638776
mlp,0,88,0.024174872567578082,0.05240259064865199
mlp,0,89,-0.0654006997925913,0.12434222852783283
mlp,0,90,0.09062597718063803,0.102241923568901
mlp,0,91,-0.07538427724667898,-0.009568654935005583
mlp,0,92,0.008053508483081895,0.008053508483081895
mlp,0,93,-0.009346468417468196,0.11340892117306017
mlp,0,94,0.0007806285703431115,0.041273901160564036
mlp,0,95,-0.04882360507890525,0.05882497910435672
mlp,0,96,-0.03538267746164611,0.2011541495312134
mlp,0,97,0.0032088254008307004,0.16338530864197365
mlp,0,98,0.06530180274968533,0.06530180274968533
mlp,0,99,-0.0006348650095773511,0.16924694799288909
mlp,0,100,0.08027408656569837,0.15732493445266177
mlp,0,101,0.007877747140333263,0.0372910405465863
mlp,0,102,0.035306213139748494,0.15360614226166247
mlp,0,103,0.03370183180635619,0.0742818515328566
mlp,0,104,-0.1489264266184883,0.1391026201167681
mlp,0,105,0.1185369187279553,0.25554533931947354
mlp,0,106,0.017010816887113783,0.07656353155441703
mlp,0,107,0.01421995873909121,0.11710919639110051
mlp,0,108,-0.04107092976954255,0.08789353293240607
mlp,0,109,0.01733944288492728,0.14992532396354785
mlp,0,110,0.1413673686678224,0.2931634763964799
mlp,0,111,-0.05935584590716017,0.023696772457501042
mlp,0,112,0.028937932139120104,0.13076213523367985
mlp,0,113,-0.049839784784291435,0.0956509828084387
mlp,0,114,0.04057892964900667,0.11835554724797431
mlp,0,115,-0.01516899038086944,0.0974057329917786
mlp,0,116,0.050739683555361875,0.050739683555361875
mlp,0,117,0.02003444131187357,0.07610230802154622
mlp,0,118,0.08808834048847716,0.13299844752459328
mlp,0,119,0.08901511537770931,0.14131267675698644
mlp,0,120,0.06634447882992334,0.0800794187477255
mlp,0,121,-0.08138877346250012,0.011479388561898118
mlp,0,122,0.04308497956940405,0.08990720960026533
mlp,0,123,0.034036406099564986,0.15444138648784678
mlp,0,124,0.010592792167738285,0.04974334688725318
mlp,0,125,0.03995476173546916,0.03995476173546916
mlp,0,126,-0.022272579675845047,0.09877794076550614
mlp,0,127,-0.05203800774820294,0.08977453562243609
mlp,0,128,-0.010416425429508741,0.004938739666082437
mlp,0,129,0.11961916800956723,0.17443941748649894
mlp,0,130,0.06882896968261298,0.11298746630032414
mlp,0,131,0.02188556974461764,0.07647026739711993
mlp,0,132,0.0014155520242444541,0.06786032707250905
mlp,0,133,0.20923962492175768,0.24430427809971567
mlp,0,134,-0.0028789506897650974,0.04214984110912395
mlp,0,135,0.044395039668005315,0.12563802456787376
mlp,0,136,0.08698830635653099,0.11133480951410327
mlp,0,137,-0.16315405831637628,0.04651176478344088
mlp,0,138,-0.004792338090719939,0.09024320741975084
mlp,0,139,0.08075281613025967,0.16509916201210567
mlp,0,140,-0.0711350427471186,0.17212775204210057
mlp,0,141,0.14857497837292505,0.14857497837292505
mlp,0,142,0.026364243154706007,0.0718909318786792
mlp,0,143,0.007151277227671893,0.04571093974759338
mlp,0,144,0.05791314160262703,0.11248076321384337
mlp,0,145,-0.05644404943543167,0.02253193605286488
mlp,0,146,0.01566102579905629,0.21884025653198796
mlp,0,147,0.03820783298791067,0.03820783298791067
mlp,0,148,0.03135682570615114,0.05385779580742378
mlp,0,149,0.02859197650745171,0.13572580753996133
mlp,0,150,-0.009405067374794157,0.06698116465741191
mlp,0,151,0.06771142351236964,0.07179100063495608
mlp,0,152,-0.09728892328969019,0.015273799167184077
mlp,0,153,-0.047891515913574434,0.05660389660666448
mlp,0,154,-0.01916823317379479,0.0069119725837372414
mlp,0,155,0.014293740918810804,0.08779957805682764
mlp,0,156,0.029318400970981512,0.13018843933466384
mlp,0,157,0.027724510475434033,0.1629959875102397
mlp,0,158,-0.19728375688939054,0.07798051643111939
mlp,0,159,0.05210589131167581,0.22001133758676833
mlp,0,160,0.0034923297916665264,0.0326690948592504
mlp,0,161,0.060627230012759686,0.060627230012759686
mlp,0,162,-0.028132244589008953,0.040919634148264244
mlp,0,163,-0.05651299565988302,0.016155730492700027
mlp,0,164,0.0010566795437653154,0.16559700156659812
mlp,0,165,-0.01815357872357344,0.13651996272202183
mlp,0,166,-0.022490288768347466,0.2389538727930023
mlp,0,167,-0.04163640688711763,0.08759071591862588
mlp,0,168,0.05282641136761876,0.2011591772005722
mlp,0,169,0.006026932897737786,0.05020442558437721
mlp,0,170,0.019989642848864203,0.019989642848864203
mlp,0,171,0.1340191083974932,0.16533454209679288
mlp,0,172,-0.1412501203274953,0.030736842198256842
mlp,0,173,0.05191081924670213,0.07344061200323926
mlp,0,174,0.03481706134050569,0.09040558254605485
mlp,0,175,-0.12286802007212502,0.027122737327355262
mlp,0,176,0.01728984040969353,0.07681283093691782
mlp,0,177,0.04732818832474986,0.07786429818563972
mlp,0,178,-0.1128210069687488,0.024761005671357167
mlp,0,179,-0.13256407969984632,0.06242648221410926
mlp,0,180,0.008923246623214809,0.09352650559923378
mlp,0,181,-0.08638785010610449,0.03683334098135954
mlp,0,182,-0.01899890104639379,0.21454709425403673
mlp,0,183,-0.09816168942112004,-0.013692371807228182
mlp,0,184,0.04253907067526555,0.09007564300608539
mlp,0,185,0.007637240630930436,0.018325321100228387
mlp,0,186,-0.0015517550845400296,0.04070301582454264
mlp,0,187,0.022650615848715666,0.12332455259014224
mlp,0,188,0.08102514750651038,0.22287955575334545
mlp,0,189,-0.02541278640902518,0.11030278976404098
mlp,0,190,0.0811438579798831,0.10356806239603894
mlp,0,191,0.04247562699852622,0.10251351795034971
mlp,0,192,0.012622077124727099,0.02106740985108732
mlp,0,193,0.05275906891982915,0.26791977330511674
mlp,0,194,0.017829396365431488,0.017829396365431488
mlp,0,195,0.02759401111946297,0.2708008442308817
mlp,0,196,0.016622774824167214,0.10799343138424078
mlp,0,197,0.09308104198783784,0.16794682652260157
mlp,0,198,-0.06444469693166736,0.18180512705368046
mlp,0,199,0.04661337294176346,0.15204573860168663
mlp,0,200,0.008432670840630041,0.06964735304606545
mlp,0,201,0.09273341515665415,0.15371780277413766
mlp,0,202,-0.08033381083560417,0.040807668427162075
mlp,0,203,-0.06418140399225272,0.03581821342375677
mlp,0,204,0.03286760198454042,0.06749231615269483
mlp,0,205,0.04064037871824233,0.04064037871824233
mlp,0,206,-0.013998417268846,0.027614945705407096
mlp,0,207,0.061709604892177417,0.16054023093843073
mlp,0,208,0.004150354908593723,0.042087911674545175
mlp,0,209,-0.023376419378440177,0.04763430512143507
mlp,0,210,-0.038431315609118485,0.02703716225686953
mlp,0,211,-0.04627578703185427,0.13056380327191558
mlp,0,212,0.05041195288233441,0.07365523771890092
mlp,0,213,-0.034225537904760336,0.09966392384948336
mlp,0,214,-0.07154969609170977,0.05136031264795732
mlp,0,215,-0.06870434114099609,0.12887625256076157
mlp,0,216,-0.21598232993004446,-0.0740688647830118
mlp,0,217,0.07371456381284858,0.2036079421150913
mlp,0,218,-0.02870402254994245,0.10701454893828447
mlp,0,219,0.05274127241905016,0.15656011668838626
mlp,0,220,0.16669412472106593,0.2815720125003195
mlp,0,221,-0.018671233980129556,0.12165849312451554
mlp,0,222,-0.03845370007015467,0.18276237207859863
mlp,0,223,0.12452598713556612,0.12452598713556612
mlp,0,224,0.022805408865221977,0.06109074899154471
mlp,0,225,-0.05083273693941252,0.055927624564940326
mlp,0,226,0.019058696468156333,0.06739150861788193
mlp,0,227,0.04502116334820358,0.17787091204579875
mlp,0,228,-0.042183880821128006,0.10766001452742824
mlp,0,229,-0.09419372731964282,-0.05404401354621889
mlp,0,230,0.0424102803190656,0.0556602096976237
mlp,0,231,-0.1861538970933319,0.04245003154666782
mlp,0,232,-0.023601048095069035,0.1386690066497912
mlp,0,233,-0.128044072180442,0.05462681976585573
mlp,0,234,0.04190878151328642,0.15990997143454205
mlp,0,235,-0.06818418928485023,0.14470530875458948
mlp,0,236,-0.03400451786881152,0.04782834266552738
mlp,0,237,0.11217905050703117,0.14536327364427143
mlp,0,238,0.04602890424009559,0.04602890424009559
mlp,0,239,0.049909791304878076,0.16950070400326683
mlp,0,240,-0.1050318303915746,0.02937529597512492
mlp,0,241,-0.08996683771735536,0.12878447319525993
mlp,0,242,0.04119483975973384,0.19756789425554389
mlp,0,243,0.0630277773890468,0.1070815571170364
mlp,0,244,-0.017913558127301124,0.24725716408136672
mlp,0,245,0.06937217027498069,0.15299916072888797
mlp,0,246,-0.15048016383048127,0.04286449176149171
mlp,0,247,-0.004071514998161246,0.0480380300949832
mlp,0,248,0.030648750101282707,0.06325454911350359
mlp,0,249,-0.08343741272648716,-1.3456461946975695e-05
mlp,0,250,0.013495470607221532,0.08634611833960695
mlp,0,251,-0.010470288862781021,0.09521985356622262
mlp,0,252,0.013232587945516627,0.09085761421085525
mlp,0,253,-0.0643000687991578,0.1260627753806154
mlp,0,254,0.0031666519369626944,0.0895256305041571
mlp,0,255,0.06212018425678498,0.171692762581097
mlp,0,256,-0.10624060478665684,0.1282261868164281
mlp,0,257,0.03049618154458167,0.10785818310402906
mlp,0,258,-0.006839523098330358,0.08085205083083674
mlp,0,259,0.03459495635618337,0.08486024445652346
mlp,0,260,0.02775329380826322,0.08565021240253654
mlp,0,261,-0.037753836781992914,0.10335276365787849
mlp,0,262,0.003262764979120758,0.1463523738426024
mlp,0,263,-0.22522628990188087,-0.021858655374772898
mlp,0,264,0.023642703186124464,0.0420217478610701
mlp,0,265,0.05188511612491359,0.13924430513111752
mlp,0,266,-0.011690517173315443,0.0768723231505423
mlp,0,267,0.01443099206504364,0.09181599437262875
mlp,0,268,-0.06649632046733278,0.03393172252653792
mlp,0,269,-0.1821590945132942,-0.056677802285770795
mlp,0,270,0.05421984041583941,0.09506291893313595
mlp,0,271,0.02827311675323227,0.06849825494842154
mlp,0,272,-0.06263203148297948,0.09192913110121892
mlp,0,273,-0.06951523068004095,0.0352958698415837
mlp,0,274,-0.03904866534033703,0.07082916587468224
mlp,0,275,-0.04934631522523435,-0.026076844016407183
mlp,0,276,0.013848220264942507,0.03959550340538992
mlp,0,277,-0.10720840726939292,0.05353037244268577
mlp,0,278,-0.059322501406713926,0.031584574006451954
mlp,0,279,-0.01589384489014671,0.07051574684748632
mlp,0,280,0.1213708027045105,0.1638930929967562
mlp,0,281,0.14445570039324107,0.14697487302481832
mlp,0,282,-0.053394664431026986,0.009662781223092276
mlp,0,283,0.11886137333142327,0.16362589884049866
mlp,0,284,0.004766221279195848,0.09382663055739052
mlp,0,285,0.04801053886597886,0.10609486093630838
mlp,0,286,-0.026241942043171138,0.05768835279089746
mlp,0,287,-0.04197181755240313,0.0030915630106470304
mlp,0,288,-0.018348744462548597,0.1047864273556279
mlp,0,289,-0.017629863625206924,0.04289772541436762
mlp,0,290,-0.10021526330930439,-0.04103314268036394
mlp,0,291,-0.11774280138969923,0.053457695998576416
mlp,0,292,-0.054553787941636234,0.11121400625140831
mlp,0,293,0.018160324712077486,0.05446524647285053
mlp,0,294,-0.010547104342094896,-0.010547104342094896
mlp,0,295,-0.05440817208098449,0.029333841894459284
mlp,0,296,0.13641888449922113,0.17028657515670237
mlp,0,297,-0.008267486529132478,0.054068188897716446
mlp,0,298,-0.0037863066122953704,0.1291986591885167
mlp,0,299,0.0609428181147455,0.1035698379960853
mlp,0,300,0.08266225367932925,0.11790112261599706
mlp,0,301,-0.021967569354505195,0.04762706504897027
mlp,0,302,0.03651223929707009,0.1901856700930361
mlp,0,303,0.025787383562560773,0.028172170272651065
mlp,0,304,0.04388218712455222,0.05584795381091215
mlp,0,305,-0.05934083989420552,0.0006776761453781144
mlp,0,306,-0.17626690616365698,0.12539549594303512
mlp,0,307,-0.03589830546431444,0.06069431194675756
mlp,0,308,-0.06736965287134372,0.05231951666880322
mlp,0,309,-0.0160704553627226,0.0828780640308169
mlp,0,310,-0.00497629798108018,0.0758330188145693
mlp,0,311,-0.06837805112327731,0.08053991110246242
mlp,0,312,-0.057037596773045166,0.08524312753838365
mlp,0,313,-0.0020900186636242657,0.11199675330109407
mlp,0,314,-0.04523669589165273,0.08798813986936352
mlp,0,315,-0.10588369854250149,0.09827088543555934
mlp,0,316,-0.053412597454401856,0.02284242807009143
mlp,0,317,-0.017051966148586645,0.14629684949510402
mlp,0,318,-0.03618264036037652,0.094840558099483
mlp,0,319,0.06265766632336411,0.09933436528246134
mlp,0,320,-0.06173827313032927,0.02012616057146316
mlp,0,321,0.0010342640930054436,0.04648613595381362
mlp,0,322,-0.09719436921216507,-0.019281502804043976
mlp,0,323,-0.05578164041635694,0.06355013402231735
mlp,0,324,-0.00944720443224456,0.05083100432151652
mlp,0,325,0.04229542094692332,0.05599164208445201
mlp,0,326,0.09561167848349866,0.1727726840568427
mlp,0,327,0.01567490391697904,0.06628767578534162
mlp,0,328,-0.01040335853654585,0.17079405017380944
mlp,0,329,-0.05779437849484326,0.03669768721716091
mlp,0,330,-0.03307631765915536,0.04482393393686912
mlp,0,331,0.08161003811254786,0.12498617898619713
mlp,0,332,0.033020531293086824,0.10093388804409323
mlp,0,333,0.055828559940277106,0.10031454786629698
mlp,0,334,-0.05254636519614188,0.06128627071140236
mlp,0,335,-0.08578327530280472,0.020346389995746228
mlp,0,336,0.0351158761786316,0.1379535026433797
mlp,0,337,-0.014821719943589953,0.0695456397990708
mlp,0,338,0.054733079139860225,0.08207288914973143
mlp,0,339,0.05613449773006915,0.10310743718005225
mlp,0,340,0.05576087635184096,0.06855830738042754
mlp,0,341,-0.047657839967303786,0.06793707046277783
mlp,0,342,0.1464273726781617,0.1464273726781617
mlp,0,343,-0.06936457640189893,0.1662262910386641
mlp,0,344,-0.11852954344324099,0.09889938467960147
mlp,0,345,-0.057838905296277596,0.08266560208348617
mlp,0,346,0.022060491191887494,0.0853692481950386
mlp,0,347,0.034388749825902065,0.034388749825902065
mlp,0,348,0.09124347927502255,0.10326728361201662
mlp,0,349,0.047534663727547666,0.10749626009165397
mlp,0,350,-0.08678816597336436,0.034700548305425516
mlp,0,351,0.054863836830014695,0.09877003728872188
mlp,0,352,0.03629005971644514,0.04528566923326066
mlp,0,353,-0.07555036469365452,0.023848706889347066
mlp,0,354,-0.02577187277675523,0.023238307038515177
mlp,0,355,-0.021415885261696535,0.036295439155193315
mlp,0,356,0.04967552342921994,0.0712079988775495
mlp,0,357,-0.06603239732025334,0.03943959795553548
mlp,0,358,-0.009458176606730484,0.10337026355695605
mlp,0,359,0.0819677564559235,0.10772672323792318
mlp,0,360,-0.07729187726904631,0.08485851463931773
mlp,0,361,-0.05110503000257739,0.10749025224137312
mlp,0,362,0.08713159707777698,0.23751198509789484
mlp,0,363,-0.04534460476085764,0.0593717521192082
mlp,0,364,0.030674942545830614,0.1665602470305892
mlp,0,365,0.04277524275270175,0.07814423790074379
mlp,0,366,0.03904141843656497,0.05804773640181332
mlp,0,367,-0.1365609412843923,0.08554996804350629
mlp,0,368,-0.00822474970637821,0.14001332082886309
mlp,0,369,-0.03690268145477421,0.08717875283884038
mlp,0,370,-0.04278185103745885,0.07949195868363221
mlp,0,371,0.07603082572477521,0.07642110407490138
mlp,0,372,-0.0667163876887048,0.08736062427408686
mlp,0,373,0.023198883980341506,0.07676324607074289
mlp,0,374,0.029790947782499216,0.15755988069533156
mlp,0,375,0.0265233322152435,0.12854752657125873
mlp,0,376,-0.004261072727517329,0.0820811374616777
mlp,0,377,-0.022859483866261493,0.12993796017103582
mlp,0,378,-0.10427598961760942,-0.026196579855132296
mlp,0,379,0.07322471351218904,0.11040727119360347
mlp,0,380,0.1323310494492977,0.22471767608590243
mlp,0,381,-0.11830056744123209,0.17345332844593575
mlp,0,382,0.0353842886023536,0.05164854415197134
mlp,0,383,-0.03171519991508863,0.08753866838256702
mlp,0,384,0.11027124345147551,0.11027124345147551
mlp,0,385,-0.032500488163610036,0.06653192705175023
mlp,0,386,-0.07031753872965936,0.03203539951989151
mlp,0,387,-0.033021243004065434,0.14194779336237212
mlp,0,388,0.020500729316923205,0.09936980061436446
mlp,0,389,-0.10495630956216845,0.028244438028561775
mlp,0,390,0.04086893017805571,0.07045154905640705
mlp,0,391,0.01373508852094732,0.08106868051268504
mlp,0,392,-0.05823953230590721,0.1154845399427683
mlp,0,393,0.006467670817536991,0.06228269442349035
mlp,0,394,0.01730674267588117,0.1127987585473674
mlp,0,395,0.14562780326481117,0.14562780326481117
mlp,0,396,-0.06685227815770317,0.007284835637581311
mlp,0,397,-0.12592755830778393,0.055914960533386154
mlp,0,398,-0.09156655324909843,-0.03421060760990624
mlp,0,399,-0.0741539924020593,0.07562810800612241
mlp,0,400,-0.0177037888754287,0.08298420760581021
mlp,0,401,0.028476617572229912,0.05199359960548089
mlp,0,402,-0.06120896861690811,-0.022595630166720643
mlp,0,403,-0.07489768414233808,0.0795402332553013
mlp,0,404,-0.05459185909960207,0.046488060680164284
mlp,0,405,0.014502351096192162,0.07267474443703736
mlp,0,406,0.057206735509909956,0.057206735509909956
mlp,0,407,-0.08670569280236315,0.0030002615671063104
mlp,0,408,-0.02797499819887138,0.08384980392028837
mlp,0,409,-0.04970747191713794,0.005252217382146235
mlp,0,410,0.16680819725354595,0.1936902147527489
mlp,0,411,-0.07473620710336551,0.05164484090281715
mlp,0,412,0.0582428057668222,0.08727588342884365
mlp,0,413,-0.02016646871846567,0.08003732476585854
mlp,0,414,-0.02372824461704645,0.0813626637632687
mlp,0,415,-0.16398229776957274,0.0009005038466350646
mlp,0,416,-0.05400839022352544,0.055943982546612814
mlp,0,417,-0.0027423126585699176,0.08979985169753393
mlp,0,418,-0.03458663714130804,0.11452013468569883
mlp,0,419,-0.12112582625817422,-0.02579475962009964
mlp,0,420,-0.011412328177523773,0.09748043053341057
mlp,0,421,0.013303871724143213,0.09187049258181232
mlp,0,422,0.0986842767319773,0.1925857102612767
mlp,0,423,-0.010900116596902043,0.04051778294124023
mlp,0,424,-0.06675547307103556,0.06757836556349944
mlp,0,425,-0.06299015225564301,0.01959155434061069
mlp,0,426,-0.0008837722708787132,0.15815829864763115
mlp,0,427,-0.09527673488784968,0.014852445167523626
mlp,0,428,-0.0759174875551454,0.025973046585995585
mlp,0,429,0.127241868377574,0.23626362362942066
mlp,0,430,0.11711286006143656,0.16592288571397973
mlp,0,431,0.010061644405112646,0.06567961031876657
mlp,0,432,-0.011481218764320705,0.1818428913165182
mlp,0,433,-0.03724819558828668,0.06202561243426191
mlp,0,434,0.06820151618768691,0.11793129314265183
mlp,0,435,0.03338766925068529,0.03338766925068529
mlp,0,436,0.037952818633528757,0.09584777360614355
mlp,0,437,-0.006796797592214188,0.059910895629303046
mlp,0,438,-0.008038440968447413,0.04141385566322181
mlp,0,439,-0.03789461931390936,0.075525436960826
mlp,0,440,-0.05128349338812803,0.09094905065028425
mlp,0,441,0.09571930268168305,0.09571930268168305
mlp,0,442,0.04322899298436397,0.13810343793922908
mlp,0,443,0.035722133612568374,0.05587810525613959
mlp,0,444,0.006903910305574329,0.04848679443236523
mlp,0,445,-0.03498541821133702,0.09704002349076626
mlp,0,446,0.0029287660505930013,0.06673205827463707
mlp,0,447,0.09160243121664544,0.13163220045873625
mlp,0,448,-0.002084480129204841,0.059996620773587445
mlp,0,449,0.0881812918553378,0.14549339593972294
mlp,0,450,0.04237515185325569,0.1403201358019318
mlp,0,451,-0.08811930142837283,0.004755597531182043
mlp,0,452,-0.04290690631208692,0.07208580031351822
mlp,0,453,-0.017331202891469222,0.08896120641752964
mlp,0,454,0.012845626021576045,0.08689140976510093
mlp,0,455,-0.005200812503254076,0.06879598819109545
mlp,0,456,-0.06880218453109248,0.06454322211166513
mlp,0,457,0.008498691807498987,0.18277081252004296
mlp,0,458,-0.023911483308081974,0.12041190949652458
mlp,0,459,0.024529837226339474,0.10199767978745639
mlp,0,460,-0.042229908846582884,0.11088396258685071
mlp,0,461,-0.0016461791235694023,0.0673502517071331
mlp,0,462,0.020071167737820278,0.050051767552412724
mlp,0,463,0.03469889185234129,0.08378295202504199
mlp,0,464,0.18968536973513944,0.2363117811569022
mlp,0,465,-0.08160072616851236,0.048792677437085846
mlp,0,466,-0.0241212937346008,0.015118792092960881
mlp,0,467,-0.06171130154919499,-0.018378658146207344
mlp,0,468,-0.0795568614978436,0.06086586673297223
mlp,0,469,-0.044669174774933595,0.0018261149656418896
mlp,0,470,-0.1492914628383483,-0.08104833789908943
mlp,0,471,-0.06454199985427411,0.031711465368221115
mlp,0,472,-0.024067601259469038,0.05684872656999526
mlp,0,473,-0.007868427538363226,0.10231742090021759
mlp,0,474,-0.04023887210143261,0.016436770255311067
mlp,0,475,-0.009692312332931802,0.05755875812636865
mlp,0,476,-0.015155507952173838,0.017286151544552375
mlp,0,477,-0.09434018229840441,-0.033174844162065176
mlp,0,478,0.030241375865459302,0.0937391303297059
mlp,0,479,0.08892918601727698,0.14236714210334
mlp,0,480,0.07273163178242587,0.11691717897334442
mlp,0,481,0.12629852055221902,0.18577002634862988
mlp,0,482,0.06138996273103431,0.09771735978351412
mlp,0,483,0.08943556259878302,0.08943556259878302
mlp,0,484,0.10705763819998232,0.21008367298715797
mlp,0,485,-0.05881659907453131,0.062131465883616344
mlp,0,486,-0.022835380220573423,0.06570859028950868
mlp,0,487,-0.042737291483571666,0.030494108330142322
mlp,0,488,-0.05840875613630833,0.0417258854047837
mlp,0,489,0.041712716319050075,0.11292677890186317
mlp,0,490,-0.0020164382708813267,0.05892712383926918
mlp,0,491,-0.041103470342819234,0.0075238487247528685
mlp,0,492,0.10002007554384693,0.10908022769388889
mlp,0,493,-0.014476732148670235,0.0651868350915589
mlp,0,494,-0.01630906683180937,0.004437392883248098
mlp,0,495,-0.028555540242878458,0.06454516104992919
mlp,0,496,-0.051315356030575465,0.052801234001680075
mlp,0,497,0.02306357981609422,0.06024905770668895
mlp,0,498,-0.011952847726138915,0.0659037035680691
mlp,0,499,-0.07406199519409216,0.01642631606384551
mlp,0,500,-0.08211016386238265,0.03490338811756016
mlp,0,501,0.051772467432019215,0.16223741420476834
mlp,0,502,0.04420812226993753,0.0649930083496777
mlp,0,503,-0.0746097380958489,-0.04289346535913929
mlp,0,504,-0.03152172646894294,0.05631980901198849
mlp,0,505,-0.0808436721761761,0.010258530871240151
mlp,0,506,-0.0025581409526576337,0.03836591616712351
mlp,0,507,-0.0473350609929484,0.013362958121578783
mlp,0,508,-0.032069652301578044,0.08279542680756499
mlp,0,509,0.018034855396290433,0.03835402261286874
mlp,0,510,0.01914241904814723,0.11142045127524125
mlp,0,511,0.11959099169614973,0.12060020773189012
mlp,0,512,-0.04316754890550585,0.05844198921202928
mlp,0,513,0.009369334791000855,0.0632950532115577
mlp,0,514,-0.04242321769828106,0.07122615098485019
mlp,0,515,0.06872064517339693,0.1212599502051731
mlp,0,516,-0.07919912153679226,0.07523271000017343
mlp,0,517,-0.017681552322722227,0.12352164214497907
mlp,0,518,0.05409011795070748,0.0821162178659906
mlp,0,519,0.03428534428618052,0.09758919865422269
mlp,0,520,0.008676707762646757,0.050662987365795054
mlp,0,521,0.07572016312714774,0.2120842326523637
mlp,0,522,0.009281907302484904,0.0370700867730131
mlp,0,523,-0.00814432980749602,0.010908373497662771
mlp,0,524,0.06288280497494586,0.1191414997927066
mlp,0,525,0.003979425600751346,0.041233549966325334
mlp,0,526,0.04770941580796231,0.2232700761861302
mlp,0,527,-1.1746013209273931e-05,0.06174722897105439
mlp,0,528,0.058025437921472967,0.058025437921472967
mlp,0,529,-0.07407017962455463,0.06950986825048616
mlp,0,530,-0.03130356128610305,0.06377148628216911
mlp,0,531,-0.0696749776563467,0.03724596244285713
mlp,0,532,-0.11196702570142485,0.03849160739596863
mlp,0,533,-0.155485968237065,0.044455062378089216
mlp,0,534,0.011121141672948587,0.0576651730706112
mlp,0,535,-0.14692640131585277,0.07049211449869144
mlp,0,536,-0.13470839152704342,0.005124354010559884
mlp,0,537,0.022490698679808463,0.09857248797864016
mlp,0,538,0.09824968137892542,0.17977207536553153
mlp,0,539,0.07413149043712561,0.07413149043712561
mlp,0,540,0.05241157426559845,0.08296185558829852
mlp,0,541,-0.07658215420024539,0.08429998005191003
mlp,0,542,0.03556130423174711,0.12631532059582162
mlp,0,543,-0.0016387629327367925,0.025878057913190283
mlp,0,544,0.005932524849477483,0.05609978382500247
mlp,0,545,0.16354899800942774,0.22713344808496355
mlp,0,546,-0.038209325221299995,0.026337289717459827
mlp,0,547,0.032592898505373696,0.0789826726624285
mlp,0,548,-0.08733043794281346,0.04192959706725474
mlp,0,549,0.020113481679374462,0.04114507527693617
mlp,0,550,-0.07680021440306065,-0.008924849748705443
mlp,0,551,0.0295367785392818,0.15063934865540324
mlp,0,552,0.017591063172681276,0.061114468083948936
mlp,0,553,-0.11169414737718641,0.04540093436666098
mlp,0,554,0.0966625108857592,0.0966625108857592
mlp,0,555,-0.06692473871230549,0.03542238271125897
mlp,0,556,-0.047286068336022336,0.026993168562376296
mlp,0,557,0.06523341201292798,0.08099131269839169
mlp,0,558,-0.09128220246463054,0.05633277310077431
mlp,0,559,0.07460362393883355,0.10360882750567857
mlp,0,560,-0.00984723520738534,0.05556510663260392
mlp,0,561,0.008224844541248916,0.04908604509224865
mlp,0,562,0.0367500619297125,0.12626585800581358
mlp,0,563,-0.13127323476315636,0.06585096139169619
mlp,0,564,-0.0032100987323342156,0.02261624650541061
mlp,0,565,-0.04443345153604336,0.04301964241236014
mlp,0,566,0.009673002985417262,0.11390586151650539
mlp,0,567,-0.09908806131787791,0.04848330143548743
mlp,0,568,-0.052307474777548504,0.10896367146203664
mlp,0,569,-0.09388561957250062,0.09196541442902648
mlp,0,570,0.14634827219642654,0.21001290715062426
mlp,0,571,0.1756544487404293,0.1756544487404293
mlp,0,572,0.034586708512614084,0.07447509329822713
mlp,0,573,-0.046105048823860545,0.0647764321601074
mlp,0,574,0.07044613677115044,0.10213057374908124
mlp,0,575,-0.12439367267269412,0.04359376388632524
mlp,0,576,-0.03166426384631392,0.08117294577675926
mlp,0,577,0.07073288789123344,0.07073288789123344
mlp,0,578,0.028522151760302372,0.10042200318270633
mlp,0,579,0.08008593238429912,0.17478334950009583
mlp,0,580,-0.0732125748368746,0.04303631489296125
mlp,0,581,0.10813623946260356,0.2280557266440537
mlp,0,582,-0.05943322814058362,0.06069894218667013
mlp,0,583,-0.17993913212529794,-0.009730719492856005
mlp,0,584,0.023636175706003015,0.10186176974108291
mlp,0,585,-0.022732143821449502,0.016489288349977538
mlp,0,586,-0.13565792960092743,0.07693970876765233
mlp,0,587,-0.07278948247586987,0.11093441977143198
mlp,0,588,-0.02428815640568681,0.07296300012750467
mlp,0,589,-0.06739089574721001,0.023696901668559534
mlp,0,590,0.08121895302126542,0.11140530897417494
mlp,0,591,-0.07903806702896886,-0.005503837733705941
mlp,0,592,0.04737401028156199,0.04737401028156199
mlp,0,593,-0.15310468958976314,-0.00034387675742600377
mlp,0,594,-0.12264259043636212,0.007101015396148713
mlp,0,595,-0.08723435977681374,-0.016733973134213764
mlp,0,596,0.05097215832273219,0.14219358711069957
mlp,0,597,0.06563384083908053,0.1587710783178255
mlp,0,598,0.021170991308804343,0.11576798537556277
mlp,0,599,-0.12032549519545471,-0.012683467252458752
mlp,0,600,0.004319377191555701,0.06017492341152006
mlp,0,601,-0.0031188266946975685,0.10406155790189972
mlp,0,602,0.08487065499625152,0.08487065499625152
mlp,0,603,-0.04199127998326781,0.01696292968627966
mlp,0,604,-0.002341805669313829,0.06974740967495988
mlp,0,605,0.08041111288795141,0.15102753774253508
mlp,0,606,-0.0699624949214392,0.08690971455954469
mlp,0,607,-0.16389634599628777,0.05112556397377577
mlp,0,608,0.13009048162712877,0.2263446553283241
mlp,0,609,0.04188215474292753,0.05088974465652196
mlp,0,610,0.06793814991094174,0.10359267000521835
mlp,0,611,0.04413953992884814,0.16859682124322767
mlp,0,612,-0.01784748868667213,0.07597340526605512
mlp,0,613,0.054775131099016494,0.054775131099016494
mlp,0,614,0.0893596999085898,0.1561341391120955
mlp,0,615,-0.030576165279253414,0.0657339881191629
mlp,0,616,-0.04690814708036353,0.04561137029922652
mlp,0,617,-0.009658317741155081,0.04405559608506848
mlp,0,618,-0.012190695576470054,0.07901652189322994
mlp,0,619,0.0010286340889109347,0.08916148831701984
mlp,0,620,-0.09471542126812348,0.04484969858039917
mlp,0,621,-0.17450772619602128,0.14250172438131598
mlp,0,622,-0.016630505297616366,0.07939540307382736
mlp,0,623,0.09310451624308608,0.18132470174010185
mlp,0,624,0.035037783104089865,0.060142463057154455
mlp,0,625,0.019778761794296024,0.06453894458339626
mlp,0,626,0.007903613899923972,0.1097669981925086
mlp,0,627,0.06424174706251998,0.06424174706251998
mlp,0,628,0.05904368072176017,0.09033911105478812
mlp,0,629,0.0072317698331328395,0.15457110853368705
mlp,0,630,0.07228115709813021,0.09431721282231403
mlp,0,631,-0.11139472083567027,-0.005521356119473297
mlp,0,632,-0.05909102123119794,0.052971363400216326
mlp,0,633,-0.06319861258645132,0.09555359337528874
mlp,0,634,-0.02978601788916338,0.10365807743836172
mlp,0,635,-0.01815150892621127,0.03898981198512724
mlp,0,636,-0.05276643238051859,0.0758315224491018
mlp,0,637,-0.01533060345692927,0.03419050594828635
mlp,0,638,0.09226927455983411,0.24639781180253695
mlp,0,639,-0.037640130193480115,0.05350799365517836
mlp,0,640,-0.1006841042499054,0.1551926364736811
mlp,0,641,-0.02300786343371372,0.07635048223191135
mlp,0,642,0.015356019472932275,0.10371217958704779
mlp,0,643,0.08064247863099805,0.1657394837099222
mlp,0,644,-0.051031908883125504,0.012978320235784685
mlp,0,645,0.015490487039949735,0.14869591993843034
mlp,0,646,0.026090792259317097,0.09411202251158399
mlp,0,647,-0.030241985751455633,0.23016745128717392
mlp,0,648,0.045693607373524875,0.08565171047946354
mlp,0,649,-0.06008802744918451,0.15012315508566026
mlp,0,650,-0.046419105577900244,0.09352036377560718
mlp,0,651,0.09049846987138377,0.0979032441945045
mlp,0,652,-0.05769668961744098,0.09110337899948087
mlp,0,653,-0.038936870269048685,0.02334487852252623
mlp,0,654,0.0014128672888899518,0.12106825842712632
mlp,0,655,0.1551761795908368,0.1551761795908368
mlp,0,656,0.02632025177055375,0.03570317318063354
mlp,0,657,0.1020163463258521,0.14273833828214405
mlp,0,658,-0.08055021269248606,0.11887366356113954
mlp,0,659,-0.05348351820416988,0.068855464737234
mlp,0,660,-0.01484087664832133,0.14889648051352528
mlp,0,661,0.03070188111420538,0.05897283526566707
mlp,0,662,-0.02548980525468543,0.07351152687364385
mlp,0,663,-0.020474738243171073,0.017940211375871096
mlp,0,664,-0.09813303277017144,0.0275787653402165
mlp,0,665,-0.0037733747404056495,0.05217993410481714
mlp,0,666,-0.01043670997043003,0.0460194555780426
mlp,0,667,0.0849714073104782,0.1369618196734096
mlp,0,668,0.051327933990239855,0.11024397423854437
mlp,0,669,0.10733087162613808,0.21234191553806447
mlp,0,670,0.17368202167441377,0.17368202167441377
mlp,0,671,-0.04423252798846057,0.015746039150195762
mlp,0,672,0.014241838453785377,0.09087847453881037
mlp,0,673,0.03615157461295901,0.06821267246382098
mlp,0,674,0.00974254439850017,0.19996699144989882
mlp,0,675,-0.06081323859879477,0.05577984324485019
mlp,0,676,-0.061731464586808574,0.05854243863285327
mlp,0,677,-0.019898196670821794,0.04114476734186251
mlp,0,678,0.014164325295287883,0.059808323517226064
mlp,0,679,-0.04014828088358101,0.030261910245083484
mlp,0,680,-0.09267287670684006,0.08810408817954651
mlp,0,681,-0.03794825019621373,0.09362868946481753
mlp,0,682,0.08552337796027915,0.17118144117320677
mlp,0,683,-0.022383801204226422,0.07439450991120661
mlp,0,684,0.04112920724641922,0.08976499195334167
mlp,0,685,0.06538901196731439,0.08619611829281376
mlp,0,686,-0.024749546664654648,0.10655075548194892
mlp,0,687,0.04141232972541131,0.11796195724656461
mlp,0,688,-0.04937877567994446,0.07261814348103965
mlp,0,689,0.07293165962484441,0.07550311723793876
mlp,0,690,-0.01719817875520188,0.05396684593770032
mlp,0,691,0.02091402009478871,0.09676371930577934
mlp,0,692,0.06677113301013476,0.06677113301013476
mlp,0,693,0.003913843955580171,0.09064483305837767
mlp,0,694,-0.022965442701008365,0.09520920030760141
mlp,0,695,0.06117790318935962,0.07535012883082631
mlp,0,696,0.018130141379328835,0.04285044861968093
mlp,0,697,-0.01111269240867628,0.04992378225229921
mlp,0,698,-0.055332348525827066,-0.0390229019374846
mlp,0,699,-0.10372550624629777,-0.044872365182958104
mlp,0,700,-0.024511470870808405,0.10423192049199478
mlp,0,701,0.10901224119663858,0.12757883098464684
mlp,0,702,-0.03393330666974059,0.003067674391958819
mlp,0,703,-0.052510069462154724,0.061405152052453366
mlp,0,704,0.05975710918307198,0.06136556316536218
mlp,0,705,0.0026961835899811937,0.1805955325004714
mlp,0,706,0.016055195079713397,0.1128036481045539
mlp,0,707,0.009099640645766155,0.01584517345539352
mlp,0,708,-0.0031686665978067075,0.02593813579035567
mlp,0,709,-0.07782131438923345,0.09240856023032692
mlp,0,710,-0.0019299011103562358,0.031261442323628846
mlp,0,711,-0.05706376340999231,-0.04176904215324101
mlp,0,712,0.032613700807077844,0.1298961190864361
mlp,0,713,-0.016023681052215147,0.06499085481755631
mlp,0,714,0.02317318328619808,0.21080348857364128
mlp,0,715,-0.10690151357952798,0.05541968228186028
mlp,0,716,-0.1568357662297665,0.018882223235672208
mlp,0,717,0.004966925972345937,0.1378087245479231
mlp,0,718,-0.05478404066920238,0.04099107934704965
mlp,0,719,-0.033954734608992815,0.05125799636731396
mlp,0,720,-0.03787596835328713,0.14187248046310352
mlp,0,721,0.12086250017864697,0.12086250017864697
mlp,0,722,-0.011345226021147278,0.10761180534986603
mlp,0,723,-0.021791633295045645,0.05933781764164914
mlp,0,724,0.14031551082465282,0.1788479945956547
mlp,0,725,0.11986894109519308,0.18596992549744895
mlp,0,726,-0.16113831133360232,0.046323820932555326
mlp,0,727,0.01478360034281545,0.1494651051878778
mlp,0,728,-0.03148132299281392,0.052830409920018445
mlp,0,729,-0.008870889707538937,0.0765399027671011
mlp,0,730,-0.01557417372228316,0.12759674026863488
mlp,0,731,-0.0973496484963044,0.05703954288352714
mlp,0,732,0.03725470254462199,0.13619783573478472
mlp,0,733,0.014781874482033247,0.05600880046451612
mlp,0,734,-0.029592842334813324,0.06829110372262356
mlp,0,735,-0.13942448229254736,0.09339347725943267
mlp,0,736,-0.06343474494851352,0.09366525744493659
mlp,0,737,-0.00963329732373372,0.028995642869740934
mlp,0,738,-0.03819115281105474,-0.0288487339571471
mlp,0,739,0.08493777599368518,0.1617479654276735
mlp,0,740,0.010665020039125978,0.26318466597677115
mlp,0,741,0.031700980523431926,0.20649077349089545
mlp,0,742,-0.029856284242714595,0.03364419482981862
mlp,0,743,-0.19127833430986818,0.054992196942635935
mlp,0,744,0.07349261025806778,0.1670759352431912
mlp,0,745,-0.057101641898583216,0.2675039743846197
mlp,0,746,0.012483255238427637,0.08977404294023511
mlp,0,747,-0.06025899758459134,0.10177048215683918
mlp,0,748,0.006031347222372585,0.06013869960634127
mlp,0,749,-0.09045916576081733,-0.012338770209247493
mlp,0,750,-0.014267740833676865,0.09640848547796235
mlp,0,751,-0.06334201724805047,-0.0017423297077289734
mlp,0,752,0.07969412978580656,0.2399916377584555
mlp,0,753,-0.06310975906517348,0.05780459296622831
mlp,0,754,0.010702994917051345,0.07945716505620298
mlp,0,755,0.004676557503015988,0.021791850797349882
mlp,0,756,-0.01328945696648147,0.02089579278363185
mlp,0,757,-0.05426367387116007,0.09460127429932097
mlp,0,758,0.05121567937851826,0.19613856247339873
mlp,0,759,-0.029306080697991663,0.12509307150880794
mlp,0,760,-0.07714430475392531,-0.019877467704164112
mlp,0,761,0.0577898936640506,0.1265890159399954
mlp,0,762,-0.027541470483975122,0.18764121789965527
mlp,0,763,-0.0020596787214736123,0.0822490494402992
mlp,0,764,-0.11389990413655177,-0.006766037105092326
mlp,0,765,-0.026785451623938042,0.08597120777747597
mlp,0,766,0.027555895705041356,0.10223425846055484
mlp,0,767,0.018640597132928677,0.08720931174084806
mlp,0,768,0.010616757501130752,0.044160742556602905
mlp,0,769,0.02723204394053147,0.04836487797608266
mlp,0,770,-0.04368989194418173,0.030383531776449646
mlp,0,771,0.0013651691436331048,0.05478332287311943
mlp,0,772,-0.05035764950022929,0.10593918734912816
mlp,0,773,-0.1298877291701097,0.17544750188866276
mlp,0,774,0.037326665933515024,0.0526498151991629
mlp,0,775,-0.0466189667020441,0.026039443218492525
mlp,0,776,-0.024497376429246542,0.04305879439522581
mlp,0,777,-0.0223512977611071,0.059303861771232674
mlp,0,778,0.00033780083244730474,0.1339607178550234
mlp,0,779,-0.04767668023846208,0.047402238392727836
mlp,0,780,-0.0014412689519556765,0.1592694722085639
mlp,0,781,-0.09723936856795484,0.08290427021423893
mlp,0,782,0.05935418830587594,0.10589631937377214
mlp,0,783,-0.008453587560658365,0.20939142669865607
mlp,0,784,0.0036002465314200482,0.04788165262934749
mlp,0,785,-0.040686504577454236,-0.006949975087447158
mlp,0,786,-0.02623158726482326,0.06644574770536904
mlp,0,787,0.05527355988853941,0.10362886891680179
mlp,0,788,-0.11492276797971968,-0.009606843946278698
mlp,0,789,0.006148159770272638,0.01719734167729481
mlp,0,790,-0.12368727038143972,-0.015612567349119783
mlp,0,791,0.04973072331204881,0.05947245053957431
mlp,0,792,-0.08102323973644956,0.09971490780117503
mlp,0,793,-0.007455869994249714,0.015225314490652453
mlp,0,794,-0.07277222868988818,0.009313707170868268
mlp,0,795,-0.0944175922279975,0.0824765633130477
mlp,0,796,0.012432181191218722,0.012432181191218722
mlp,0,797,-0.1346108620571362,0.04920878098105211
mlp,0,798,0.04893934497695923,0.06151270232323544
mlp,0,799,-0.09875278048655184,0.08540534939704805
mlp,0,800,-0.05725706132529869,0.05090967941260888
mlp,0,801,-0.044682485059820407,0.07443968123885847
mlp,0,802,-0.001435016351980567,0.11904567716085152
mlp,0,803,-0.12398338419112506,-0.028130542177071075
mlp,0,804,-0.03895865016493928,0.052438231976441596
mlp,0,805,0.012671436860660024,0.0428401932923253
mlp,0,806,0.0026251053117224143,0.052871027836013745
mlp,0,807,-0.1241540704479285,0.003832936409717158
mlp,0,808,0.027764257034647716,0.04142573127645224
mlp,0,809,-0.02480068539914236,0.027300393106187287
mlp,0,810,0.04130856888796586,0.11073018052115538
mlp,0,811,-0.028375513063731816,0.07879859414522947
mlp,0,812,-0.010907149611584066,0.032769414901843597
mlp,0,813,-0.043270621074640664,0.10748940609162072
mlp,0,814,-0.016410253035079203,0.05534441010348476
mlp,0,815,0.06197682777606442,0.11077120657991985
mlp,0,816,0.006607188732402486,0.1415673290104547
mlp,0,817,0.06536714926760934,0.11978331124319191
mlp,0,818,-0.008228918224818998,0.060819208508865685
mlp,0,819,0.06819187354177375,0.06819187354177375
mlp,0,820,0.04654054864942167,0.08250687185418704
mlp,0,821,0.00798017968986503,0.032642349155376726
mlp,0,822,-0.008513982753895116,0.13812878118997568
mlp,0,823,0.007407863527961911,0.03431742846162053
mlp,0,824,0.09189159073265363,0.12618226355078271
mlp,0,825,-0.01664132403817664,0.061107994968160745
mlp,0,826,-0.12510745777460724,0.02483545286929295
mlp,0,827,-0.03544442697635675,0.08680913569493434
mlp,0,828,0.03864462483812556,0.07744146302442736
mlp,0,829,-0.018847216716736018,0.02766094555815274
mlp,0,830,-0.05457462817300657,0.04934883031411419
mlp,0,831,-0.040982874003308994,0.21046396153774533
mlp,0,832,-0.005421977344969103,0.058339766293644985
mlp,0,833,-0.029008061691208342,0.036155959415758415
mlp,0,834,0.03246568118812901,0.08700394898415259
mlp,0,835,0.07665404655316646,0.1286143735148252
mlp,0,836,0.0221779931627806,0.14083796245098784
mlp,0,837,0.026807475863628166,0.13573273254545343
mlp,0,838,0.01966807996084427,0.064078889181825
mlp,0,839,-0.016986696015840422,0.17525230343133763
mlp,0,840,-0.004471190621990806,-0.003161562425660458
mlp,0,841,-0.04072294922706439,0.03996687834231466
mlp,0,842,-0.1240414946446749,0.044327685628954505
mlp,0,843,0.08483621716111042,0.12900625203887406
mlp,0,844,0.027175973746977,0.0910088728920094
mlp,0,845,-0.07824251104076119,0.10795143675568072
mlp,0,846,0.0012289980289268976,0.08634242740221135
mlp,0,847,0.047076405774509916,0.06179890201826019
mlp,0,848,-0.09412040573876687,0.0630643741016789
mlp,0,849,-0.07228863532038989,0.031960917841050734
mlp,0,850,-0.027340122093608865,0.06608046649627428
mlp,0,851,-0.07818011375811648,-0.005490047633894601
mlp,0,852,0.044722244519379506,0.0623108121940443
mlp,0,853,-0.004037373520037024,0.08491296835204296
mlp,0,854,0.04441452073398214,0.059628964157326964
mlp,0,855,-0.005583789580329679,0.1279131447546843
mlp,0,856,-0.04235036734857403,0.03501687916519616
mlp,0,857,0.15814224571043278,0.1699539211659764
mlp,0,858,0.050074403252896915,0.07700952752895077
mlp,0,859,0.002809571703100616,0.07841746665930596
mlp,0,860,0.12679101797350922,0.14919756094895303
mlp,0,861,-0.03257572385751453,0.08612779508311041
mlp,0,862,0.07833341571791297,0.0950890373735451
mlp,0,863,0.0488708787094054,0.08963422616166727
mlp,0,864,0.07836339716529273,0.17406389659122268
mlp,0,865,0.06512150775316533,0.10554899077578561
mlp,0,866,-0.04602567961955445,-0.03823045219980277
mlp,0,867,-0.05901074922410442,0.016062922298062665
mlp,0,868,0.01211370740378162,0.09465791434869328
mlp,0,869,-0.08985537452814135,0.17571666274568232
mlp,0,870,0.046160205882351535,0.11694207299184023
mlp,0,871,-0.041163764965372676,0.0911788741110168
mlp,0,872,0.07426551899214567,0.07645626189273941
mlp,0,873,0.0833990779101706,0.12683312641211436
mlp,0,874,-0.019595748269896032,0.023089963872075264
mlp,0,875,-0.023442337651326223,0.049760117553044825
mlp,0,876,-0.04531111950980883,0.008220973077380733
mlp,0,877,0.10384895326803686,0.13912081194735965
mlp,0,878,0.06247411759135715,0.14109871255422413
mlp,0,879,0.013173827921771547,0.08221542050762154
mlp,0,880,-0.012586607835211233,0.07223746952755777
mlp,0,881,-0.11083008757933319,0.13133734119105756
mlp,0,882,-0.113645317324129,0.03175030047528252
mlp,0,883,0.023904206503245956,0.05545286590666609
mlp,0,884,-0.0070557169944389375,0.048097237026479556
mlp,0,885,-0.07764831628864388,0.02741112657173242
mlp,0,886,0.07636553799127815,0.11247432735011872
mlp,0,887,-0.10294581158675677,0.04434795247478909
mlp,0,888,0.031271662248873594,0.1016878692772138
mlp,0,889,0.06136396062805566,0.09400646274876129
mlp,0,890,0.07428931602888716,0.10305570725411203
mlp,0,891,0.11487220492788563,0.11492355646415031
mlp,0,892,-0.038349411563451175,0.0517629860126268
mlp,0,893,-0.005583254317717168,0.04913693161665464
mlp,0,894,-0.1046594216862842,0.040921518947835966
mlp,0,895,0.06836597662226815,0.14850425370543074
mlp,0,896,-0.07058202141403308,-0.017600924517619868
mlp,0,897,-0.01455109009718386,0.09711636093322085
mlp,0,898,0.042402904926438195,0.07982885676536236
mlp,0,899,-0.024571492113488788,0.007965992923683662
mlp,0,900,0.030429183299375467,0.05825657417613905
mlp,0,901,-0.07356432884833819,0.04410245267825963
mlp,0,902,0.008439091920764363,0.051855879817451433
mlp,0,903,-0.03671982332317536,0.04323266818104585
mlp,0,904,0.09670938471505183,0.1192200961405655
mlp,0,905,-0.06297983675569645,0.006780081628183859
mlp,0,906,-0.00989045385879278,0.07305582133135899
mlp,0,907,-0.036443030499653,0.08228607717629538
mlp,0,908,0.1490203869694257,0.18763171738127798
mlp,0,909,-0.07243758381148419,0.03571177298349554
mlp,0,910,0.03686146587600084,0.05102670513176255
mlp,0,911,-0.01718172565371487,-0.01718172565371487
mlp,0,912,0.04484745539021753,0.2351365112885797
mlp,0,913,0.005722232805799948,0.05159023649459277
mlp,0,914,-0.018725388481720492,0.1023932242013178
mlp,0,915,-0.05120124535470302,0.07976974310793361
mlp,0,916,-0.051004394943593115,0.01771318750039455
mlp,0,917,0.02692817385791063,0.09608537437827247
mlp,0,918,0.06418522457983539,0.10186228988393742
mlp,0,919,-0.04197526494199759,-0.03957963790400992
mlp,0,920,-0.06433961044343378,0.029798555775076147
mlp,0,921,-0.011279917793592262,0.039299415665509874
mlp,0,922,-0.03741295165305915,0.012470203239955652
mlp,0,923,0.00877480831947891,0.27117820277022037
mlp,0,924,0.04217320826891616,0.14763202780406304
mlp,0,925,0.004381283318932561,0.1661401448408794
mlp,0,926,-0.098777022143338,0.05254085059452587
mlp,0,927,-0.07497272093345894,-0.012006585235555783
mlp,0,928,0.026972308673168965,0.033245449865344834
mlp,0,929,0.05652221801216073,0.05652221801216073
mlp,0,930,0.00010050214447723804,0.1997431057166245
mlp,0,931,-0.01655742234794387,0.05225125737132044
mlp,0,932,-0.03887211842062192,-0.00014933282456042196
mlp,0,933,0.08035663872342932,0.17179926648263094
mlp,0,934,-0.044232814378952406,0.06043846412151774
mlp,0,935,0.053851513911674725,0.18830800240301226
mlp,0,936,-0.011180834423377972,0.04006975761222581
mlp,0,937,0.025149532859258444,0.1879725374126497
mlp,0,938,-0.03862917390685838,0.11227302620456073
mlp,0,939,0.01131250034036907,0.08461143541152341
mlp,0,940,-0.025056709280407263,0.026850766157418687
mlp,0,941,0.03215126796817261,0.06850716911184301
mlp,0,942,-0.06189203306715012,0.06401357885653128
mlp,0,943,0.010287422306508365,0.06665423977765061
mlp,0,944,-0.006592975415570551,0.09192172734261544
mlp,0,945,0.06547616999002723,0.06547616999002723
mlp,0,946,-0.058733167323726465,0.0008427468066624921
mlp,0,947,0.08927777273353879,0.08927777273353879
mlp,0,948,-0.021037897801531494,0.07739631449799919
mlp,0,949,0.017722462573845743,0.0733040348384772
mlp,0,950,0.0018842449463185307,0.14244918629992714
mlp,0,951,0.11459667438821275,0.16774610469990303
mlp,0,952,0.08477295452945952,0.15291481096187032
mlp,0,953,-0.004474836475347133,0.14406456523298788
mlp,0,954,0.03140178453190398,0.1215571913434802
mlp,0,955,-0.024536393263694334,0.11827149762922606
mlp,0,956,0.045246046002718115,0.10265485299455268
mlp,0,957,-0.05286990450479258,0.06061687194411006
mlp,0,958,0.015772802718914986,0.06895511462286708
mlp,0,959,-0.03495859530480877,0.023532917289991434
mlp,0,960,-0.023310234766826546,-0.007211010366143522
mlp,0,961,-0.07211462530909023,-0.01573868890395061
mlp,0,962,0.04150088248240741,0.10864625022466087
mlp,0,963,0.005981330196908108,0.033482911981778274
mlp,0,964,0.028352823037924857,0.06576592846955465
mlp,0,965,-0.10999861036093406,0.00955971350814619
mlp,0,966,0.08921540398644162,0.23065375254897957
mlp,0,967,0.02690452130484766,0.06690873760508464
mlp,0,968,-0.007665611562286095,0.05132604789357956
mlp,0,969,0.13796811401993275,0.1781620581817383
mlp,0,970,0.018047675791531964,0.10165270010282715
mlp,0,971,0.036478294656638516,0.12135790072480934
mlp,0,972,-0.003885410630520003,0.09007817994853007
mlp,0,973,-0.02201312577700723,0.10279011666574497
mlp,0,974,0.020508120178460237,0.14480219228701502
mlp,0,975,0.07176994569773337,0.14722256242114867
mlp,0,976,0.020539220408198305,0.12666078676119696
mlp,0,977,0.016284596531897455,0.18945208645584072
mlp,0,978,-0.09657678398407996,0.012952915501824147
mlp,0,979,0.11636741143707469,0.1321712501429847
mlp,0,980,-0.04076516148520404,0.019476829323707895
mlp,0,981,-0.0822112870601515,-0.011347288970621053
mlp,0,982,-0.029477876275035467,0.05519848426237281
mlp,0,983,-0.003081137998324379,0.07665997414613945
mlp,0,984,0.06510592038578217,0.0680320892173285
mlp,0,985,-0.04249361997754533,0.04914053534234511
mlp,0,986,0.05219696084029443,0.05219696084029443
mlp,0,987,0.05303892797669074,0.12491130958135382
mlp,0,988,-0.031652799570028436,0.1567596760854843
mlp,0,989,-0.0011157570973248654,0.0506143110741758
mlp,0,990,0.05464285444132483,0.18789764829200728
mlp,0,991,0.021746558258932958,0.10637535082538482
mlp,0,992,-0.012175919600380045,0.06287090205764387
mlp,0,993,-0.0036412489468305997,0.07130932464516382
mlp,0,994,0.006104121925671335,0.028080050070441565
mlp,0,995,-0.10638899768859247,-0.02806528137215908
mlp,0,996,-0.02207432729973663,-0.02207432729973663
mlp,0,997,0.05750440099329071,0.057931749015542044
mlp,0,998,-0.04571673993889791,-0.0015904104032077593
mlp,0,999,-0.03733853678901915,0.0747264982989797
mlp,0,1000,0.02300863246769544,0.15734416926959482
mlp,0,1001,-0.045104346209057705,0.044203775378917454
mlp,0,1002,-0.029586789910534317,0.04536242291210421
mlp,0,1003,-0.19006171507093794,-0.023075943990120876
mlp,0,1004,-0.0179058362591914,0.06085143670951393
mlp,0,1005,-0.06630868536067189,0.10827300672740806
mlp,0,1006,0.004475484861572648,0.13383953002680865
mlp,0,1007,-0.0022263037576676914,0.0901498157801496
mlp,0,1008,-0.11198428288179041,0.11976657934879087
mlp,0,1009,0.02726799672587832,0.10418160266897539
mlp,0,1010,0.004144195862130412,0.12700287088202056
mlp,0,1011,0.062461201627608126,0.1052100758361788
mlp,0,1012,0.007288568451520816,0.07131951624931362
mlp,0,1013,-0.06239628389599236,0.09080545324915304
mlp,0,1014,0.012672472985849031,0.06384548949286167
mlp,0,1015,0.026531494811137646,0.053043148625975284
mlp,0,1016,0.051916646906609715,0.10489120949006778
mlp,0,1017,-0.04281117275130447,0.16214418656530682
mlp,0,1018,0.0338405381582432,0.1361656135012434
mlp,0,1019,-0.08536494438702402,0.1270050743181328
mlp,0,1020,-0.04700901539270126,0.11501754950426851
mlp,0,1021,-0.05772780498738124,0.0009359652579196687
mlp,0,1022,-0.03320670142020071,0.20865645831268514
mlp,0,1023,0.033931522706380474,0.07398288673812006
mlp,0,1024,0.08241763437021199,0.08241763437021199
mlp,0,1025,-0.099190804133518,0.01251642551981133
mlp,0,1026,0.0365818934596035,0.05401889276625585
mlp,0,1027,0.019103958058205167,0.0671570130930739
mlp,0,1028,0.00233272715270183,0.05336333612525096
mlp,0,1029,0.03582673871726852,0.13166065047684306
mlp,0,1030,0.11498297443094291,0.1594329600349858
mlp,0,1031,-0.019063074534927754,0.05425363714375073
mlp,0,1032,-0.04304326384115138,-0.012747859380328297
mlp,0,1033,0.009175610338491319,0.08852146526809032
mlp,0,1034,0.01308642335564078,0.036813499393567956
mlp,0,1035,0.054533163529574324,0.13965285816616585
mlp,0,1036,-0.008028900059588395,0.04893330272128496
mlp,0,1037,0.042078710889409926,0.059200309388592415
mlp,0,1038,-0.10040503523884543,0.0021004249616413673
mlp,0,1039,0.00269759859179039,0.12613271945796484
mlp,0,1040,0.05893746348051601,0.05893746348051601
mlp,0,1041,0.035701593393727915,0.1437249458722588
mlp,0,1042,-0.014642394113426008,0.07638723051690438
mlp,0,1043,0.08077983504366759,0.12668196974010876
mlp,0,1044,-0.013942401768917104,0.062212857288581835
mlp,0,1045,-0.1405962647929849,0.11418977210134376
mlp,0,1046,0.016802815282323358,0.07088939477344466
mlp,0,1047,-0.13279852498620232,-7.969513549418994e-05
mlp,0,1048,0.036784862094394244,0.046357826035476446
mlp,0,1049,0.008894645498405906,0.10168137946650863
mlp,0,1050,0.03292355789218007,0.07595920616417104
mlp,0,1051,-0.012493877131682624,0.05827742648874157
mlp,0,1052,0.030694711027991706,0.08226804194249424
mlp,0,1053,0.08538521405236899,0.12463785433814784
mlp,0,1054,0.04030243769446301,0.05571981096575779
mlp,0,1055,0.09401477401948588,0.14259227690893117
mlp,0,1056,0.019462712691198203,0.05271264381930699
mlp,0,1057,0.16293352179107462,0.16931794586413423
mlp,0,1058,-0.037517892394590344,0.0391456595877267
mlp,0,1059,0.03007413504183898,0.03007413504183898
mlp,0,1060,0.03215619341315884,0.14348539387170728
mlp,0,1061,0.0055090949573188275,0.05337491990318183
mlp,0,1062,-0.008152395571425497,0.158278024508833
mlp,0,1063,0.1496577507864224,0.15628450891381912
mlp,0,1064,0.016344493468745308,0.03175543709006495
mlp,0,1065,0.03995611289230838,0.05821255692158006
mlp,0,1066,0.08045513947163233,0.0972888756631258
mlp,0,1067,-0.03710634521682862,0.029744830793957705
mlp,0,1068,-0.05210243360706103,0.0984549574151368
mlp,0,1069,0.054285181562778145,0.0656871482378183
mlp,0,1070,-0.05129704737771455,0.07687047054713178
mlp,0,1071,-0.025110119783470025,0.008764161506946033
mlp,0,1072,0.01792766746375052,0.08180835789162494
mlp,0,1073,0.12395027521501878,0.13854878992684716
mlp,0,1074,0.01376623750580877,0.05509133485778639
mlp,0,1075,0.07599468550473226,0.26818905699781326
mlp,0,1076,-0.10873273616675169,0.1824452542888188
mlp,0,1077,0.05075092940844442,0.07692149235371634
mlp,0,1078,-0.033276990968884854,0.05779884838293653
mlp,0,1079,-0.10116257936163481,0.1353810397794858
mlp,0,1080,0.026718413424798693,0.042569503348432985
mlp,0,1081,-0.05391865701687011,0.022712040393396943
mlp,0,1082,-0.012453725627959308,-0.007477844873411771
mlp,0,1083,-0.03250439021290562,0.09492096459242758
mlp,0,1084,-0.008637775586414848,0.06211360094490717
mlp,0,1085,-0.07819251175004283,0.049050530218687716
mlp,0,1086,0.11965207719712673,0.11965207719712673
mlp,0,1087,0.10059818395691511,0.21359188078138236
mlp,0,1088,-0.0550292529906419,0.13840521668039152
mlp,0,1089,0.028276916701643784,0.031637976399871565
mlp,0,1090,0.056169120099123865,0.08749787402654424
mlp,0,1091,0.042383185071917795,0.130052282936996
mlp,0,1092,0.04124008090009901,0.20215933224776816
mlp,0,1093,0.052546370165176465,0.23477647332031498
mlp,0,1094,0.052797201069410715,0.11266442835759954
mlp,0,1095,0.02653272979980212,0.05081734254998088
mlp,0,1096,-0.016242731247862893,0.09450979020085745
mlp,0,1097,0.05207113648857248,0.08125433234621784
mlp,0,1098,-0.09839513344369137,0.080560286758179
mlp,0,1099,-0.04665541484214794,0.041551484744461215
mlp,0,1100,-0.00950744877693277,0.13429663364942862
mlp,0,1101,-0.15330207415856043,0.06903741090227941
mlp,0,1102,-0.057099931073202354,0.07454202512441213
mlp,0,1103,-0.020075707436496226,0.09109562249350858
mlp,0,1104,0.03785774319901841,0.14436207674009682
mlp,0,1105,0.017547169139470437,0.18466883013590063
mlp,0,1106,0.12680158682319637,0.14635392442139905
mlp,0,1107,-0.022226432069338872,0.0541438559088018
mlp,0,1108,0.22247070041321843,0.2692411321362394
mlp,0,1109,0.05669349847851826,0.05965276555477647
mlp,0,1110,-0.0009683306414838555,0.13667783695336544
mlp,0,1111,-0.06521969498704758,0.01865102259345719
mlp,0,1112,-0.1376065154976312,-0.0066953542948947065
mlp,0,1113,0.01264422344878774,0.17832747965553647
mlp,0,1114,-0.02435644491459106,0.08845469795016234
mlp,0,1115,0.13197224417809977,0.16092251118387568
mlp,0,1116,0.03770887683626167,0.12805068213352538
mlp,0,1117,-0.022570586693643188,0.010216724492535939
mlp,0,1118,0.09418763420788803,0.1369626896211832
mlp,0,1119,0.013218077227723474,0.13331670847268
mlp,0,1120,-0.1844636811963858,0.01162739505816976
mlp,0,1121,-0.03061873599337657,0.10427396567679637
mlp,0,1122,0.003859548767542187,0.0507236900581593
mlp,0,1123,0.06502704444231683,0.06901438999250445
mlp,0,1124,0.08715006279675955,0.13859528281658468
mlp,0,1125,-0.1091786284473889,0.08222522108121522
mlp,0,1126,0.018177493543564543,0.05707258431202181
mlp,0,1127,-7.214778391520515e-05,0.14875617975251748
mlp,0,1128,-0.08209368026215223,0.06762685086871925
mlp,0,1129,0.044255326769342074,0.11241741472992603
mlp,0,1130,-0.0518541098631915,0.11022334362374589
mlp,0,1131,-0.053698996679058184,0.10723132688612164
mlp,0,1132,-0.045346132207306,0.11073753821815263
mlp,0,1133,0.07494491587998389,0.16774029049976552
mlp,0,1134,0.09618456979780887,0.09618456979780887
mlp,0,1135,-0.01900705648991001,0.02458496296503168
mlp,0,1136,-0.01397038811757155,0.08289127952103498
mlp,0,1137,0.06566338134400002,0.16884094069920708
mlp,0,1138,-0.0348565478033091,0.03894623033300579
mlp,0,1139,0.004116716254571218,0.18268199567002796
mlp,0,1140,-0.026817737335604094,0.10523016014057471
mlp,0,1141,-0.08584959133435538,0.061599439974987236
mlp,0,1142,-2.5150757976266647e-08,0.10582116246863696
mlp,0,1143,0.01214511126091919,0.11130417058442599
mlp,0,1144,-0.08405126731381873,0.0036930972317194277
mlp,0,1145,0.02600753922139043,0.04540545771044524
mlp,0,1146,0.04087758298251634,0.2196490828781255
mlp,0,1147,-0.02057909123593457,0.1035938684081176
mlp,0,1148,0.016180142019447674,0.09453582950038442
mlp,0,1149,-0.012965168070697003,0.07412180961584802
mlp,0,1150,-0.0212495419211354,0.11439669624179422
mlp,0,1151,-0.06331681477524727,0.03195523480513013
mlp,0,1152,-0.05700545578435866,0.11780044929512262
mlp,0,1153,0.06496942994946292,0.07251929165452392
mlp,0,1154,-0.05406600619377257,0.113521843198614
mlp,0,1155,0.15997039380409733,0.15997039380409733
mlp,0,1156,0.012516136907571335,0.027855531225403213
mlp,0,1157,0.13215826127127883,0.1810714247930894
mlp,0,1158,-0.025607187594844066,0.01790045176131788
mlp,0,1159,0.11349176603064615,0.14687299188977943
mlp,0,1160,0.05949340452925225,0.11082681923128945
mlp,0,1161,-0.08245332878362524,0.09087096191435937
mlp,0,1162,-0.11495060254050021,-0.024086806041762596
mlp,0,1163,-0.04883671836904949,0.16518576547715014
mlp,0,1164,-0.03160286435464783,0.05888870403671831
mlp,0,1165,0.018846071712449924,0.07139731881981781
mlp,0,1166,-0.1304671081856028,0.020246895002793863
mlp,0,1167,0.012321536926565596,0.06424807062768778
mlp,0,1168,0.04357210993003732,0.1368376514761287
mlp,0,1169,0.0432406173680199,0.05167776971325419
mlp,0,1170,-0.05765366752140001,0.10943723898841859
mlp,0,1171,0.08597165814742855,0.11197795902500826
mlp,0,1172,-0.053720687658675076,0.02443058418495697
mlp,0,1173,-0.07456237943115582,-0.023760437941956578
mlp,0,1174,-0.03294297604192961,0.10753774169744953
mlp,0,1175,-0.04099695559484465,0.07996565881988466
mlp,0,1176,0.06153152973331469,0.08856966257908419
mlp,0,1177,-0.10947357500162429,-0.002438691601487658
mlp,0,1178,-0.016722367022697873,0.0991080019493675
mlp,0,1179,0.039994461078501686,0.09219602413519068
mlp,0,1180,-0.005049691648559507,0.04852610228971985
mlp,0,1181,-0.10235323418248585,0.10738066869625831
mlp,0,1182,0.05994495145803949,0.16862066263140857
mlp,0,1183,-0.08129487336885692,0.017330528574881154
mlp,0,1184,0.024598399535867593,0.030256337890884943
mlp,0,1185,-0.05516115284554372,0.0518602641006044
mlp,0,1186,0.010699849522035454,0.1226846989900191
mlp,0,1187,0.0299226392011242,0.17250701264920792
mlp,0,1188,-0.04534500651993115,0.006745019537115843
mlp,0,1189,0.08015598935979393,0.12280438326711007
mlp,0,1190,0.026371129036795588,0.07549342945531462
mlp,0,1191,-0.003029313874429229,0.041390596205456875
mlp,0,1192,0.011382430324567344,0.06123133090147795
mlp,0,1193,-0.09177857795067529,0.029369333410450893
mlp,0,1194,0.008951523663581679,0.0764406287399152
mlp,0,1195,-0.020689617757264522,0.08161838807975888
mlp,0,1196,0.055684896699569,0.20043016344294184
mlp,0,1197,-0.0025232940779344737,0.0035170842968342553
mlp,0,1198,0.004768903723418566,0.035346378107024984
mlp,0,1199,0.004279814882967747,0.12365808235219283
mlp,0,1200,-0.07362142960076673,0.03416436760449579
mlp,0,1201,0.035703793104058856,0.10893603595192547
mlp,0,1202,-0.040736098412775715,0.007931342267375907
mlp,0,1203,0.018073931385185787,0.11971313173646769
mlp,0,1204,-0.1150556724968512,0.048433495273103644
mlp,0,1205,0.056732711354590376,0.107852714446245
mlp,0,1206,-0.08180989657944732,0.0360567327424976
mlp,0,1207,0.011631077729473915,0.061852318690298086
mlp,0,1208,0.035618029858966144,0.061246109129432014
mlp,0,1209,-0.10065662297315822,0.027029574562799585
mlp,0,1210,-0.020022108851722356,0.1785916992656983
mlp,0,1211,0.04467846196376843,0.08475367105096776
mlp,0,1212,-0.08009318971172567,0.025835283030512635
mlp,0,1213,0.027925403775814622,0.06981062184133122
mlp,0,1214,0.03272103356101552,0.03272103356101552
mlp,0,1215,-0.11754234564592746,0.03263382796183398
mlp,0,1216,0.028176895671362168,0.036192511060101296
mlp,0,1217,0.040838401719472756,0.1493865993478959
mlp,0,1218,-0.011045461874440346,0.0096647358550834
mlp,0,1219,-0.028505272529605358,0.037969417707986314
mlp,0,1220,-0.03023629310614495,0.1950340753737454
mlp,0,1221,0.011888225222441595,0.1392127990933122
mlp,0,1222,0.07364012111862642,0.08312420052057809
mlp,0,1223,0.08519732498983018,0.09163549023660147
mlp,0,1224,0.07467275588959693,0.11420709294372397
mlp,0,1225,0.0627724715826532,0.08218771319603538
mlp,0,1226,-0.09341036694400515,-0.002536102032290294
mlp,0,1227,-0.0629150375749967,0.005546823846767496
mlp,0,1228,-0.034363353248154455,0.13805290243835255
mlp,0,1229,-0.03238242064037934,0.08553939951741679
mlp,0,1230,-0.08589704369222013,0.13257293357651445
mlp,0,1231,-0.012612416333799045,-0.007143966215753694
mlp,0,1232,-0.11848869644095417,0.043975313585149584
mlp,0,1233,-0.06094361576356032,0.07085763191309985
mlp,0,1234,-0.17275919299269876,0.06998364011195882
mlp,0,1235,-0.0025061981704341263,0.006902403282701031
mlp,0,1236,0.040033739820890424,0.08719259387604003
mlp,0,1237,-0.037806242786370584,0.06973181066354378
mlp,0,1238,-0.0032556960922701383,0.18918074014342667
mlp,0,1239,0.019601099629013213,0.1394535942864915
mlp,0,1240,-0.061437385333723046,0.04088117016141854
mlp,0,1241,0.10137888638666404,0.10137888638666404
mlp,0,1242,0.10192248587943672,0.1355531244135415
mlp,0,1243,0.003184124587724768,0.0714113622245297
mlp,0,1244,0.06205667688743702,0.07549697848124196
mlp,0,1245,0.03281423421923574,0.151053041663542
mlp,0,1246,-0.09156533840325946,0.07127000197395603
mlp,0,1247,0.009234430571588126,0.032184193767808955
mlp,0,1248,-0.0747213503697024,0.13198953554874526
mlp,0,1249,0.0546847641082753,0.0953142940627758
mlp,0,1250,0.07043662825747998,0.07043662825747998
mlp,0,1251,0.04454721593498742,0.15213115238482977
mlp,0,1252,-0.1058054491407966,0.02909472654518644
mlp,0,1253,-0.047068820230350514,0.07246268749888202
mlp,0,1254,0.09828725021737045,0.15232776040667273
mlp,0,1255,-0.08138414166708449,0.15468514049120663
mlp,0,1256,0.002062563351084873,0.17905434476773013
mlp,0,1257,0.0067734647955233485,0.06913486235297236
mlp,0,1258,-0.018567714441447655,0.03223445306966094
mlp,0,1259,0.07026210023474772,0.09327550446138266
mlp,0,1260,-0.018594371888902075,0.08615134335268812
mlp,0,1261,0.021599135863297314,0.17108965692725786
mlp,0,1262,-0.04023707355986757,-0.005402848996199444
mlp,0,1263,0.013590741086591557,0.038177460493394266
mlp,0,1264,-0.03774007618940982,0.08438989232994995
mlp,0,1265,0.02656970439409667,0.03635984113824575
mlp,0,1266,-0.08067568414695762,0.06703451646314129
mlp,0,1267,-0.020799765730890263,0.06603441433869198
mlp,0,1268,-0.09470296669540523,0.0596946417702012
mlp,0,1269,0.07767886133420979,0.11994457554871613
mlp,0,1270,0.047875265560634345,0.1812454195088471
mlp,0,1271,-0.042120299779715445,0.11275485004477753
mlp,0,1272,-0.03480980564437133,0.014638277311918996
mlp,0,1273,-0.10824159244432105,0.03143633728238715
mlp,0,1274,0.03529316118115647,0.11858872341231791
mlp,0,1275,0.0007736926461152094,0.08541369019882525
mlp,0,1276,0.08749340025601454,0.08749340025601454
mlp,0,1277,-0.0582682600328467,0.07151850159584269
mlp,0,1278,0.07568565146390646,0.17745823187152682
mlp,0,1279,0.11954511133516121,0.17395677652641928
mlp,0,1280,0.05003169468410784,0.10295350262696182
mlp,0,1281,0.013253437152832143,0.09000363469032097
mlp,0,1282,0.01654046470306922,0.11287297488562992
mlp,0,1283,-0.03653940395491338,0.10099737104412232
mlp,0,1284,0.027156251650395424,0.18066379437183
mlp,0,1285,0.10133814417474904,0.10133814417474904
mlp,0,1286,-0.06708016543228953,-0.027647890846743337
mlp,0,1287,0.021492409797766565,0.08608827972612254
mlp,0,1288,-0.056171384618695364,0.26778567415488524
mlp,0,1289,0.017820045737186818,0.13471748008476264
mlp,0,1290,0.11599889629930249,0.15462584667549412
mlp,0,1291,0.013821791180821635,0.041921836751340424
mlp,0,1292,-0.10021303219664185,0.06047867929194531
mlp,0,1293,-0.07628561924052446,0.01489978824219243
mlp,0,1294,-0.06889821055730984,0.08897850769002791
mlp,0,1295,0.02656559648402279,0.09440534349615723
mlp,0,1296,0.09271912750224617,0.12741264220223353
mlp,0,1297,0.007416584821684613,0.0639706169157685
mlp,0,1298,-0.04954193073478469,0.006723925896168548
mlp,0,1299,0.08634848162845485,0.15564046582264457
mlp,0,1300,0.013635626350141206,0.03977337570891282
mlp,0,1301,-0.04223106994644331,0.15517886691102095
mlp,0,1302,-0.10490976663781347,0.027870061599521462
mlp,0,1303,-0.05931723958241271,0.049104778169534624
mlp,0,1304,-0.10332650523083406,0.13062798878754817
mlp,0,1305,0.023469195166207102,0.08139549627501058
mlp,0,1306,-0.038611907500206974,0.13771399612567253
mlp,0,1307,-0.006708809886268069,0.09711380021265326
mlp,0,1308,0.03933141589661071,0.16342020376038574
mlp,0,1309,0.029233241608493443,0.11266223713221282
mlp,0,1310,0.03866134059591042,0.03866134059591042
mlp,0,1311,-0.007820703268545948,0.06310948284884618
mlp,0,1312,-0.053929877567271675,0.11472908133604026
mlp,0,1313,0.07629477629464257,0.10701759175339373
mlp,0,1314,0.202880132947714,0.23893015200613582
mlp,0,1315,0.048969883586106905,0.12953709522157875
mlp,0,1316,-0.026248060673542892,0.0037195140434435614
mlp,0,1317,-0.007802847078341668,0.13570477017840715
mlp,0,1318,-0.09842971920993941,-0.03180744432037204
mlp,0,1319,0.052833328464669566,0.05913471683244906
mlp,0,1320,-0.02711813411737808,0.11415407889837792
mlp,0,1321,-0.07082277027924083,0.1526041708278878
mlp,0,1322,0.021470070320007473,0.025629240101467804
mlp,0,1323,0.0016643141633684855,0.03571307171229571
mlp,0,1324,-0.04624098174955586,0.18619090514342623
mlp,0,1325,0.03050718200082775,0.1362974630797033
mlp,0,1326,-0.16266297200668503,0.0001051374296995311
mlp,0,1327,-0.022376983103520667,0.1509919894778392
mlp,0,1328,0.033489415191313376,0.14640037521592264
mlp,0,1329,0.06039813696181834,0.06159777454905996
mlp,0,1330,-0.001561495636246052,0.03715777968651868
mlp,0,1331,0.007441293921754882,0.06904494884434534
mlp,0,1332,-0.013809476721046016,0.08889874029588923
mlp,0,1333,0.04300950993568306,0.22787111473957666
mlp,0,1334,0.016223922262726287,0.25664437811767854
mlp,0,1335,0.01391245091604551,0.2644599502421486
mlp,0,1336,0.03171856321659389,0.06439566034283167
mlp,0,1337,0.011293229791217996,0.14557717031072875
mlp,0,1338,-0.029712066528182535,0.07978124868965036
mlp,0,1339,-0.07499366298812293,0.04001725170901793
mlp,0,1340,0.02654941026939933,0.02654941026939933
mlp,0,1341,-0.009422182087118897,0.06140562565190996
mlp,0,1342,0.09751999139459638,0.11894014976654671
mlp,0,1343,-0.053192244487141174,0.05060854575359827
mlp,0,1344,0.03938298382949751,0.11587741605482105
mlp,0,1345,-0.056221100510383135,0.06526377486519144
mlp,0,1346,0.09793648199686456,0.1294094135146358
mlp,0,1347,-0.043874782843551924,-0.02802462418482657
mlp,0,1348,0.019998621949937623,0.0964298485667785
mlp,0,1349,-0.07080461603855742,0.0019392236317497535
mlp,0,1350,-0.06053476109333476,0.018540617403217774
mlp,0,1351,-0.023755596047017366,0.19435292192928139
mlp,0,1352,0.046842211293724706,0.08707592719232973
mlp,0,1353,0.038959451070081225,0.12174235642298886
mlp,0,1354,-0.01916553824788418,0.03382686033104021
mlp,0,1355,-0.04299926833889309,0.0118613554947187
mlp,0,1356,0.08889468979573967,0.2372913685162133
mlp,0,1357,-0.03205782026926761,-0.01887912742968363
mlp,0,1358,0.013869586199948908,0.13149875697725077
mlp,0,1359,0.055380041969742416,0.11251640726199252
mlp,0,1360,0.022490087192683222,0.12095883261185808
mlp,0,1361,0.2199382198439686,0.2199382198439686
mlp,0,1362,0.04090608906095261,0.10536529267955247
mlp,0,1363,-0.07551198416152034,0.021403521246010387
mlp,0,1364,-0.08840120005298077,0.007514715063322547
mlp,0,1365,-0.006986799540068117,0.03405618304547267
mlp,0,1366,0.06219799446304883,0.08600460499068213
mlp,0,1367,-0.036180276504559586,0.0827545728998661
mlp,0,1368,0.04426048293110352,0.10769368061083814
mlp,0,1369,0.05050245619473731,0.0627953960058836
mlp,0,1370,0.0019152812562544808,0.02610284895788803
mlp,0,1371,0.004890869700067801,0.07035496968719487
mlp,0,1372,-0.07745170720124953,-0.033801852597909424
mlp,0,1373,-0.06689509537726686,0.09477050244479429
mlp,0,1374,0.052662725110949465,0.16054081559821343
mlp,0,1375,-0.0835952003029827,0.09722660790753473
mlp,0,1376,-0.06935011342217749,0.05736440969907977
mlp,0,1377,0.035993994276136476,0.1586180846613115
mlp,0,1378,0.06554960131526638,0.10365066296305755
mlp,0,1379,0.047164982797655436,0.047164982797655436
mlp,0,1380,0.07953008277260268,0.09919635656180417
mlp,0,1381,0.0342261961755424,0.10019120900810499
mlp,0,1382,0.1074137542278395,0.19921326254232685
mlp,0,1383,0.04943342164710482,0.07932235308768273
mlp,0,1384,-0.04081526199651027,0.11661385212576558
mlp,0,1385,-0.021043510908042337,0.05846428128739767
mlp,0,1386,-0.018174503250609902,0.0457168834296508
mlp,0,1387,-0.024026436485594216,0.060417337471515814
mlp,0,1388,0.13356008507336659,0.24423186377288558
mlp,0,1389,0.015034962977638705,0.08672988352671909
mlp,0,1390,0.08747733693144533,0.15583319499512194
mlp,0,1391,0.017887208422567663,0.07559378668314243
mlp,0,1392,-0.033940640797791743,0.09168204668736724
mlp,0,1393,0.009104282005399117,0.04921766762882737
mlp,0,1394,0.09961299979807042,0.1482476303089244
mlp,0,1395,-0.038603980659966425,0.07787352270471562
mlp,0,1396,0.06437507966022751,0.07780849576737944
mlp,0,1397,0.13718413385277406,0.1738813018580836
mlp,0,1398,0.007065933029027138,0.058580213976751866
mlp,0,1399,-0.04594681818243837,0.0060636651569778155
mlp,0,1400,-0.0329276832944249,-0.001969272557954538
mlp,0,1401,-0.015009377395902315,-0.0004539757100751607
mlp,0,1402,-0.005238525061748295,0.06030907038639946
mlp,0,1403,0.005812123522328488,0.18274844648467897
mlp,0,1404,0.012382220955767687,0.25506254654874244
mlp,0,1405,0.03424756513739838,0.13816990861735728
mlp,0,1406,-0.056566588747978375,0.1158501353106341
mlp,0,1407,0.12775514755410228,0.12775514755410228
mlp,0,1408,0.005547271785468072,0.04550439701325343
mlp,0,1409,0.04090383863774441,0.04444156061084448
mlp,0,1410,0.06778288172342858,0.16349629494987727
mlp,0,1411,-0.033782058354279706,0.058350348703444355
mlp,0,1412,0.024188515721354636,0.13638314680318986
mlp,0,1413,0.03747096070150735,0.11002961006210879
mlp,0,1414,0.07241222287142812,0.11650652672346701
mlp,0,1415,0.02713854719836717,0.10838263894165634
mlp,0,1416,0.039871665283158414,0.06727673957098387
mlp,0,1417,-0.05835955411875615,0.10646060104716543
mlp,0,1418,0.022758328665116484,0.07517859101193178
mlp,0,1419,-0.12010662301308543,0.036716340677845155
mlp,0,1420,-0.04384987316291171,0.08580294362583599
mlp,0,1421,-0.03113543172669883,0.04949430475655095
mlp,0,1422,-0.0655591021919648,0.09157306163002174
mlp,0,1423,0.058127974097859914,0.15602774323506258
mlp,0,1424,0.0021048424423284473,0.14505294140327296
mlp,0,1425,0.11215666844998534,0.25851332641862695
mlp,0,1426,0.03248216512039892,0.11737713552609985
mlp,0,1427,-0.06791262092637627,0.06779470807184457
mlp,0,1428,0.024148046519863242,0.13557384404125816
mlp,0,1429,0.008044416252938918,0.16800691127038148
mlp,0,1430,-0.02330478160448994,0.09818617536889176
mlp,0,1431,0.025109638403657153,0.11579400109192095
mlp,0,1432,0.0535734941864498,0.08084862153613462
mlp,0,1433,0.05727119700515884,0.14921025395993665
mlp,0,1434,-0.0764865015277385,0.07616655756992674
mlp,0,1435,-0.08468055542435035,0.04185046431315892
mlp,0,1436,-0.05222213079699023,0.06130600788783011
mlp,0,1437,-0.003262717249827407,0.12026642965756212
mlp,0,1438,0.02987250375041836,0.039964951571556995
mlp,0,1439,-0.05191368459513723,0.0031044389667944927
mlp,0,1440,-0.015197070246023361,0.24619758596427177
mlp,0,1441,0.06147912804929742,0.06147912804929742
mlp,0,1442,-0.08957836288058776,0.168938729929568
mlp,0,1443,0.08642784810133647,0.1643649777755714
mlp,0,1444,0.09977496938153366,0.09977496938153366
mlp,0,1445,-0.013676729009075295,0.08434691725013016
mlp,0,1446,-0.027580596299668803,0.08496041732873649
mlp,0,1447,-0.16160145159096523,0.06861880580844743
mlp,0,1448,0.03126365037138054,0.10693488220906311
mlp,0,1449,-0.0633412775155676,0.03518314217339022
mlp,0,1450,-0.013585343325091911,0.10555371648956693
mlp,0,1451,0.10764854570080268,0.14996279164049586
mlp,0,1452,0.03443951010766538,0.05004400452008831
mlp,0,1453,0.08342875823098875,0.10156731011314385
mlp,0,1454,0.09508980129380765,0.11932033335123982
mlp,0,1455,0.07625288091784926,0.08652533089227565
mlp,0,1456,-0.07476150092846194,0.07129548123057933
mlp,0,1457,-0.032984501333715374,0.02657598978482567
mlp,0,1458,0.054686530598096,0.07645300061072058
mlp,0,1459,0.053361747827832595,0.11429943047623528
mlp,0,1460,-0.053542999646080544,0.03598416547463687
mlp,0,1461,-0.03338993511764565,0.04218477069592974
mlp,0,1462,-0.04210365096681806,0.10169395911709891
mlp,0,1463,0.13814526059654786,0.1995148928777038
mlp,0,1464,0.015960072072861597,0.021522565507394814
mlp,0,1465,0.031023741726502962,0.10584012315241609
mlp,0,1466,0.026295538500002574,0.12502013115031052
mlp,0,1467,-0.022880609538017682,0.06320430383573622
mlp,0,1468,0.05426933019353489,0.10919611863063813
mlp,0,1469,0.03194566870473242,0.03194566870473242
mlp,0,1470,-0.05733968895929775,-0.02802230136945351
mlp,0,1471,-0.012109669297821937,0.02667809195407564
mlp,0,1472,0.010813789081041775,0.05734186358714918
mlp,0,1473,0.012911755187188345,0.09275208954363859
mlp,0,1474,-0.04072939142954972,0.03234970190753095
mlp,0,1475,-0.0027873351641153343,0.07947335729495486
mlp,0,1476,-0.009526324369700495,0.07049529142040578
mlp,0,1477,0.03438857513996166,0.08436941948036508
mlp,0,1478,0.005327316031766227,0.08832467958845283
mlp,0,1479,-0.02260786807202579,0.06064105976029879
mlp,0,1480,0.04298184174696584,0.06127041441236003
mlp,0,1481,0.11254902620033388,0.11254902620033388
mlp,0,1482,-0.09003247579066304,-0.05285416868692286
mlp,0,1483,-0.009869223284888456,0.07365018541186338
mlp,0,1484,0.07230119858195055,0.10881364817947192
mlp,0,1485,-0.0655580475896364,0.08464290337166144
mlp,0,1486,-0.03772486138788192,0.025617038970358857
mlp,0,1487,-0.039991078346146125,0.023833751470571624
mlp,0,1488,0.04003763971051427,0.07092937566626378
mlp,0,1489,0.03626628184166916,0.04253288769408253
mlp,0,1490,-0.010734566878695687,0.06291220266330438
mlp,0,1491,0.041680353834735645,0.1217277634785845
mlp,0,1492,0.03927240809797036,0.1413719985105289
mlp,0,1493,0.020591899656565188,0.18751006534446363
mlp,0,1494,-0.08812210170462131,0.012939763370719448
mlp,0,1495,-0.025704235676677942,0.07491284018978703
mlp,0,1496,0.019265924510337595,0.06756083843691299
mlp,0,1497,0.09510912692229448,0.22122814416348446
mlp,0,1498,-0.007667394298839586,0.03732211452876283
mlp,0,1499,0.08573224037366983,0.17413981317088328
mlp,0,1500,-0.15548537657572842,0.08783226657033119
mlp,0,1501,0.06586700579730964,0.09870037687579125
mlp,0,1502,-0.03441128647731714,0.01328783651855775
mlp,0,1503,0.11576555046234505,0.16316917932836816
mlp,0,1504,0.03129208866046898,0.09003285860078175
mlp,0,1505,0.05095970577148132,0.07236447025840503
mlp,0,1506,-0.1377700367979221,0.027355707624244024
mlp,0,1507,-0.07143656801732115,0.05243322321991539
mlp,0,1508,0.04364754758246814,0.04364754758246814
mlp,0,1509,-0.029363214290026737,0.09228083218702515
mlp,0,1510,-0.010984032023607343,0.08908841997795203
mlp,0,1511,-0.007539481398182363,0.09189440157889237
mlp,0,1512,-0.02733871238340907,0.033156030299862777
mlp,0,1513,-0.03342242845877079,0.13322269952398463
mlp,0,1514,-0.023279578397131684,0.05642514049284361
mlp,0,1515,-0.00758204953375155,-0.00758204953375155
mlp,0,1516,-0.05839369917705452,0.11752262375179356
mlp,0,1517,-0.1029202180717341,0.09229961485183788
mlp,0,1518,0.02149471886058779,0.15125476376452668
mlp,0,1519,0.040429929032231554,0.04320732286578094
mlp,0,1520,0.07613818494639901,0.13943593241494595
mlp,0,1521,-0.12411826575456482,0.06335581270355986
mlp,0,1522,0.045837746719462,0.07368318745639485
mlp,0,1523,0.044057405164465824,0.10988996435620813
mlp,0,1524,-0.028419533592999854,0.06924899454601852
mlp,0,1525,0.07541231937171142,0.09291333803132598
mlp,0,1526,0.0001678387593392061,0.022950993087983262
mlp,0,1527,-0.0654318012436483,0.11637259007311007
mlp,0,1528,-0.01838661202075327,0.028635564105348316
mlp,0,1529,0.07421547388025865,0.11831824795586421
mlp,0,1530,-0.0251548253339222,0.0922155832020802
mlp,0,1531,-0.011398229635870297,0.0483370574699917
mlp,0,1532,0.014223456931006129,0.133198047767282
mlp,0,1533,-0.10700836632572892,0.07693800765026429
mlp,0,1534,-0.019588250469612253,0.1171037775376012
mlp,0,1535,0.1084897061956023,0.23337516583796214
mlp,0,1536,-0.010568667211583976,0.01335645989435899
mlp,0,1537,0.045741560542283816,0.1147141093560165
mlp,0,1538,0.033502881163579884,0.08431539691197332
mlp,0,1539,-0.059808061450448535,0.04796796925924826
mlp,0,1540,0.055604069729548344,0.11114508683347146
mlp,0,1541,0.0015410209820524712,0.014898580789630217
mlp,0,1542,0.04379994730501169,0.09727662572305024
mlp,0,1543,0.023458032371491883,0.06774477393577291
mlp,0,1544,0.0030775414452612893,0.08193423700519614
mlp,0,1545,-0.04151630207138135,0.02952029345928217
mlp,0,1546,0.10182139451240263,0.10418885940614456
mlp,0,1547,-0.021392083981781496,0.08202823774949144
mlp,0,1548,-0.09194671307630918,0.07791780292389014
mlp,0,1549,0.07402691507692655,0.09207882459515848
mlp,0,1550,0.057542719406055626,0.057542719406055626
mlp,0,1551,-0.08907047261250756,-0.041513887336090946
mlp,0,1552,-0.06616805668319554,0.22347461107850214
mlp,0,1553,-0.07263804015101369,0.04536484668059709
mlp,0,1554,-0.07329857968441184,0.05869776330853238
mlp,0,1555,0.09948678701153699,0.20627195545031707
mlp,0,1556,0.005191113385582202,0.060612349084022854
mlp,0,1557,-0.03741809549766116,0.0002693787932790681
mlp,0,1558,-0.035081419502554625,0.0576174507284728
mlp,0,1559,-0.08091267795553439,0.13024544300590662
mlp,0,1560,-0.07826870754306911,0.10862291000557148
mlp,0,1561,0.05219604171475209,0.06760917862958893
mlp,0,1562,-0.14553285744978556,0.08652819375816412
mlp,0,1563,-0.05895645389716801,0.1162776903764392
mlp,0,1564,-0.014237199547013163,0.01801478925497116
mlp,0,1565,0.17581175553143136,0.21493478127626914
mlp,0,1566,0.09163417997350215,0.10020751996488905
mlp,0,1567,0.14409845684597178,0.1597361514677339
mlp,0,1568,-0.028050736917073382,0.0442801071506507
mlp,0,1569,0.03614412292042243,0.06916417457304447
mlp,0,1570,0.048278760674789756,0.13929372052234767
mlp,0,1571,0.152941785384354,0.152941785384354
mlp,0,1572,0.06269446645343338,0.11203715400575359
mlp,0,1573,0.17805823101597285,0.21340125513719815
mlp,0,1574,0.08959850267940611,0.14976504173604882
mlp,0,1575,-0.022120706417786254,0.07224771631607166
mlp,0,1576,0.008654509904461982,0.09607138658099265
mlp,0,1577,0.08470445317173114,0.17571250512518805
mlp,0,1578,-0.028156677587551707,0.00938704506810703
mlp,0,1579,0.00523900627188853,0.027132464768421405
mlp,0,1580,-0.05602485236108981,0.05333279504953517
mlp,0,1581,-0.01983590048588059,0.010168792674804555
mlp,0,1582,0.03233832998274627,0.14392675615663508
mlp,0,1583,-0.014591764369674909,0.10268372015003582
mlp,0,1584,0.06230343362483273,0.06230343362483273
mlp,0,1585,0.036774080742057014,0.09221686339296997
mlp,0,1586,-0.060701037235794994,0.010785300218225796
mlp,0,1587,0.027737268692149097,0.055445027148903425
mlp,0,1588,-0.06049391975932651,-0.003605894569648521
mlp,0,1589,-0.008865892271790327,0.09260197360044167
mlp,0,1590,-0.045904953439610305,0.06314837754073682
mlp,0,1591,0.044954209703503833,0.15600559747018022
mlp,0,1592,-0.036610497070357836,0.08973135036898344
mlp,0,1593,-0.0018386965149002066,0.07419993388390864
mlp,0,1594,-0.09914358646927687,0.11302429245499315
mlp,0,1595,0.07142255161334246,0.09147876622141557
mlp,0,1596,-0.09945495029691398,0.01731525438684911
mlp,0,1597,0.019782134180031608,0.06923700919536055
mlp,0,1598,-0.06869910451813246,-0.0013420824897723282
mlp,0,1599,-0.07174824892661613,0.02253492677003499
mlp,0,1600,-0.08509564086881723,0.05893246426283322
mlp,0,1601,0.0687926803362113,0.10189411170389906
mlp,0,1602,0.00788588365815962,0.04465266806129781
mlp,0,1603,-0.008973906026897516,0.24063809945273884
mlp,0,1604,0.014983244466125145,0.10377557045704544
mlp,0,1605,0.03498801964120313,0.09627335100765
mlp,0,1606,0.02236643407821462,0.0742258954064498
mlp,0,1607,0.1272256176815536,0.1272256176815536
mlp,0,1608,0.08972919925886713,0.22395835494615784
mlp,0,1609,0.023011471750632867,0.08925011800343288
mlp,0,1610,0.006074825410401691,0.13152093111036195
mlp,0,1611,-0.03653172081829438,-0.0009057194682828285
mlp,0,1612,-0.09497026076234277,0.05104770381473239
mlp,0,1613,-0.02226467129149294,0.051076483780992527
mlp,0,1614,-0.04434742939347673,0.026269368544583588
mlp,0,1615,0.08286136490054419,0.28162792903501255
mlp,0,1616,-0.049976496266382786,0.13064869923244915
mlp,0,1617,-0.03415737862113294,0.11541007267204156
mlp,0,1618,0.053938130768198644,0.11778728967009139
mlp,0,1619,0.05767328315625872,0.10537584484606838
mlp,0,1620,-0.0029904615427304992,0.012966038001028302
mlp,0,1621,0.043554597878519036,0.15746499107527856
mlp,0,1622,-0.05012619554247025,0.11919456688489022
mlp,0,1623,0.02624690267248661,0.12614293431826612
mlp,0,1624,0.018841781991886075,0.10296070597141666
mlp,0,1625,-0.17155139927283783,0.0811104057854764
mlp,0,1626,0.0362193534966222,0.06579583270104805
mlp,0,1627,0.005312543738907466,0.1379853410586705
mlp,0,1628,0.010755332264948736,0.06833263183540886
mlp,0,1629,-0.06523835714823083,0.12401786778912732
mlp,0,1630,0.009283037374045428,0.09860572998624317
mlp,0,1631,0.022338388042484475,0.10144907694656885
mlp,0,1632,0.0698551979879464,0.09471684638522065
mlp,0,1633,0.09469870372401695,0.13948921738235615
mlp,0,1634,-0.0845334941916194,-0.014521189258919306
mlp,0,1635,0.090304197286739,0.2499335913624614
mlp,0,1636,-0.11685028545436867,0.03257440046050508
mlp,0,1637,-0.08321416865782766,0.08077045471799849
mlp,0,1638,0.018652885796348384,0.1314141086055149
mlp,0,1639,0.009107407850451,0.06463116161581875
mlp,0,1640,0.037660010530239874,0.16085678074676135
mlp,0,1641,0.02127306087843564,0.06687655729947625
mlp,0,1642,0.02972441707666515,0.07376619546526239
mlp,0,1643,0.01593550820604711,0.14201730726986195
mlp,0,1644,0.06291709760960607,0.10767913036281676
mlp,0,1645,-0.0760912351754718,0.057102775011971196
mlp,0,1646,0.016855268501697662,0.05969237550078099
mlp,0,1647,-0.04795819968350111,0.08221740306283262
mlp,0,1648,0.004009476200276335,0.09062472732545532
mlp,0,1649,-0.004432693764127887,0.058449256022534424
mlp,0,1650,-0.09944954172430776,0.04509407167266272
mlp,0,1651,0.0731339682857439,0.0731339682857439
mlp,0,1652,0.07399250373720537,0.11147820754675761
mlp,0,1653,0.055032149358956006,0.055032149358956006
mlp,0,1654,0.0025849024950370947,0.14728666024276527
mlp,0,1655,-0.08008207585292526,0.03288094759274948
mlp,0,1656,-0.06415413457962249,0.2007322754518016
mlp,0,1657,-0.1766818020531584,-0.04939001817967474
mlp,0,1658,-0.0004471251417013933,0.09877065505125499
mlp,0,1659,0.09117607265760647,0.10662053295549898
mlp,0,1660,-0.02759118057789907,0.02584354737058514
mlp,0,1661,-0.0018079983401987632,0.10446117326975626
mlp,0,1662,0.07873069581063122,0.17355768522135984
mlp,0,1663,0.018993183198030228,0.10999775373984896
mlp,0,1664,0.09630577686640515,0.18033762554648752
mlp,0,1665,0.01835474724769784,0.06620547379476682
mlp,0,1666,0.11035651328866239,0.15821407968118284
mlp,0,1667,0.06517916193543155,0.07075101698692407
mlp,0,1668,0.03167779533115339,0.06802541771090784
mlp,0,1669,0.0548262256711671,0.13579114722887214
mlp,0,1670,-0.029595119600363082,0.05511968131170955
mlp,0,1671,0.050635340375093124,0.1377864106610086
mlp,0,1672,-0.06476029912032075,0.011406700054126945
mlp,0,1673,-0.10693572476867418,0.08833970775017252
mlp,0,1674,0.13681908577208834,0.1590377813689391
mlp,0,1675,0.030606789594555817,0.05209164204331013
mlp,0,1676,-0.032982718861644764,0.14439809931114794
mlp,0,1677,-0.06745469780146425,0.04765316429416663
mlp,0,1678,0.043020755553131146,0.1338374167104795
mlp,0,1679,-0.010956722088183823,0.07805974210882013
mlp,0,1680,0.023864165059275327,0.1463151455288763
mlp,0,1681,0.02306609194154241,0.12978723418892057
mlp,0,1682,0.03928519089462312,0.11353289913234385
mlp,0,1683,-0.03350306384943619,0.020023721534008
mlp,0,1684,-0.019735448854629675,0.08696271075206888
mlp,0,1685,0.024934369461365458,0.02976390710427973
mlp,0,1686,-0.007534275224313131,0.08176595745541795
mlp,0,1687,0.06978775025082784,0.20573878463703538
mlp,0,1688,0.0010570628076258803,0.05028572929302047
mlp,0,1689,-0.047931378208931424,0.08355789589484491
mlp,0,1690,-0.10817679300401532,0.06832071185258909
mlp,0,1691,-0.0642710111556703,-0.004249382715191458
mlp,0,1692,0.03138705113162482,0.03138705113162482
mlp,0,1693,-0.04163770959951718,0.16013198442998944
mlp,0,1694,0.03249651114260771,0.057756024795996314
mlp,0,1695,0.01469916946416952,0.10108666390759827
mlp,0,1696,0.018150911025158173,0.07090782645920823
mlp,0,1697,0.013419324822154355,0.10888750408300013
mlp,0,1698,0.00748525274927897,0.1552142917345105
mlp,0,1699,0.13915073349449558,0.18440678880927835
mlp,0,1700,-0.01376321210669118,0.12563308053129496
mlp,0,1701,0.045860955123527114,0.16873236662683905
mlp,0,1702,-0.08840927760430373,0.11376012663011337
mlp,0,1703,0.014846978445824693,0.06939902750468968
mlp,0,1704,0.0028951591494692785,0.11203824455579986
mlp,0,1705,-0.06925881967088218,0.04641844918444349
mlp,0,1706,0.0994668814903289,0.10450149948376092
mlp,0,1707,-0.06725383895205095,0.1441173453497102
mlp,0,1708,-0.0015974045837752193,0.04583458412500249
mlp,0,1709,-0.08100699081331648,0.2151837654577014
mlp,0,1710,-0.08339482312889324,0.03960247653980284
mlp,0,1711,0.03678434360981278,0.14131570417188039
mlp,0,1712,0.08695874305315615,0.1226456284600913
mlp,0,1713,0.06503098124473985,0.11537923821194845
mlp,0,1714,0.0674766880466924,0.17354570379164225
mlp,0,1715,-0.001874096426912747,0.11805784399963382
mlp,0,1716,0.03643651405854159,0.047397544457406016
mlp,0,1717,0.004119867351798062,0.0409328047388329
mlp,0,1718,-0.032736873845819525,0.18948156848288739
mlp,0,1719,-0.015087149296106744,0.09019395317165538
mlp,0,1720,0.008420335937487061,0.0886846384422475
mlp,0,1721,0.12291952577863202,0.26686081805342465
mlp,0,1722,-0.11236562087718929,0.09768808396032033
mlp,0,1723,0.10299759817098969,0.11433984929913332
mlp,0,1724,-0.046777332645561456,0.03680926757778652
mlp,0,1725,0.08178612725938827,0.146946601128707
mlp,0,1726,-0.001641763479831304,0.09297319079238517
mlp,0,1727,0.011834456334392451,0.020652415326301993
mlp,0,1728,-0.034167822650000124,0.11447988609117957
mlp,0,1729,0.013466546325163142,0.039809599782679755
mlp,0,1730,0.03697568901804124,0.10549429099615235
mlp,0,1731,-0.031520812328424686,0.04997881759513059
mlp,0,1732,-0.014508903952298063,0.10311247784430583
mlp,0,1733,-0.07355033427249455,0.07693754870770733
mlp,0,1734,0.0859800984616079,0.22876159880758568
mlp,0,1735,-0.018770618274158477,0.08406853519151422
mlp,0,1736,-0.09305136388758037,0.06404331376970357
mlp,0,1737,0.04096445883408842,0.0856573598043841
mlp,0,1738,-0.04885291310535719,0.2391210230135662
mlp,0,1739,-0.00191161957229935,0.03380479606406189
mlp,0,1740,-0.12058526407932948,0.04464343807833604
mlp,0,1741,-0.07985644729469121,0.07034589614257039
mlp,0,1742,0.06073078254357378,0.06073078254357378
mlp,0,1743,0.10382722359578953,0.14412580594464441
mlp,0,1744,0.07222380015119576,0.07577884043104219
mlp,0,1745,-0.002352082799034566,0.06683981752614901
mlp,0,1746,0.04258773646710867,0.04258773646710867
mlp,0,1747,-0.016444332823010152,0.08498866109563219
mlp,0,1748,-0.07133468408770147,0.07426562703053968
mlp,0,1749,-0.03596720743859892,0.009799395091347501
mlp,0,1750,0.01090296980403263,0.046924052191761795
mlp,0,1751,0.06695907560997905,0.11149494314234706
mlp,0,1752,-0.10579466967859308,0.029395193055368363
mlp,0,1753,0.14980865779784314,0.1686424897761007
mlp,0,1754,0.021150370541108188,0.11433352498694294
mlp,0,1755,0.0045211663560416615,0.058295766899630286
mlp,0,1756,-0.06429287275809874,-0.031951236698477034
mlp,0,1757,-0.0115459617391548,0.12716756189693196
mlp,0,1758,0.02626071421360565,0.0697018481544624
mlp,0,1759,-0.015183817841009403,0.07290743378824383
mlp,0,1760,0.03933009906213414,0.12988616058930946
mlp,0,1761,0.08140617967516406,0.1567359426689538
mlp,0,1762,-0.030291719586597973,0.09664560524399493
mlp,0,1763,-0.07099579938967718,0.0110832408497053
mlp,0,1764,-0.061747413817918276,0.05888719514003268
mlp,0,1765,-0.08070287395834358,0.0611070838341394
mlp,0,1766,-0.016473369901018803,0.13015106883787697
mlp,0,1767,-0.009545713513774617,0.058833898928485645
mlp,0,1768,-0.07685565380725648,0.06807594799412511
mlp,0,1769,0.057917743021205614,0.12290565696872058
mlp,0,1770,0.08238581192991451,0.10188801605315684
mlp,0,1771,0.007612565588826864,0.007612565588826864
mlp,0,1772,0.06818755145247257,0.12225660806123251
mlp,0,1773,-0.05352315519199914,0.04359889907628492
mlp,0,1774,-0.01491105570359813,0.04189969132433233
mlp,0,1775,-0.013052948347711882,0.04910111802734651
mlp,0,1776,0.04610522463521932,0.18707231169652794
mlp,0,1777,-0.005696789714654704,0.09757989002838402
mlp,0,1778,-0.04974472215625224,-0.009640854715054215
mlp,0,1779,0.030482108915667133,0.04579815894635825
mlp,0,1780,-0.05069100136426152,0.03957004432782307
mlp,0,1781,0.013847414213629422,0.08766496128321752
mlp,0,1782,-0.08170031500629055,0.06091443525522619
mlp,0,1783,-0.10371598418034411,0.057852231327446185
mlp,0,1784,-0.01921481884883533,0.0404131452721159
mlp,0,1785,-0.0001991002389418739,0.11959401261741698
mlp,0,1786,-0.0014447294695319746,0.13215449056941408
mlp,0,1787,0.0504417176954767,0.055005265510808254
mlp,0,1788,-0.060697068173951166,0.026379036929019578
mlp,0,1789,-0.04126224969810845,0.11134731958431338
mlp,0,1790,0.028995282669114775,0.10723314197817527
mlp,0,1791,-0.025824829824843257,0.03853976874481649
mlp,0,1792,-0.015886293517935704,0.12406491371685763
mlp,0,1793,0.027373972505976008,0.07517418609515883
mlp,0,1794,0.019033128499795354,0.06821029784691066
mlp,0,1795,0.061106772327033626,0.08124133441320966
mlp,0,1796,0.0930738481919689,0.1647980740155649
mlp,0,1797,0.01631968092338612,0.01631968092338612
mlp,0,1798,-0.07948821372945547,-0.026825371971768597
mlp,0,1799,0.03783977277686412,0.06448563095773707
mlp,0,1800,-0.04368514418846109,0.25255206659005575
mlp,0,1801,-0.08830585221455069,0.13015541757700866
mlp,0,1802,-0.022038090963726706,0.15147160017774924
mlp,0,1803,-0.03313839495927129,0.0689354167961374
mlp,0,1804,-0.006895510633480595,0.046713226696809884
mlp,0,1805,0.04700221104389288,0.16582715332294695
mlp,0,1806,-0.030876649313249946,0.011641769240144095
mlp,0,1807,-0.06614272002990998,0.08960557332830105
mlp,0,1808,-0.03909627663657625,0.060103786705825446
mlp,0,1809,0.11193007968695085,0.11193007968695085
mlp,0,1810,0.01923418848405012,0.0577819017748363
mlp,0,1811,-0.048415048800524524,0.01909058232185215
mlp,0,1812,-0.07270953780110592,0.005727193842436057
mlp,0,1813,-0.027764164001523414,0.00347882706313421
mlp,0,1814,-0.022464763882596522,0.06530420610883281
mlp,0,1815,-0.009205495814459091,0.05613327088195655
mlp,0,1816,0.06560424474550239,0.23206641243832843
mlp,0,1817,0.0015602311584245188,0.13651488501333925
mlp,0,1818,-0.057410196488111964,0.0066672100146978885
mlp,0,1819,0.012261655748557226,0.13276825729001568
mlp,0,1820,-0.10153852918796125,0.02839334563106355
mlp,0,1821,0.06047902825143825,0.06998990057706286
mlp,0,1822,-0.03025872502773641,0.14467350053475114
mlp,0,1823,-0.07921736403341492,0.032733724841710776
mlp,0,1824,0.029491017085359145,0.11393980635428999
mlp,0,1825,-0.034550099394098116,0.037635336055064667
mlp,0,1826,0.07962194369265813,0.07962194369265813
mlp,0,1827,-0.020141556090532003,0.07637569961251969
mlp,0,1828,0.03409161627633431,0.05078962444281479
mlp,0,1829,-0.03384535600395014,0.12226536770857477
mlp,0,1830,0.0005311598052515076,0.10745254166592552
mlp,0,1831,-0.09589809196579036,0.020234993050582545
mlp,0,1832,-0.10299252631549735,0.06009778321060974
mlp,0,1833,0.059958603513580705,0.13482763137702963
mlp,0,1834,0.029778676380506325,0.07721394537020349
mlp,0,1835,0.05542984547468763,0.12344034424401013
mlp,0,1836,0.12653870242787774,0.1464744140533079
mlp,0,1837,-0.03172530111801451,0.13168265947660707
mlp,0,1838,-0.06488785334180869,0.02878026286822194
mlp,0,1839,0.027376718140137563,0.12388320884339699
mlp,0,1840,-0.0326358362514577,0.0055932529930298736
mlp,0,1841,-0.09839599431686555,-0.00851866645300639
mlp,0,1842,0.002101158083402277,0.0760438735042239
mlp,0,1843,-0.18392956512613376,-0.02380921042759336
mlp,0,1844,0.027925325668055112,0.0994503512552874
mlp,0,1845,0.04554439966596277,0.05008234385235599
mlp,0,1846,0.010935236471118742,0.08505517301201135
mlp,0,1847,0.009790066763033789,0.05958669889329665
mlp,0,1848,0.027905574357936863,0.04541278614590988
mlp,0,1849,0.12636009268511783,0.17277192356543714
mlp,0,1850,-0.05697691532435249,0.11909435521892753
mlp,0,1851,0.02003124072230933,0.11720088265285378
mlp,0,1852,-0.046508305333899144,0.038742653503522045
mlp,0,1853,0.08647770391156298,0.08647770391156298
mlp,0,1854,-0.11601213731112574,0.026397792626624395
mlp,0,1855,-0.016699877938461172,0.09178642507102425
mlp,0,1856,-0.012020846750014039,0.09042793338578603
mlp,0,1857,0.013099808196358587,0.07408615922746631
mlp,0,1858,0.006944327059389882,0.048228861514744426
mlp,0,1859,0.0027233143513463176,0.05866207769061438
mlp,0,1860,-0.0006466832852762561,0.030189523363270715
mlp,0,1861,0.011168853993513805,0.13762360761566844
mlp,0,1862,0.043208202213855434,0.08622748357887022
mlp,0,1863,-0.16835284663951655,0.030951638511662438
mlp,0,1864,0.03672170300188102,0.11947388451774033
mlp,0,1865,-0.02952679684446241,0.08144077694210364
mlp,0,1866,0.0052360708073775075,0.03175029271609581
mlp,0,1867,-0.008986293397858724,0.1621303566580033
mlp,0,1868,-0.03815135744447663,0.042527430951014744
mlp,0,1869,0.08117339733827061,0.18615180228959494
mlp,0,1870,-0.009262307567666328,0.14182012485394763
mlp,0,1871,0.0868337786603336,0.23209585077306383
mlp,0,1872,0.03257602088430356,0.11229864156234565
mlp,0,1873,-0.02419652198526044,0.10764755171998275
mlp,0,1874,0.023166212884149773,0.2071617888185282
mlp,0,1875,0.07893664922287144,0.11105368932082332
mlp,0,1876,0.012230695872990999,0.024993219536335542
mlp,0,1877,0.06877083527110078,0.11205602282987645
mlp,0,1878,-0.022396787305964866,0.04649296347535625
mlp,0,1879,0.09583094819777968,0.12001690513587471
mlp,0,1880,0.04469349229747907,0.10809709414967963
mlp,0,1881,-0.055451109373480134,0.17752305021557496
mlp,0,1882,0.015570713289909693,0.0978926167340135
mlp,0,1883,-0.006497688226965781,0.09615978148278673
mlp,0,1884,0.03069545677735988,0.1374383442816225
mlp,0,1885,0.030108287944567963,0.13353081233619674
mlp,0,1886,-0.051284799528655514,0.043079633919543225
mlp,0,1887,0.00727549989606735,0.08355902912986468
mlp,0,1888,-0.11975991791583199,0.07516230177545341
mlp,0,1889,0.079009939192621,0.1465240923259375
mlp,0,1890,0.03924568296228706,0.07472712065854081
mlp,0,1891,0.023522448621019543,0.04250081158398453
mlp,0,1892,-0.017180583102382505,0.1520774154226197
mlp,0,1893,-0.07236060727797816,0.01806229650378091
mlp,0,1894,-0.062300590179338075,0.12717192402504363
mlp,0,1895,0.1253319963479791,0.1253319963479791
mlp,0,1896,0.08647409093085995,0.10659486761865533
mlp,0,1897,-0.006794809284476511,0.014484659354570578
mlp,0,1898,-0.026947685735903865,0.04829894721049646
mlp,0,1899,0.020919005183263506,0.14260371958669094
mlp,0,1900,0.05558803888424735,0.13121812689148965
mlp,0,1901,-0.008584697696715465,0.04737798897502132
mlp,0,1902,0.07349451537223006,0.1810060295851713
mlp,0,1903,-0.014511873322939295,0.042873915012924785
mlp,0,1904,-0.12893162568641006,0.04093486579770034
mlp,0,1905,-0.020607313735368074,0.08467955373178265
mlp,0,1906,-0.06059443335605341,0.0064771486693834535
mlp,0,1907,-0.03128087901937289,0.05312806513943985
mlp,0,1908,-0.0769599810745294,-0.01765231057831096
mlp,0,1909,0.03414928546560356,0.11405346392626142
mlp,0,1910,0.09775330046023506,0.19385439047389996
mlp,0,1911,0.04138095796433197,0.14312378902429018
mlp,0,1912,0.13284100647568858,0.22639971481704257
mlp,0,1913,0.09226241551084646,0.15556352308582966
mlp,0,1914,-0.0196275883409191,0.06843826474415282
mlp,0,1915,0.10886287573370215,0.11500403886246857
mlp,0,1916,-0.04197237602303748,0.03989365204652556
mlp,0,1917,0.02650833232466812,0.04639052082276193
mlp,0,1918,0.022628716512684555,0.18429610296661503
mlp,0,1919,0.025833082320713657,0.07552740462963889
mlp,0,1920,0.00022383962406527513,0.014016658287697159
mlp,0,1921,-0.023403849727834075,0.09435972162169401
mlp,0,1922,-0.028600656133310753,0.05139262174981121
mlp,0,1923,-0.037400685137087594,0.06809403380892678
mlp,0,1924,-0.000864634192389635,0.0729545667161389
mlp,0,1925,-0.07559829170067717,0.022333971821986792
mlp,0,1926,-0.030094096619082522,0.02787441803221266
mlp,0,1927,0.13159363684670194,0.20631708399593995
mlp,0,1928,-0.0743914939616167,0.0008633699136289252
mlp,0,1929,0.012965081077431079,0.025805357497059173
mlp,0,1930,3.608249538777919e-05,0.06966262793566838
mlp,0,1931,-0.0977657383376084,0.010790316983964737
mlp,0,1932,0.06731250285412918,0.13928844873234753
mlp,0,1933,-0.023137048418319928,0.06781155714661394
mlp,0,1934,0.08041607310507551,0.13255309509951818
mlp,0,1935,0.001979607141543799,0.06688990401403358
mlp,0,1936,-0.033465841730556625,0.09718073775960412
mlp,0,1937,0.10869371026909877,0.14612457747655372
mlp,0,1938,0.023299782704422484,0.1180728197363376
mlp,0,1939,0.011954649386197391,0.10277341811463347
mlp,0,1940,0.0972193892536719,0.12217162493372974
mlp,0,1941,0.14848695272727042,0.19565390802948512
mlp,0,1942,-0.011710924838137099,0.0430827349451085
mlp,0,1943,0.0794882537114979,0.12585746748953858
mlp,0,1944,0.004447389357687154,0.11482565360385677
mlp,0,1945,-0.04004845022874805,0.09697040168974866
mlp,0,1946,0.13115213743703913,0.15910972136731344
mlp,0,1947,0.06778736774397964,0.09371991121970208
mlp,0,1948,0.03956833317622796,0.17737671886145484
mlp,0,1949,0.03704161442296319,0.11314313803504242
mlp,0,1950,0.05143133561140523,0.05143133561140523
mlp,0,1951,0.03706920253235671,0.06362500741632512
mlp,0,1952,0.03740612948698416,0.061111428088687025
mlp,0,1953,-0.014294209426421775,0.12167652835037895
mlp,0,1954,0.055356542025036815,0.18031358693940136
mlp,0,1955,0.0019378409349467829,0.03852581510025613
mlp,0,1956,0.16906327551094769,0.16906327551094769
mlp,0,1957,-0.06095226926583133,0.15696674879691758
mlp,0,1958,0.0036002612887165997,0.1552744395183248
mlp,0,1959,0.06447478978371204,0.09988414125304404
mlp,0,1960,-0.11852243662435785,-0.01606555550459525
mlp,0,1961,0.006719442861090941,0.05944126577572384
mlp,0,1962,-0.008847861829870657,0.02847102858120834
mlp,0,1963,-0.09096759501164882,-0.01564480428205825
mlp,0,1964,0.004578302386643557,0.1919077780102148
mlp,0,1965,-0.03097244876656681,0.06814805091029058
mlp,0,1966,0.07706343998340046,0.08125595701493937
mlp,0,1967,-0.054154235169694004,0.05192964745026765
mlp,0,1968,0.024045715570352122,0.024045715570352122
mlp,0,1969,0.012285609047382517,0.07728049788314789
mlp,0,1970,-0.018872715036295146,0.032891232944265936
mlp,0,1971,0.07232050983771038,0.17154451413745908
mlp,0,1972,0.02233458479212469,0.1442214279602302
mlp,0,1973,0.015000269457327603,0.09029964912068028
mlp,0,1974,-0.011018842136953852,0.06536815088881598
mlp,0,1975,-0.12101020681669722,0.03939765123653821
mlp,0,1976,0.016822837058959456,0.06792415027029819
mlp,0,1977,-0.041282768414608,0.013736654658716874
mlp,0,1978,0.021143672749444592,0.06655880775649065
mlp,0,1979,0.06554988926541966,0.16430203571596608
mlp,0,1980,0.010673497032682111,0.15516480216927836
mlp,0,1981,-0.013342283143783482,0.06253083474422663
mlp,0,1982,-0.024130090335354376,0.07144693769189514
mlp,0,1983,-0.07090845336516567,0.13234472450929152
mlp,0,1984,0.10169629023657673,0.10280682933548982
mlp,0,1985,-0.11621257062996018,0.015859278538635863
mlp,0,1986,0.024971314367927877,0.11160056832703613
mlp,0,1987,-0.023059584074253903,0.005369585557629175
mlp,0,1988,-0.16537988674767432,0.05844235245648033
mlp,0,1989,0.06003083608828605,0.09627491470918018
mlp,0,1990,0.019669516652693675,0.035368027861432255
mlp,0,1991,-0.12204748441696159,0.03202214722209487
mlp,0,1992,0.22648287561291647,0.22648287561291647
mlp,0,1993,-0.0343335356619915,0.10082950285494194
mlp,0,1994,-0.03359968457402934,0.04023242953933798
mlp,0,1995,0.09738360983698782,0.10463142756217395
mlp,0,1996,0.14884421758772015,0.22927319132212515
mlp,0,1997,0.03722148469536821,0.1290215489202094
mlp,0,1998,0.013680025950835117,0.13334855085749125
mlp,0,1999,-0.012999217910760974,0.04514830158194019
mlp,5,0,-0.03961741302230484,0.06284986404555651
mlp,5,1,0.0073995366924655,0.02188130691966178
mlp,5,2,0.052448263532426376,0.09088386630636419
mlp,5,3,0.057973875004061426,0.1471513729131134
mlp,5,4,0.08796280023410383,0.1573209187779759
mlp,5,5,-0.029057893295653198,0.1543032450598665
mlp,5,6,-0.0921057501261675,0.01827475168040099
mlp,5,7,-0.07522835457169935,0.09451217099756273
mlp,5,8,0.050668581014341046,0.0728702623171453
mlp,5,9,-0.05536854506822918,0.06682351799244632
mlp,5,10,0.029551766847715377,0.07277466896477477
mlp,5,11,0.003989468405991847,0.03508615896512371
mlp,5,12,-0.013876129011456295,0.025979953559120944
mlp,5,13,0.004644086786581916,0.08339796317404674
mlp,5,14,0.06203016276026241,0.1348983665514087
mlp,5,15,0.09954421968606822,0.16244089356491773
mlp,5,16,-0.18132637471952334,0.012067861826096898
mlp,5,17,-0.024830859314921072,0.07790815339294402
mlp,5,18,0.07189902743470067,0.11829268784467573
mlp,5,19,-0.06775585726169778,0.10957085278590745
mlp,5,20,-0.16075888163269547,0.12127457872492992
mlp,5,21,-0.003029119483935319,0.03976594963121893
mlp,5,22,0.07255185347355078,0.19919512706267564
mlp,5,23,-0.024442679959993538,0.07462307070155488
mlp,5,24,0.038107265280829805,0.16462657826468516
mlp,5,25,0.08085204082316114,0.11542898635031484
mlp,5,26,-0.02347898431135549,0.1243413057537626
mlp,5,27,-0.006192871867584229,0.0653975563735775
mlp,5,28,0.15081745179942999,0.1508901999478767
mlp,5,29,-0.09142057032158232,0.03439410633579304
mlp,5,30,-0.12172958791578764,0.04644747028456847
mlp,5,31,-0.0017104548303951694,0.10091686972935562
mlp,5,32,-0.036203247748261294,0.06550423430979443
mlp,5,33,0.13514375415383778,0.25062708595752003
mlp,5,34,-0.04487296977233228,0.03648155491242955
mlp,5,35,0.04063501977274642,0.07352819369394817
mlp,5,36,-0.14834005364075345,-0.003860398966459941
mlp,5,37,-0.11287192720060929,0.0814363532010616
mlp,5,38,-0.12760579905199224,0.04037018035943438
mlp,5,39,0.0060089234181261025,0.09682539495732184
mlp,5,40,-0.19329660193961384,0.00710089851930841
mlp,5,41,0.022564529837756253,0.2708919754063903
mlp,5,42,0.05775611713112122,0.06907455652960956
mlp,5,43,-0.07275397478149684,0.014034765219560985
mlp,5,44,-0.011444811668539251,0.17729210920576913
mlp,5,45,-0.0387176905130225,0.05410349449563168
mlp,5,46,0.1454800900394303,0.1454800900394303
mlp,5,47,-0.032028557047040024,0.07975977677210971
mlp,5,48,0.08822784036197381,0.11556040028903958
mlp,5,49,0.0424237637681614,0.0424237637681614
mlp,5,50,0.02592085952023568,0.02592085952023568
mlp,5,51,0.2039538914794163,0.2353693183045573
mlp,5,52,0.028970377825172228,0.048161374273493374
mlp,5,53,-0.02615254935461929,0.04892437857440737
mlp,5,54,-0.08233230129394317,0.050974667839251364
mlp,5,55,-0.06550561848681931,0.0005546394624209167
mlp,5,56,-0.01109476090667183,0.07258930633464378
mlp,5,57,0.05148903364744392,0.06672137493739458
mlp,5,58,0.021644463545385365,0.12430288311273388
mlp,5,59,0.060671776369449065,0.22808601916062007
mlp,5,60,0.11882789446698341,0.13610878082246627
mlp,5,61,-0.0533981266800299,0.06856642900317977
mlp,5,62,0.04850460582822208,0.06968326923236456
mlp,5,63,0.06302977510166113,0.08310535822818216
mlp,5,64,0.09915782990751937,0.1478489039168541
mlp,5,65,-0.024428761138385907,0.07706396018108569
mlp,5,66,-0.031884794299121014,0.03479532109868516
mlp,5,67,-0.037742280535342995,-0.019753776259641684
mlp,5,68,-0.1285496632049076,-0.010127998903663837
mlp,5,69,0.0018632570432898649,0.11473904887457695
mlp,5,70,0.02570230260750775,0.0552872751231456
mlp,5,71,-0.06460374371657943,0.049667644434188224
mlp,5,72,-0.07621441184503898,0.14957937096968352
mlp,5,73,0.11169893777103268,0.23078720981545506
mlp,5,74,0.04909070823029635,0.14347370942373905
mlp,5,75,-0.0035012159804057724,0.02991900958786231
mlp,5,76,-0.036404445424070245,0.07124890542915627
mlp,5,77,0.038626965261100904,0.038626965261100904
mlp,5,78,0.06223896360576306,0.15041146786891282
mlp,5,79,0.020141281694882607,0.06830704290324266
mlp,5,80,0.010484019598196156,0.056503688359613474
mlp,5,81,-0.1113731529549813,-0.02257015334978911
mlp,5,82,-0.08249136350018221,0.19097303759790332
mlp,5,83,-0.020811718235047363,0.12678750018163282
mlp,5,84,0.0384844575936763,0.19882175452506703
mlp,5,85,0.01242832942804227,0.11187158357099408
mlp,5,86,0.0704699671577595,0.21132760086479732
mlp,5,87,0.0717315185228227,0.11431102796655382
mlp,5,88,0.02749660684613439,0.056926198136954015
mlp,5,89,-0.07285672920799886,0.12889766304070943
mlp,5,90,0.08124088966346124,0.10537737923412946
mlp,5,91,-0.08234638348104754,-0.008318761612677014
mlp,5,92,0.010591966137018086,0.010591966137018086
mlp,5,93,-0.00531663106917879,0.11779737038747495
mlp,5,94,0.0023640334904974913,0.04300201701141468
mlp,5,95,-0.044247358578627445,0.06399338563785081
mlp,5,96,-0.04047136086069246,0.2031142727712291
mlp,5,97,0.007294536283076955,0.15332335195449906
mlp,5,98,0.06807856306705132,0.06807856306705132
mlp,5,99,-0.008032397024519466,0.15682611831233031
mlp,5,100,0.08153898685518704,0.16160257900314676
mlp,5,101,0.011694261456424798,0.038618753903624126
mlp,5,102,0.03908800612759719,0.15641118055852124
mlp,5,103,0.028992746702545313,0.06950319884421038
mlp,5,104,-0.15539816957635644,0.14377463561735168
mlp,5,105,0.11092350154404981,0.24227371675798584
mlp,5,106,0.01947704481663963,0.0686014464887213
mlp,5,107,0.008476258578191759,0.1199161839641007
mlp,5,108,-0.036706164562138904,0.08662623757279517
mlp,5,109,0.021137525724530995,0.15385778541170678
mlp,5,110,0.14202319111195003,0.2815536558452508
mlp,5,111,-0.05507486348994787,0.02913885433979388
mlp,5,112,0.020179190025706867,0.12167261298346913
mlp,5,113,-0.04710912526417972,0.0986117826036482
mlp,5,114,0.03252275535807886,0.10924035667548923
mlp,5,115,-0.012764078699592743,0.10248998060203243
mlp,5,116,0.053206055859990636,0.053206055859990636
mlp,5,117,0.02266878434270242,0.07730880196675136
mlp,5,118,0.07851126178975718,0.1221911886265479
mlp,5,119,0.08086570693590586,0.12882942226171876
mlp,5,120,0.06982059492804268,0.08419901597324184
mlp,5,121,-0.08702117099493524,0.017006373702412467
mlp,5,122,0.046021952365890184,0.09422758714952312
mlp,5,123,0.03642882448612089,0.1441241063559661
mlp,5,124,0.0018131400153902494,0.052171254254905736
mlp,5,125,0.04203141709284411,0.04203141709284411
mlp,5,126,-0.018182107707151743,0.10228579240858585
mlp,5,127,-0.05875619283876333,0.08085150930159482
mlp,5,128,-0.0073653626069138806,0.009135405021692217
mlp,5,129,0.1121323459049561,0.1661046198089737
mlp,5,130,0.058375359971340746,0.10267844176001445
mlp,5,131,0.012934860946734406,0.0656801655809634
mlp,5,132,0.004799693867061416,0.07195149063952042
mlp,5,133,0.20912157782789145,0.2307419202454615
mlp,5,134,-0.0011112750769118884,0.04716354698789871
mlp,5,135,0.04706199692670751,0.12803230138233043
mlp,5,136,0.09007807382935151,0.11372609819199189
mlp,5,137,-0.16932809245289687,0.04970752370676523
mlp,5,138,-0.0019462551766576686,0.08104719637969576
mlp,5,139,0.08300656525777034,0.16792574598445512
mlp,5,140,-0.06695702815002866,0.17456689715793985
mlp,5,141,0.13951397143815994,0.13951397143815994
mlp,5,142,0.018633509743500865,0.05919150601148718
mlp,5,143,0.010479148556512108,0.04998919218165948
mlp,5,144,0.06110852563842942,0.11789281780341584
mlp,5,145,-0.052938746427971584,0.026825510586113904
mlp,5,146,0.008717144375081837,0.20784230417461366
mlp,5,147,0.04144066301298885,0.04144066301298885
mlp,5,148,0.0336259509109795,0.0569717149052891
mlp,5,149,0.031970709303922984,0.1385776564023181
mlp,5,150,-0.005962330347358866,0.06795026126790937
mlp,5,151,0.06953153667158779,0.07428039387172558
mlp,5,152,-0.10669929732869789,0.007933757707077549
mlp,5,153,-0.04401248423381804,0.06051306325893793
mlp,5,154,-0.016115574227529683,0.010478572499129632
mlp,5,155,0.017474556033389002,0.07730551648943754
mlp,5,156,0.033958192031457696,0.11724265744086082
mlp,5,157,0.021982174604887897,0.16755005989682462
mlp,5,158,-0.20442649750917613,0.08182655871843245
mlp,5,159,0.04400176842574163,0.20959223075553465
mlp,5,160,0.008256173766639882,0.038049926645326554
mlp,5,161,0.06232783492340316,0.06232783492340316
mlp,5,162,-0.02503569860350001,0.042192835347799273
mlp,5,163,-0.0633696961022123,0.01994925870345854
mlp,5,164,0.002654863424238041,0.16849601645272996
mlp,5,165,-0.014519337351200812,0.13949853919809493
mlp,5,166,-0.03114199185528152,0.22420790218546535
mlp,5,167,-0.04847357391935559,0.08022374941742197
mlp,5,168,0.04242206547019506,0.18806425277213276
mlp,5,169,0.009332175121618491,0.05384415012841731
mlp,5,170,0.012392925796945994,0.012392925796945994
mlp,5,171,0.1369585575060187,0.16936993404127162
mlp,5,172,-0.1457086957173061,0.02707747544679226
mlp,5,173,0.0553259271174571,0.07689548483776251
mlp,5,174,0.037735666952097346,0.08149811419665506
mlp,5,175,-0.1291428195999887,0.03075973394456405
mlp,5,176,0.010905441826663864,0.0698639735221252
mlp,5,177,0.04154093828711175,0.08117699166519526
mlp,5,178,-0.10798735054217175,0.027332008080825726
mlp,5,179,-0.13804489169024192,0.054683750618605004
mlp,5,180,0.012995832210966798,0.09659801154226541
mlp,5,181,-0.08210927596572348,0.03007913602361817
mlp,5,182,-0.015528005786153778,0.20250374160225712
mlp,5,183,-0.09521680257443677,-0.009892582111553375
mlp,5,184,0.03528440754807524,0.07894775154636469
mlp,5,185,0.011604066504867186,0.022587320590803567
mlp,5,186,-0.00956086890943468,0.032130590765035494
mlp,5,187,0.02504449780401849,0.12598819338043774
mlp,5,188,0.08405873192003852,0.22628995068975546
mlp,5,189,-0.0330295312369156,0.09778567803789956
mlp,5,190,0.08256388206586754,0.10500713963092473
mlp,5,191,0.044972901012545946,0.10252316163292702
mlp,5,192,0.015912596372709392,0.016764101826694203
mlp,5,193,0.055329414834700524,0.2543541598154222
mlp,5,194,0.021182081890519233,0.021182081890519233
mlp,5,195,0.030611617302837568,0.2732685597406612
mlp,5,196,0.008267109859348046,0.11056989952316951
mlp,5,197,0.09467583275595562,0.170671126848394
mlp,5,198,-0.06929581407655723,0.18396682921652877
mlp,5,199,0.04955018710152531,0.15677540141475957
mlp,5,200,0.013004287663168954,0.07300290608393833
mlp,5,201,0.09441449990412676,0.1565313520739239
mlp,5,202,-0.08626507364464142,0.03384285253612293
mlp,5,203,-0.07071435194095005,0.027801727625948097
mlp,5,204,0.03606353002318102,0.07142576743924514
mlp,5,205,0.043917990323447925,0.043917990323447925
mlp,5,206,-0.010929669956396548,0.031028959452083976
mlp,5,207,0.063803776123871,0.164313472437806
mlp,5,208,0.007435188494312087,0.0478122893557201
mlp,5,209,-0.02039210663884221,0.04133251580585398
mlp,5,210,-0.034120386878414774,0.03226531891542103
mlp,5,211,-0.042266508444662294,0.13396483625048441
mlp,5,212,0.05190891458438912,0.07782095940810269
mlp,5,213,-0.04451416727429251,0.09150505558008509
mlp,5,214,-0.06839435601752754,0.053993377019683625
mlp,5,215,-0.06360341539679132,0.11721013862380777
mlp,5,216,-0.2248574467756529,-0.07024705495767035
mlp,5,217,0.06760836663819228,0.2068481354179176
mlp,5,218,-0.024640457776262045,0.11080297529178756
mlp,5,219,0.05602672472330192,0.1616119421332001
mlp,5,220,0.1583935433452335,0.26900349609868335
mlp,5,221,-0.01579404188338787,0.1227497570818726
mlp,5,222,-0.03551535188879258,0.1850033766211651
mlp,5,223,0.11306824546841807,0.11306824546841807
mlp,5,224,0.02522936161703218,0.06548715186535584
mlp,5,225,-0.05653715043524216,0.050144938058609895
mlp,5,226,0.011036536681664794,0.07143826274300022
mlp,5,227,0.0375068238078628,0.16785228529350896
mlp,5,228,-0.04907821025465498,0.11200088399485406
mlp,5,229,-0.08972503822908195,-0.052293544628368153
mlp,5,230,0.045495972900931075,0.05870143645408171
mlp,5,231,-0.19148112909411952,0.04699216145066176
mlp,5,232,-0.03000619083696944,0.1413226411825307
mlp,5,233,-0.13590309838687212,0.04236249747896162
mlp,5,234,0.03502494099483194,0.15031114823967742
mlp,5,235,-0.07240970620105995,0.13348599263116473
mlp,5,236,-0.029902769163609344,0.053833556231161456
mlp,5,237,0.10277109376078752,0.13434707770142046
mlp,5,238,0.048240025470822095,0.048240025470822095
mlp,5,239,0.04022950276185561,0.15951397191377772
mlp,5,240,-0.10991661820285614,0.020329932033870332
mlp,5,241,-0.08527168695172022,0.1313709737006743
mlp,5,242,0.03281640342215683,0.18586209429343944
mlp,5,243,0.06445973248195383,0.1094063182587991
mlp,5,244,-0.013728121798011514,0.2515792059346166
mlp,5,245,0.061909974751887864,0.1433516614483062
mlp,5,246,-0.15668000751138636,0.04581417493532869
mlp,5,247,-0.001224010846823248,0.05214662074598608
mlp,5,248,0.03276324342546991,0.05883180346309155
mlp,5,249,-0.09207610117514729,0.005220290702533326
mlp,5,250,0.015607185038381904,0.08844169200762464
mlp,5,251,-0.017928872129558793,0.08525727048126014
mlp,5,252,0.0060795274529840265,0.0791028547191645
mlp,5,253,-0.060884430071891815,0.1290774248933743
mlp,5,254,-0.003919476709602007,0.08372115471425051
mlp,5,255,0.053760441008907894,0.1750128796019165
mlp,5,256,-0.11462863586380431,0.13116307171224878
mlp,5,257,0.03347385307706732,0.10031037534336507
mlp,5,258,-0.00452665125073104,0.08436606787307205
mlp,5,259,0.037970586186550165,0.08885175432381226
mlp,5,260,0.030574339687462454,0.08918147277169144
mlp,5,261,-0.04415954778839175,0.09576183116023096
mlp,5,262,-0.0024947212100207145,0.13469881488220628
mlp,5,263,-0.23265329625676553,-0.02008425610279424
mlp,5,264,0.02689438451291104,0.04642784841188338
mlp,5,265,0.04478082685618956,0.1305064774183251
mlp,5,266,-0.0075927843093129,0.08098623785038797
mlp,5,267,0.017099195760418226,0.08334758682194823
mlp,5,268,-0.07647328306940053,0.03460439833712109
mlp,5,269,-0.18849521301716418,-0.06255911487076768
mlp,5,270,0.04678976351124889,0.09696591322020565
mlp,5,271,0.03136244579784056,0.07382068969850089
mlp,5,272,-0.07273357777330172,0.09418543931691606
mlp,5,273,-0.06441785498063778,0.038793350614569705
mlp,5,274,-0.03584290492549,0.07584458599651206
mlp,5,275,-0.05589278510145548,-0.0325776194874063
mlp,5,276,0.017952198981398784,0.04364888231380415
mlp,5,277,-0.1140785712352658,0.057846938703163125
mlp,5,278,-0.06845145213196091,0.02300490316017842
mlp,5,279,-0.013255364501658734,0.07398765854003184
mlp,5,280,0.1223949308487762,0.1647840455055308
mlp,5,281,0.12983799241340066,0.13181115121638914
mlp,5,282,-0.048745588651322634,0.012618570832467563
mlp,5,283,0.12142369528656688,0.1662802800376139
mlp,5,284,0.0077110023986066145,0.09711040857616235
mlp,5,285,0.0508079073452157,0.10921495720428553
mlp,5,286,-0.02308922526125648,0.059951399171983
mlp,5,287,-0.03818782283148642,0.008303634657750511
mlp,5,288,-0.027020518805434865,0.09534644661768307
mlp,5,289,-0.01333714164149101,0.04624329319817147
mlp,5,290,-0.10717091944063763,-0.03429656493938976
mlp,5,291,-0.12748781193760605,0.043253511778728215
mlp,5,292,-0.0516311468094425,0.10266983472376312
mlp,5,293,0.022106350712308917,0.05944660842204269
mlp,5,294,-0.01828821689743683,-0.0173277127593416
mlp,5,295,-0.050505239335801894,0.03320677570307071
mlp,5,296,0.1285692248196931,0.1622242452136964
mlp,5,297,-0.0050717178352000375,0.05550454197594276
mlp,5,298,-0.01382826707792019,0.11972242247341242
mlp,5,299,0.06401671026964692,0.09672483169005228
mlp,5,300,0.07365082786601607,0.10726957615473595
mlp,5,301,-0.019046138439474752,0.050705257905991064
mlp,5,302,0.03901606898321716,0.19264878288885925
mlp,5,303,0.028858733094744488,0.033916872396885595
mlp,5,304,0.04582799208612173,0.05840636260189794
mlp,5,305,-0.06643659571838983,0.005920630365507204
mlp,5,306,-0.18092982320806952,0.1297393729333911
mlp,5,307,-0.032739100616458294,0.06570904381407902
mlp,5,308,-0.07322879322735688,0.05662836950539002
mlp,5,309,-0.02478823528394683,0.07335787572363073
mlp,5,310,-0.0012720820683734396,0.07940083137770881
mlp,5,311,-0.07497949812856189,0.07329660377771294
mlp,5,312,-0.05415324685146713,0.08798710979750918
mlp,5,313,0.0014528753678060141,0.11622798305922002
mlp,5,314,-0.051488158152098326,0.09099732317703987
mlp,5,315,-0.11288082854750833,0.10377342989136429
mlp,5,316,-0.04980115287177927,0.02451589974549398
mlp,5,317,-0.015017986959222435,0.14988776873293988
mlp,5,318,-0.0325666224187304,0.09897769239447915
mlp,5,319,0.06530357221236169,0.10301836441498755
mlp,5,320,-0.06914708121100371,0.011807928644055068
mlp,5,321,0.0036134521372934436,0.05007969824842359
mlp,5,322,-0.10286356457256156,-0.026212887335300222
mlp,5,323,-0.06213608392252317,0.06768765297523444
mlp,5,324,-0.005204192031808302,0.054382030365132256
mlp,5,325,0.034610399125929,0.048739235469308057
mlp,5,326,0.09929089377325526,0.15979904528964986
mlp,5,327,0.02034990229077338,0.07152628307489728
mlp,5,328,-0.007527094143930366,0.1738268724320133
mlp,5,329,-0.06392395033790325,0.031473738049155875
mlp,5,330,-0.028871259054887397,0.04881587107663482
mlp,5,331,0.08509442303670478,0.12961668965649895
mlp,5,332,0.035671087062618956,0.10370611163181173
mlp,5,333,0.05932172724372739,0.10535972313073544
mlp,5,334,-0.04811103960425846,0.05082426940024479
mlp,5,335,-0.09184295692799731,0.009510779385130605
mlp,5,336,0.037189654623917795,0.14063845017182752
mlp,5,337,-0.026548142811770717,0.06995174143705071
mlp,5,338,0.05818489198352911,0.08685162097779928
mlp,5,339,0.058075051029457175,0.10470814382155566
mlp,5,340,0.059003832024438985,0.07377904411796252
mlp,5,341,-0.05571510902883811,0.06027966284677641
mlp,5,342,0.14906084962675645,0.14906084962675645
mlp,5,343,-0.06597527074658247,0.17034974977680697
mlp,5,344,-0.12637582578032364,0.10272392656218662
mlp,5,345,-0.06237551289384068,0.07546090979954656
mlp,5,346,0.025165953271574337,0.09024792251115257
mlp,5,347,0.03749394446553525,0.03749394446553525
mlp,5,348,0.09388659210595213,0.10699374379790261
mlp,5,349,0.051220552904898436,0.10904315407376691
mlp,5,350,-0.09340959961802134,0.03569939217147852
mlp,5,351,0.04877231412079125,0.09257053994670497
mlp,5,352,0.028515472324866287,0.037194700329290814
mlp,5,353,-0.08128656366747337,0.018082570455146593
mlp,5,354,-0.02223096444769311,0.027038380652920052
mlp,5,355,-0.016584313073814735,0.03443251231306252
mlp,5,356,0.05271976703018838,0.07335863688935546
mlp,5,357,-0.07160632351505461,0.04168792428493451
mlp,5,358,-0.017781945173369382,0.10796113301756752
mlp,5,359,0.07209874295464086,0.11282270482962181
mlp,5,360,-0.08316447636779395,0.08696153802872669
mlp,5,361,-0.058977741574590424,0.11079104718543989
mlp,5,362,0.08959636644636187,0.23956194160977176
mlp,5,363,-0.052419532337694794,0.05166430936490879
mlp,5,364,0.033271360523047605,0.15536417200865224
mlp,5,365,0.04630205638836546,0.08161846494991853
mlp,5,366,0.04154601356439558,0.058596978755027646
mlp,5,367,-0.1437476294271692,0.08961378805280282
mlp,5,368,-0.015602373806736375,0.13083400383183547
mlp,5,369,-0.03420950204317508,0.09201552105610633
mlp,5,370,-0.049699815122168506,0.08269718568823844
mlp,5,371,0.07895337319713669,0.08104729592930324
mlp,5,372,-0.07225592967102853,0.08155286534075828
mlp,5,373,0.016042233120209345,0.08108664124525694
mlp,5,374,0.020632782464504257,0.1457492247450977
mlp,5,375,0.017238924805625083,0.11504871443798231
mlp,5,376,-0.0008948679162901346,0.07179295148053072
mlp,5,377,-0.03148454824111391,0.12050267215113084
mlp,5,378,-0.1109194305109353,-0.032721871836521185
mlp,5,379,0.07623679208327369,0.10154577243822557
mlp,5,380,0.13315187079441215,0.2141031864802508
mlp,5,381,-0.12519186107670716,0.16215641000332007
mlp,5,382,0.03909914651175658,0.055196544603612785
mlp,5,383,-0.038977795604090065,0.09283573173835138
mlp,5,384,0.1120316751010163,0.1120316751010163
mlp,5,385,-0.037571230466908134,0.07149564256228819
mlp,5,386,-0.07679915820329684,0.02425933638711958
mlp,5,387,-0.0306129275596507,0.14591842661614704
mlp,5,388,0.023171361981369737,0.09198148629646816
mlp,5,389,-0.1119936302215551,0.01882580612078097
mlp,5,390,0.043728923655082935,0.073791744118192
mlp,5,391,0.016644365875079864,0.08268600813636665
mlp,5,392,-0.06276472123483554,0.10694724826910779
mlp,5,393,0.010541869044290164,0.0664170747826354
mlp,5,394,0.021439377836784235,0.11658961277512359
mlp,5,395,0.14787522228615543,0.14787522228615543
mlp,5,396,-0.06378105931197837,-5.172070629322345e-05
mlp,5,397,-0.13277908659427076,0.06114401883218487
mlp,5,398,-0.09796636343485902,-0.04072622723529415
mlp,5,399,-0.0813195906993915,0.06729292367489381
mlp,5,400,-0.014311822826488282,0.08489860526641274
mlp,5,401,0.03137651366336014,0.05552038814662483
mlp,5,402,-0.05767574723132254,-0.01791812256264129
mlp,5,403,-0.08346038278707318,0.08404897600995312
mlp,5,404,-0.050908347974394384,0.05087909099835616
mlp,5,405,0.01813173475549129,0.06567013288021159
mlp,5,406,0.06047372471536766,0.06047372471536766
mlp,5,407,-0.09676753888230732,0.005694940521169242
mlp,5,408,-0.024500520526630737,0.07619608623849555
mlp,5,409,-0.04619597588625954,0.010477872599261667
mlp,5,410,0.16825161187485957,0.19556901561412834
mlp,5,411,-0.08208769026868222,0.05600303312356619
mlp,5,412,0.060426055095320536,0.09069930375172261
mlp,5,413,-0.01669255719826368,0.08440665216250148
mlp,5,414,-0.03511576909352976,0.08537148978030637
mlp,5,415,-0.1711460782887177,-0.004283969745412786
mlp,5,416,-0.05985531116206313,0.04708263724538039
mlp,5,417,0.00017443095651854812,0.08253559755509027
mlp,5,418,-0.04047449974024991,0.11595132594795224
mlp,5,419,-0.12801857612077153,-0.03307237980145576
mlp,5,420,-0.01808342687500822,0.09090656836533711
mlp,5,421,0.006295579271827348,0.0949016604955911
mlp,5,422,0.10024426886527141,0.180975877841601
mlp,5,423,-0.017809017294563426,0.043910064708646473
mlp,5,424,-0.07510474751904028,0.07058494783370015
mlp,5,425,-0.06864832006131202,0.014009908719168337
mlp,5,426,0.000804507809399238,0.1453093245908284
mlp,5,427,-0.10084982891905747,0.01897348955649235
mlp,5,428,-0.07271641391330225,0.02839451689168182
mlp,5,429,0.11897194116213705,0.22558282713495323
mlp,5,430,0.11786655587938727,0.1665233940588983
mlp,5,431,0.002736321176627171,0.05762182044721112
mlp,5,432,-0.01909711249187028,0.16912103980837886
mlp,5,433,-0.03355292788749556,0.05332092956424306
mlp,5,434,0.061056652472157996,0.12097494919452756
mlp,5,435,0.03575347747445573,0.03575347747445573
mlp,5,436,0.041098861968267536,0.09838422104860206
mlp,5,437,-0.015977410363541722,0.05173376161586912
mlp,5,438,-0.005006061953354096,0.045052483510742536
mlp,5,439,-0.043760966454753455,0.08076114459370537
mlp,5,440,-0.04749285977086671,0.07982899262789106
mlp,5,441,0.09783564861439653,0.09783564861439653
mlp,5,442,0.0456594064977949,0.14108437414984937
mlp,5,443,0.030443983623774734,0.05034358435525879
mlp,5,444,0.009776015138200311,0.05178242481896042
mlp,5,445,-0.0316048941109774,0.10105729264911284
mlp,5,446,-0.006406792838983266,0.06793743148025014
mlp,5,447,0.08089715251424887,0.13373604669078049
mlp,5,448,0.0019075481402668348,0.06538335812038598
mlp,5,449,0.08995332499287453,0.14803393808614376
mlp,5,450,0.043839361407737226,0.14133026893679762
mlp,5,451,-0.08426000222861013,0.00774852542192786
mlp,5,452,-0.03898211170311243,0.07369038099349468
mlp,5,453,-0.02434325826289735,0.07756222591210707
mlp,5,454,0.016348510473097808,0.09051504784830058
mlp,5,455,-0.014150250742884646,0.07107869015321602
mlp,5,456,-0.07657706452769394,0.05669821948400225
mlp,5,457,-0.0009074246138141839,0.1720271037957579
mlp,5,458,-0.031973122061085046,0.11824009520560208
mlp,5,459,0.016635809091645276,0.09402775412265285
mlp,5,460,-0.0390806249389207,0.11636397100285786
mlp,5,461,0.0011245298394227249,0.07274339596275797
mlp,5,462,0.023544488713098582,0.05475523462577672
mlp,5,463,0.03655325980330082,0.08619198212007331
mlp,5,464,0.17873495639172313,0.22379103543256226
mlp,5,465,-0.0886966681289991,0.051674156780203734
mlp,5,466,-0.019873879774078118,0.020101481980489472
mlp,5,467,-0.06780504343315284,-0.023193893375773142
mlp,5,468,-0.07610551936717562,0.06557243959016615
mlp,5,469,-0.05072597068728773,-0.003433291859923776
mlp,5,470,-0.15599370857679323,-0.09194605269765405
mlp,5,471,-0.06018887716312674,0.037437888761759686
mlp,5,472,-0.021536952201913484,0.060904061871459886
mlp,5,473,-0.01550306780332257,0.10533093850476744
mlp,5,474,-0.0463071459785382,0.011020225860596866
mlp,5,475,-0.0069658783385218165,0.060886046518241144
mlp,5,476,-0.020370815060527722,0.011231896156782467
mlp,5,477,-0.09190335999112301,-0.031675262597541456
mlp,5,478,0.033210322382932284,0.09609277621733842
mlp,5,479,0.09010767528502106,0.14428637355567164
mlp,5,480,0.07601716541845693,0.12098332343635687
mlp,5,481,0.11649877887495708,0.17215282293650405
mlp,5,482,0.06464954252649235,0.09050693065820725
mlp,5,483,0.0906457244623004,0.0906457244623004
mlp,5,484,0.11050149871521453,0.20175298786526533
mlp,5,485,-0.06632614471283765,0.06462834513152435
mlp,5,486,-0.01927142811199574,0.06870228710070181
mlp,5,487,-0.039351097266441995,0.034142823741632966
mlp,5,488,-0.05341485854132502,0.04598700653607721
mlp,5,489,0.03449267719077029,0.10492834598429854
mlp,5,490,0.0011109252240545237,0.06364184217919591
mlp,5,491,-0.03630049533710089,0.013013477885643443
mlp,5,492,0.10238145469051002,0.11241068159978201
mlp,5,493,-0.010730706205935678,0.06955031181769841
mlp,5,494,-0.013338439615879105,0.006271039321445446
mlp,5,495,-0.035762526873593645,0.06668660257537767
mlp,5,496,-0.05778894183257134,0.05759649504140954
mlp,5,497,0.02531238923794457,0.06314690009960722
mlp,5,498,-0.019487425898930003,0.06926530556871846
mlp,5,499,-0.07038027594862646,0.019143358701333282
mlp,5,500,-0.08982358733706634,0.036165180236264055
mlp,5,501,0.05477255067298589,0.151526903120239
mlp,5,502,0.036004155965377704,0.0668921389694632
mlp,5,503,-0.07954704680726354,-0.03824497319083789
mlp,5,504,-0.0394656751831475,0.06175622176973389
mlp,5,505,-0.07622831204395972,0.014537362738476431
mlp,5,506,0.0011021700482486685,0.042942965263905036
mlp,5,507,-0.043228122142224296,0.017443055393845677
mlp,5,508,-0.04227369304503331,0.08270753093809258
mlp,5,509,0.011696494375731684,0.03217355504965522
mlp,5,510,0.021549423030717607,0.11457386166904568
mlp,5,511,0.11050314731589111,0.1222762168512648
mlp,5,512,-0.04040375475136007,0.05185613623142096
mlp,5,513,0.01322908778925272,0.06553866561892163
mlp,5,514,-0.050146189664732305,0.062361482339339636
mlp,5,515,0.07141421906047293,0.12405377183753344
mlp,5,516,-0.08721547814891925,0.07829884236987142
mlp,5,517,-0.02582015970156079,0.11353058759878215
mlp,5,518,0.04719745156923738,0.07259640063479958
mlp,5,519,0.024104507264266606,0.08704863434475982
mlp,5,520,0.011159242901262717,0.05626247794877187
mlp,5,521,0.07922641614056278,0.2143380800076767
mlp,5,522,0.013678472325235919,0.042117341491273524
mlp,5,523,-0.0043738503870674045,0.016113695199913528
mlp,5,524,0.05106049767301707,0.10855481797746575
mlp,5,525,-0.006795763149517603,0.03976875687707837
mlp,5,526,0.05097971800028381,0.21346662234673044
mlp,5,527,0.004476857017113256,0.06801013636881684
mlp,5,528,0.06063985801388999,0.06063985801388999
mlp,5,529,-0.08148734434079374,0.07465488056547898
mlp,5,530,-0.02811477979998607,0.06719721222150757
mlp,5,531,-0.07536206500341822,0.038553146655400855
mlp,5,532,-0.11965075454739049,0.030987355998483013
mlp,5,533,-0.1590628545937728,0.04831621675178188
mlp,5,534,0.0037807516049930823,0.05108264303764912
mlp,5,535,-0.15241033642180152,0.06043779983312672
mlp,5,536,-0.1429150958902683,-0.005003923078486169
mlp,5,537,0.024125859022802565,0.10103485696849612
mlp,5,538,0.09979985849525849,0.1838940945981493
mlp,5,539,0.07652556179125045,0.07652556179125045
mlp,5,540,0.054306060704812725,0.08569650566774284
mlp,5,541,-0.08266592667834964,0.07806595617135087
mlp,5,542,0.03813056395550529,0.12986288521899214
mlp,5,543,0.001441511034680612,0.014326843003686848
mlp,5,544,0.007954002540439584,0.05974569393348528
mlp,5,545,0.15542709312512445,0.2151363089065764
mlp,5,546,-0.03484209684127122,0.02849867764042968
mlp,5,547,0.03552815266782053,0.0827472165540045
mlp,5,548,-0.0832898631802312,0.04623973359839709
mlp,5,549,0.023336378207116093,0.04357682950255301
mlp,5,550,-0.07307355636104063,-0.005175959279427392
mlp,5,551,0.03313692872944346,0.15448174478450574
mlp,5,552,0.021524351317810622,0.06573845098233119
mlp,5,553,-0.1168564052963033,0.04739550957129712
mlp,5,554,0.09843113759370634,0.09843113759370634
mlp,5,555,-0.07518421110949222,0.03930197732417903
mlp,5,556,-0.04474712812727313,0.028291492916453498
mlp,5,557,0.06757694181163268,0.08357899476253661
mlp,5,558,-0.08771992243664378,0.05970508947574937
mlp,5,559,0.06799667164319106,0.09693510299962901
mlp,5,560,-0.006525954096730374,0.06038521624295301
mlp,5,561,0.010259272537014766,0.05187986252088497
mlp,5,562,0.03939783015822107,0.12896249666841997
mlp,5,563,-0.1388402190849431,0.07119493456019205
mlp,5,564,-0.011700005113913309,0.011560058202788215
mlp,5,565,-0.039845194859243566,0.047488061909668866
mlp,5,566,0.011924480661570078,0.1172376338226507
mlp,5,567,-0.10447123472444608,0.05013971109624385
mlp,5,568,-0.047585011372218176,0.11250921416124834
mlp,5,569,-0.09826624896143285,0.08427417073108798
mlp,5,570,0.1372855586135232,0.20064169857927253
mlp,5,571,0.16650433519617894,0.16650433519617894
mlp,5,572,0.037822212783501175,0.07789685159009138
mlp,5,573,-0.04205916849956252,0.06658436330470491
mlp,5,574,0.06047703556700787,0.09255127122589435
mlp,5,575,-0.13163874308044599,0.049671696753417344
mlp,5,576,-0.0398272528651548,0.08417410643687132
mlp,5,577,0.07345694955940482,0.07345694955940482
mlp,5,578,0.01976227829680796,0.10461447925456371
mlp,5,579,0.08118806926701433,0.17618331794691047
mlp,5,580,-0.07997095901460602,0.0333711232506127
mlp,5,581,0.11057640838867017,0.2166439900393379
mlp,5,582,-0.06580960147761644,0.05224482113143422
mlp,5,583,-0.18475145113458172,-0.014402701989952471
mlp,5,584,0.02667826383412994,0.10585440549108802
mlp,5,585,-0.01939409869088081,0.022153033839319075
mlp,5,586,-0.1408587747976726,0.07952858497595475
mlp,5,587,-0.06943178573045208,0.11303524407433815
mlp,5,588,-0.019935981217232182,0.0777242832393489
mlp,5,589,-0.07405878251209871,0.019187704876181003
mlp,5,590,0.08376361960695913,0.11477347751783237
mlp,5,591,-0.07602754662398285,-0.013853056665947688
mlp,5,592,0.04919449058270642,0.04919449058270642
mlp,5,593,-0.1562543921864914,-0.006917256616550335
mlp,5,594,-0.13051236179257453,0.01158981839276578
mlp,5,595,-0.09305018345216773,-0.013680139097677915
mlp,5,596,0.05471201411135196,0.14617138698652507
mlp,5,597,0.06879010374436162,0.16040952046363002
mlp,5,598,0.014636942049387827,0.10515202474696633
mlp,5,599,-0.1266417241945068,-0.020806275106813793
mlp,5,600,0.007314905388538434,0.06541946956229822
mlp,5,601,0.0001461190629117315,0.09555911788634253
mlp,5,602,0.0751536469195351,0.0751536469195351
mlp,5,603,-0.04974336141093907,0.00871430785858783
mlp,5,604,0.00016434885736905935,0.07425829957540553
mlp,5,605,0.07214157299963392,0.14119565506186912
mlp,5,606,-0.06508492190564913,0.09127615604576358
mlp,5,607,-0.1703592746087987,0.05409955226975344
mlp,5,608,0.12100766897028528,0.2130961735716961
mlp,5,609,0.043881573921072864,0.05395834277312783
mlp,5,610,0.07082344425596426,0.10470764886711717
mlp,5,611,0.047080517664563726,0.1718496746903416
mlp,5,612,-0.014113764184152222,0.07949775298496273
mlp,5,613,0.05782284105669763,0.05782284105669763
mlp,5,614,0.07973784313941731,0.1459708298276639
mlp,5,615,-0.038408493831589355,0.06103074716614887
mlp,5,616,-0.04281708160545769,0.04906067117525209
mlp,5,617,-0.005229237724174884,0.03860883893610548
mlp,5,618,-0.008386138510625751,0.07384537223100487
mlp,5,619,0.004529104184061369,0.09237029040467454
mlp,5,620,-0.10218780321400733,0.049893445559745425
mlp,5,621,-0.1811548459070091,0.13323411228632628
mlp,5,622,-0.014012237117308105,0.0846125223643385
mlp,5,623,0.09629182198937752,0.18471736657095436
mlp,5,624,0.03762124250442589,0.06315015793227252
mlp,5,625,0.013416656231437979,0.0683294492357703
mlp,5,626,0.01076118360811762,0.11242760296850438
mlp,5,627,0.06625899757657233,0.06625899757657233
mlp,5,628,0.050477935262593365,0.09405496550587814
mlp,5,629,0.0007946512059716637,0.15759999722306736
mlp,5,630,0.0750107839715034,0.09619540969055843
mlp,5,631,-0.10696590786076067,-0.0035971631972893936
mlp,5,632,-0.05528313882487932,0.04302917898287337
mlp,5,633,-0.0697124386984975,0.09990363236857763
mlp,5,634,-0.040094589111369094,0.09210569058023749
mlp,5,635,-0.014496322116629448,0.04311396131723941
mlp,5,636,-0.04895701673804398,0.07946440365303961
mlp,5,637,-0.013049788791445582,0.03639656104203237
mlp,5,638,0.08486650630767986,0.24868039607256218
mlp,5,639,-0.03283260284632222,0.05657107815613657
mlp,5,640,-0.10803475726093659,0.14188814792611473
mlp,5,641,-0.019531439584093244,0.08143050631743459
mlp,5,642,0.018788279683080653,0.10997339044934162
mlp,5,643,0.08349805599969698,0.16941199843565305
mlp,5,644,-0.046923582612780415,0.016590469423839335
mlp,5,645,0.01930236808611352,0.13931663280613057
mlp,5,646,0.029061910580037764,0.09833926742922064
mlp,5,647,-0.036165492421101716,0.217220860103548
mlp,5,648,0.04875723313527566,0.08974617340909652
mlp,5,649,-0.06721904677496907,0.14324715743270203
mlp,5,650,-0.043038460862598736,0.09716187096578399
mlp,5,651,0.08248149083686693,0.09001580586759109
mlp,5,652,-0.06501219485641269,0.09377974201210801
mlp,5,653,-0.04671344540890166,0.015000976740255759
mlp,5,654,0.006213857791828106,0.11272100636046276
mlp,5,655,0.15698040903041113,0.15698040903041113
mlp,5,656,0.01765244841397068,0.028168384262772073
mlp,5,657,0.10489407499444617,0.1465549655393485
mlp,5,658,-0.08702663080000615,0.12311247067469697
mlp,5,659,-0.059534905559456924,0.05986222149458986
mlp,5,660,-0.011215633786601509,0.1385222288465857
mlp,5,661,0.03215917631588927,0.05133126808931093
mlp,5,662,-0.032069702095350816,0.06666300929997426
mlp,5,663,-0.016801552619772828,0.010568695757421961
mlp,5,664,-0.10552067853379149,0.01787457983177204
mlp,5,665,-0.00041221276934159945,0.053906130115602635
mlp,5,666,-0.007690086472393706,0.04755582145381604
mlp,5,667,0.07696734819107134,0.12844514511010363
mlp,5,668,0.05362555897611754,0.11274895472599647
mlp,5,669,0.10913027493381164,0.1970334065717447
mlp,5,670,0.16393900325228547,0.16393900325228547
mlp,5,671,-0.04074670290885561,0.02015980990044014
mlp,5,672,0.015981905890634363,0.09371707735652748
mlp,5,673,0.03784103081763851,0.07128406213990868
mlp,5,674,0.012491908366121532,0.20204306459180546
mlp,5,675,-0.0679944188143407,0.056726241046991754
mlp,5,676,-0.06834666819894303,0.0506931367620195
mlp,5,677,-0.015807862045101165,0.04604433719896556
mlp,5,678,0.017187349623051615,0.06297929045834777
mlp,5,679,-0.03726496640453811,0.034313205356538284
mlp,5,680,-0.08897635495392438,0.0929067196649842
mlp,5,681,-0.04617485322396155,0.09963361035509341
mlp,5,682,0.07772903009163873,0.16287570616646105
mlp,5,683,-0.019531999085695168,0.07878143358167924
mlp,5,684,0.04443350326859999,0.09291004013639939
mlp,5,685,0.05594687849755925,0.077130647278329
mlp,5,686,-0.03315920474320416,0.09780593980792376
mlp,5,687,0.04468265985791159,0.12067051362484957
mlp,5,688,-0.05596860900923703,0.06553655927877972
mlp,5,689,0.07538941347702283,0.07971094791881872
mlp,5,690,-0.028454028976014623,0.05699336065461785
mlp,5,691,0.024325613720217604,0.1004052819382143
mlp,5,692,0.07075167876188804,0.07075167876188804
mlp,5,693,-0.004632584765617329,0.09432611738354593
mlp,5,694,-0.03147384483040459,0.0875287358984363
mlp,5,695,0.06368144329911937,0.07840003738951248
mlp,5,696,0.021758224511015403,0.04739567593629382
mlp,5,697,-0.016214100684122212,0.0514153988265611
mlp,5,698,-0.051391850308400405,-0.03527745021285733
mlp,5,699,-0.10988123337525414,-0.050631424914130564
mlp,5,700,-0.03174529098305082,0.09693230594585783
mlp,5,701,0.11199823191772884,0.1324885688445508
mlp,5,702,-0.03864508303678156,-0.0020772536624562576
mlp,5,703,-0.04848345974585532,0.06649759070575426
mlp,5,704,0.0625471875994541,0.06325951442455713
mlp,5,705,0.006289164610113598,0.17211999330343605
mlp,5,706,0.020012205375770503,0.11566789754731738
mlp,5,707,0.01248709062670976,0.013439142728696826
mlp,5,708,0.0004735956422489973,0.030222061484728585
mlp,5,709,-0.08529629982951174,0.09527928492641038
mlp,5,710,0.001771185318325194,0.021922417047723478
mlp,5,711,-0.05300279150004524,-0.036406197569764556
mlp,5,712,0.03780108029824142,0.1332014627545959
mlp,5,713,-0.023278615829921093,0.06667005771889592
mlp,5,714,0.025712087924518512,0.21435617284258726
mlp,5,715,-0.11168987521827291,0.04577937843751065
mlp,5,716,-0.16214554323357772,0.02436577033907611
mlp,5,717,-0.005143227143095869,0.14132607487783233
mlp,5,718,-0.0520661885277164,0.03107695815887726
mlp,5,719,-0.029585181947641814,0.05649938919871253
mlp,5,720,-0.043813427244420944,0.1306965515038555
mlp,5,721,0.11248213748091276,0.11248213748091276
mlp,5,722,-0.00636793106010991,0.11119341746311512
mlp,5,723,-0.01849565400308459,0.06244996443276543
mlp,5,724,0.1414692645470542,0.18206701236439213
mlp,5,725,0.11053303625217326,0.17580684497620233
mlp,5,726,-0.16987104608083672,0.04840981070513323
mlp,5,727,0.017832251468758192,0.15343808346128293
mlp,5,728,-0.04087907148734149,0.043578181928464216
mlp,5,729,-0.014343182599957482,0.06829761752723745
mlp,5,730,-0.024241548832066667,0.11387179151335772
mlp,5,731,-0.10300157102024743,0.06209730298597413
mlp,5,732,0.04102933281191454,0.1415563634693062
mlp,5,733,0.016886666475594003,0.056547454900620825
mlp,5,734,-0.037791673271321005,0.06059667857281892
mlp,5,735,-0.14824031845489413,0.08382847560378387
mlp,5,736,-0.06926143389249306,0.08336201288533904
mlp,5,737,-0.0060121273869852,0.03200477274844929
mlp,5,738,-0.033649825476485665,-0.023420627115103232
mlp,5,739,0.08812687977428557,0.16600747507187782
mlp,5,740,0.0035440754057845386,0.2539741828895965
mlp,5,741,0.024674446366555775,0.196588014166208
mlp,5,742,-0.03733886105767671,0.03757614751569008
mlp,5,743,-0.19708742254231032,0.05867176188005954
mlp,5,744,0.07663410341099924,0.15800680626196026
mlp,5,745,-0.05294311118656134,0.25337748405746774
mlp,5,746,0.016276171056280736,0.09254891588985184
mlp,5,747,-0.05713718783424754,0.10444807428602751
mlp,5,748,0.009050725439013252,0.0632815932420242
mlp,5,749,-0.09561735056897196,-0.00908642735225812
mlp,5,750,-0.012131117923177906,0.0989729808291073
mlp,5,751,-0.058516003021299876,0.0024471025210655306
mlp,5,752,0.0699507280580833,0.2230589622257508
mlp,5,753,-0.07018906294506677,0.06183483369783346
mlp,5,754,0.012631457458950737,0.07233430531934817
mlp,5,755,0.007836311555650788,0.025066872416732666
mlp,5,756,-0.010529365451146452,0.02413740341532264
mlp,5,757,-0.0595911687322101,0.09805221084918225
mlp,5,758,0.05477160480777565,0.19997749289971453
mlp,5,759,-0.024206668128102182,0.12930900484634086
mlp,5,760,-0.0852991870756399,-0.015298304118054065
mlp,5,761,0.0484376555141017,0.11634006095934521
mlp,5,762,-0.034455063514215276,0.19145208658648008
mlp,5,763,-0.009991047140860382,0.07455177652437392
mlp,5,764,-0.12047999272602833,-0.013749349223774118
mlp,5,765,-0.023522651700988648,0.09124364007122779
mlp,5,766,0.032388546168706595,0.10739651474354972
mlp,5,767,0.02090053647913176,0.0906691173605402
mlp,5,768,0.015015806210931112,0.05117328253074732
mlp,5,769,0.029975182628865643,0.05352673018295731
mlp,5,770,-0.04051608004602646,0.03310096064338078
mlp,5,771,0.004446625383087627,0.05960960033144916
mlp,5,772,-0.05686474258407632,0.09437173220121622
mlp,5,773,-0.1375015554905337,0.17775077191743013
mlp,5,774,0.02979191057720537,0.04471003993953432
mlp,5,775,-0.043743676970280726,0.030103918821874298
mlp,5,776,-0.020182158027340774,0.04732705632016446
mlp,5,777,-0.01931639360859852,0.06150404235548429
mlp,5,778,0.002487300654900798,0.136541463904532
mlp,5,779,-0.04385614980421501,0.0383377754854074
mlp,5,780,-0.00945222573836478,0.14983061412751666
mlp,5,781,-0.10455822302815404,0.07602640139223482
mlp,5,782,0.062105583825642546,0.09747807119112087
mlp,5,783,-0.005099370830393371,0.21428191285605727
mlp,5,784,0.007346223557936571,0.05155032921203195
mlp,5,785,-0.03714776684885507,-0.003453852324070125
mlp,5,786,-0.03336845183051468,0.05962818969279027
mlp,5,787,0.058708061464379846,0.106887332293987
mlp,5,788,-0.12083818568995974,-0.0036856503601770813
mlp,5,789,0.008840795663032322,0.01991293154579081
mlp,5,790,-0.12868453967721408,-0.009000955736111094
mlp,5,791,0.052928360847131956,0.06352095376347486
mlp,5,792,-0.07737588139499249,0.10402021403865994
mlp,5,793,-0.00452488367804578,0.01841055245438855
mlp,5,794,-0.07928339550447344,0.0002267113146187938
mlp,5,795,-0.10011444305732264,0.08624485704492568
mlp,5,796,0.01651493384414872,0.01651493384414872
mlp,5,797,-0.14116603421760004,0.05453018389446743
mlp,5,798,0.051125286005757054,0.06416601190459828
mlp,5,799,-0.10374850834264175,0.07576487443435242
mlp,5,800,-0.05357283871291223,0.0521600371407806
mlp,5,801,-0.05476663671995729,0.06158460562279053
mlp,5,802,0.0014254793525376591,0.11048923426334828
mlp,5,803,-0.11973915504880314,-0.02406115509167492
mlp,5,804,-0.037033115935412364,0.042804345664197135
mlp,5,805,0.014663103514635734,0.03981999313770748
mlp,5,806,0.005409534979379987,0.0558353667094412
mlp,5,807,-0.13151258489983886,-0.0018334533140524495
mlp,5,808,0.03050855812319872,0.04256717519663181
mlp,5,809,-0.02193887005528944,0.030454120260742706
mlp,5,810,0.04444232249361252,0.11529364054694946
mlp,5,811,-0.02466277309943979,0.07102788925519962
mlp,5,812,-0.008820084227877528,0.03326320519331363
mlp,5,813,-0.04031593512441689,0.11150781825107156
mlp,5,814,-0.012672572386092151,0.05931437099515868
mlp,5,815,0.0652145328204568,0.1146663498317757
mlp,5,816,0.01081217998726726,0.14534340623452727
mlp,5,817,0.05488594368333227,0.12218920603737585
mlp,5,818,-0.0048729394299508455,0.06520159553029353
mlp,5,819,0.07206291014718505,0.07206291014718505
mlp,5,820,0.04995575616169884,0.08661727701162672
mlp,5,821,0.0019972833171634785,0.02331722899362415
mlp,5,822,-0.016724528970872135,0.1414538431267833
mlp,5,823,0.01041442885903611,0.03892954157148376
mlp,5,824,0.08422769801351951,0.11967417272293443
mlp,5,825,-0.013106516828483766,0.06229699158965174
mlp,5,826,-0.1318122096279439,0.028848914902627865
mlp,5,827,-0.042630116689200116,0.09058156924007582
mlp,5,828,0.04145338557877698,0.06916747872445247
mlp,5,829,-0.02624700037558793,0.02140287578469806
mlp,5,830,-0.060358442220318685,0.04323405954033946
mlp,5,831,-0.037824717967457774,0.21413768448076995
mlp,5,832,-0.0012950821223927517,0.06328300824800606
mlp,5,833,-0.03605010817796847,0.03823652912507666
mlp,5,834,0.034331684492149545,0.07532365463134824
mlp,5,835,0.07951193389116126,0.12028261414022992
mlp,5,836,0.02576151541847116,0.14475793908819043
mlp,5,837,0.03060939874633889,0.13946888128023865
mlp,5,838,0.023726091639960284,0.06809542149067888
mlp,5,839,-0.01452501601112785,0.17822008461282488
mlp,5,840,-0.0015030125265794725,0.0013981225663543123
mlp,5,841,-0.0360543944777091,0.03486319018916803
mlp,5,842,-0.12024634662681032,0.04899305216308078
mlp,5,843,0.08542943786778609,0.1298720172492519
mlp,5,844,0.018617743757141036,0.08160887447931159
mlp,5,845,-0.08709329269127178,0.11120875306041841
mlp,5,846,-0.006742463459156106,0.08905414593639566
mlp,5,847,0.0503184114144076,0.06609515489252812
mlp,5,848,-0.1004746971769581,0.055084403808733196
mlp,5,849,-0.07840849351844573,0.038967694288558896
mlp,5,850,-0.02441928900152407,0.0717028167611862
mlp,5,851,-0.08535316827900707,-0.002111268249158013
mlp,5,852,0.04830131069197541,0.06633278751064137
mlp,5,853,-0.013695351550661719,0.07528274752976896
mlp,5,854,0.04819360602557368,0.06350313066063445
mlp,5,855,-0.013129532813526995,0.12113672228046124
mlp,5,856,-0.04906405035924045,0.023711579023252216
mlp,5,857,0.1600977202773147,0.17308866607829607
mlp,5,858,0.042923345913926714,0.08082344781225598
mlp,5,859,-0.0027292337683476886,0.07233981536965284
mlp,5,860,0.1280444422680021,0.15060015182476247
mlp,5,861,-0.041226437847590724,0.0755356892700921
mlp,5,862,0.06922766974318181,0.08838600586613593
mlp,5,863,0.05095919499889198,0.09275214113171576
mlp,5,864,0.08139214116452184,0.1669645336582388
mlp,5,865,0.06876192863975228,0.11003063219129303
mlp,5,866,-0.05311161060671965,-0.045499670898932795
mlp,5,867,-0.05542827297211769,0.02111671947441203
mlp,5,868,0.014847118251132538,0.09895385600992099
mlp,5,869,-0.08621001549445678,0.17896940814452902
mlp,5,870,0.04922717494919873,0.1197445453225727
mlp,5,871,-0.04991549636479991,0.09537108354322027
mlp,5,872,0.06311435050986877,0.06762842833926547
mlp,5,873,0.07385174481223042,0.12788226853776832
mlp,5,874,-0.015529849770800241,0.02783393311856211
mlp,5,875,-0.02983242564103611,0.041711443511071755
mlp,5,876,-0.05204068931803244,0.0035681868399416172
mlp,5,877,0.10469525939076113,0.14044489429925067
mlp,5,878,0.06641022373602296,0.13444758675318008
mlp,5,879,0.003415145706644779,0.07175477625581816
mlp,5,880,-0.010695491772729382,0.07572080640687312
mlp,5,881,-0.119571559966482,0.11887650081595094
mlp,5,882,-0.11785243038956696,0.036743072622622025
mlp,5,883,0.0267112771090994,0.05804081121168167
mlp,5,884,-0.0029932960209239495,0.04906192077890148
mlp,5,885,-0.08444458396758954,0.022501432168196667
mlp,5,886,0.06600057632665868,0.1014141787617305
mlp,5,887,-0.09973638823589821,0.033788775696101864
mlp,5,888,0.03432918432153176,0.10460330664628312
mlp,5,889,0.06367118247459108,0.09679539795457176
mlp,5,890,0.06786277925096668,0.10138711741749115
mlp,5,891,0.10485634172690964,0.10550618976980775
mlp,5,892,-0.0465721372058414,0.04212003277666146
mlp,5,893,-0.0028168679501821975,0.05271090240790971
mlp,5,894,-0.11021396380594209,0.0336041528777819
mlp,5,895,0.0723316012978884,0.15067725257947814
mlp,5,896,-0.07763356097063531,-0.02591356050155369
mlp,5,897,-0.022150846714683384,0.10030494982211133
mlp,5,898,0.034558015157920424,0.07250829066089406
mlp,5,899,-0.021214631383139476,0.009515264148800565
mlp,5,900,0.033665068839877826,0.06387110673873791
mlp,5,901,-0.08022290777546168,0.035135581098532154
mlp,5,902,0.003012224137646499,0.04656182299627881
mlp,5,903,-0.033414485734534705,0.04833910293888463
mlp,5,904,0.0994559094819567,0.12357477658726351
mlp,5,905,-0.05948932670834841,0.012216988238809873
mlp,5,906,-0.005560129150058726,0.07700203366853578
mlp,5,907,-0.032266572629045434,0.08616241039818578
mlp,5,908,0.15150107240149943,0.19063846322113584
mlp,5,909,-0.07860073953401742,0.02744702411748884
mlp,5,910,0.03975896027914419,0.05440795819773214
mlp,5,911,-0.014430686257123945,-0.014430686257123945
mlp,5,912,0.03692788125676075,0.22412327877157764
mlp,5,913,0.007929772903554455,0.05484000402327968
mlp,5,914,-0.026015254806777327,0.09386800347679736
mlp,5,915,-0.05747643446841673,0.07133490556868283
mlp,5,916,-0.04871511605779852,0.01959703441814989
mlp,5,917,0.01638830690932372,0.08468413838632696
mlp,5,918,0.0673062242597032,0.10546010137155509
mlp,5,919,-0.04814226039125706,-0.046500224392964785
mlp,5,920,-0.061249422600741336,0.03414107264677688
mlp,5,921,-0.018687388093048873,0.03729158530159038
mlp,5,922,-0.04304562382499351,0.01734678710080885
mlp,5,923,0.0004786411149192149,0.2723463045950276
mlp,5,924,0.03472146681691721,0.13754278244246135
mlp,5,925,0.006255036826477295,0.16774171526814455
mlp,5,926,-0.1045106554853114,0.042494593505707834
mlp,5,927,-0.08098061094967994,-0.01655806027901234
mlp,5,928,0.02920265049584722,0.036479959839771176
mlp,5,929,0.050161229074960456,0.050161229074960456
mlp,5,930,-0.006539890055925465,0.18710983540782747
mlp,5,931,-0.024214407187135134,0.04431439813905061
mlp,5,932,-0.035212754338440566,0.004318237012721951
mlp,5,933,0.08190327139646464,0.17451642036220336
mlp,5,934,-0.041011926390841544,0.06304465431268103
mlp,5,935,0.05609532067559317,0.19143442349450482
mlp,5,936,-0.017281113428921302,0.03460410495560351
mlp,5,937,0.01571567726883681,0.1765076305104921
mlp,5,938,-0.048563802996261195,0.11581035911729307
mlp,5,939,0.013925953436105573,0.08825298380209484
mlp,5,940,-0.021335820262211466,0.0284725276091915
mlp,5,941,0.026836305920353798,0.0636853576771777
mlp,5,942,-0.05762079999020796,0.06871033447666325
mlp,5,943,0.013072329053144496,0.0716731408970123
mlp,5,944,-0.004638287297923621,0.09476717821348282
mlp,5,945,0.06839458531937867,0.06839458531937867
mlp,5,946,-0.06754104074923056,-0.010386925134306293
mlp,5,947,0.09029722719851763,0.09029722719851763
mlp,5,948,-0.028569207652427236,0.07980799635875702
mlp,5,949,0.021475442372475784,0.07733657014977813
mlp,5,950,-0.005663156385591436,0.14656220981149484
mlp,5,951,0.1170723847390017,0.1712164071163261
mlp,5,952,0.08710191767911579,0.1556673802185601
mlp,5,953,-0.0006220141200120877,0.14642439876737853
mlp,5,954,0.025089990232788184,0.11490559819129109
mlp,5,955,-0.021494724434341833,0.12238135786567172
mlp,5,956,0.047642357843644206,0.1047000247750288
mlp,5,957,-0.04910367264304515,0.053894941015187436
mlp,5,958,0.019127027010014272,0.05877972648688029
mlp,5,959,-0.03972542343009554,0.02089225177982365
mlp,5,960,-0.02908335493742796,-0.009553003454031192
mlp,5,961,-0.07917001232201407,-0.023982024894510845
mlp,5,962,0.044033009466767,0.11315247969978717
mlp,5,963,0.008510088332084345,0.0374695467138762
mlp,5,964,0.029387322051579567,0.07001164730158549
mlp,5,965,-0.117664821583875,0.00011961399301123332
mlp,5,966,0.09073755957061175,0.21685304535707647
mlp,5,967,0.028938299933657985,0.07002040941987989
mlp,5,968,-0.014078355878888171,0.04394363540016247
mlp,5,969,0.1302001580183975,0.16903272760603724
mlp,5,970,0.011702078111366643,0.10521367550103869
mlp,5,971,0.03988627938787384,0.1253547325940102
mlp,5,972,-0.0007243607320260026,0.09520959446666774
mlp,5,973,-0.027508095092510357,0.10589888589091415
mlp,5,974,0.023548639320788767,0.1491357822373666
mlp,5,975,0.0592226392119192,0.1322367579159738
mlp,5,976,0.02297496419368522,0.12974303423918163
mlp,5,977,0.008911982990392572,0.19233067579919225
mlp,5,978,-0.09255196540330388,0.015193685559013376
mlp,5,979,0.11750903428807158,0.13392471446847054
mlp,5,980,-0.04853661987923831,0.020199498931651905
mlp,5,981,-0.08908094505541393,-0.008211287374953066
mlp,5,982,-0.025801948688256554,0.05836869403640288
mlp,5,983,-0.0009573769143810668,0.07953190668157076
mlp,5,984,0.06751801714609254,0.07183005045964572
mlp,5,985,-0.03957669173274697,0.05215401064153158
mlp,5,986,0.04208247271790258,0.04208247271790258
mlp,5,987,0.055873456273068445,0.12968797021450973
mlp,5,988,-0.028607894269259485,0.14515894922148986
mlp,5,989,-0.008819289818582751,0.05439166764102449
mlp,5,990,0.04552324559976295,0.17829403651278045
mlp,5,991,0.025731225572487637,0.10978675219561085
mlp,5,992,-0.009532595379867712,0.0653808299183137
mlp,5,993,-0.01112025319242406,0.062422034058761094
mlp,5,994,-0.0004568273088070285,0.01994731735319885
mlp,5,995,-0.11075969651241258,-0.023727950488836122
mlp,5,996,-0.018000458155150875,-0.018000458155150875
mlp,5,997,0.05857356859405305,0.060124593465727766
mlp,5,998,-0.04330734894540102,0.0007172317798865985
mlp,5,999,-0.03440144484563658,0.0781309809558276
mlp,5,1000,0.016346143818840808,0.16123674483813147
mlp,5,1001,-0.04266396762802987,0.047671613114697226
mlp,5,1002,-0.03698561077749818,0.04649044438005584
mlp,5,1003,-0.19467304099804633,-0.018779665282684266
mlp,5,1004,-0.01294385754404219,0.06514417908596998
mlp,5,1005,-0.0617659693454745,0.11152028981635437
mlp,5,1006,0.007602844891520008,0.1251874216877341
mlp,5,1007,0.001899306469651807,0.081879746903954
mlp,5,1008,-0.1198908116637086,0.12275114077014987
mlp,5,1009,0.030508108787797472,0.10909342222387874
mlp,5,1010,0.00562977233859098,0.11590302526537646
mlp,5,1011,0.06579630472651571,0.10792196464727594
mlp,5,1012,0.0019277588477588647,0.07432843428543884
mlp,5,1013,-0.07046957598734191,0.07881140635831396
mlp,5,1014,0.015938270271066896,0.06859636089057072
mlp,5,1015,0.028593357455936413,0.05792585176765519
mlp,5,1016,0.04305453298191658,0.09522890097822365
mlp,5,1017,-0.03946484925212855,0.16642400748325095
mlp,5,1018,0.037362043299578096,0.1403525095453149
mlp,5,1019,-0.09131578472460658,0.13205722077688203
mlp,5,1020,-0.053477415096361926,0.11964585585747362
mlp,5,1021,-0.06489707211919615,0.007007575304887076
mlp,5,1022,-0.04227560230830502,0.19503968632511012
mlp,5,1023,0.03718718023778558,0.07746203949908786
mlp,5,1024,0.08481648665759436,0.08481648665759436
mlp,5,1025,-0.10664371684769072,0.01781153166669229
mlp,5,1026,0.038578725836452915,0.049333140514629226
mlp,5,1027,0.02140756535785733,0.07055534762994953
mlp,5,1028,0.00502579594220369,0.05559476926494522
mlp,5,1029,0.03848886621994291,0.13441289443732615
mlp,5,1030,0.11545880117403223,0.16056532843309843
mlp,5,1031,-0.015369617008353667,0.05884584103376622
mlp,5,1032,-0.03987415031835838,-0.019193673051733848
mlp,5,1033,0.0006798813933206749,0.0790525753494214
mlp,5,1034,0.004397705704470997,0.027905459716195152
mlp,5,1035,0.056916716990249666,0.13230501918510365
mlp,5,1036,-0.004852868453293524,0.051114451570796665
mlp,5,1037,0.0438627290771198,0.06143067636069807
mlp,5,1038,-0.10596421829014342,0.004733249523270408
mlp,5,1039,0.007425446693328494,0.11467282515753202
mlp,5,1040,0.0622255343760178,0.0622255343760178
mlp,5,1041,0.03863236851201032,0.14702600526698242
mlp,5,1042,-0.011713035958717824,0.0786958660299655
mlp,5,1043,0.08360764472667359,0.1293774159230644
mlp,5,1044,-0.010690859874752073,0.06706662214327747
mlp,5,1045,-0.1464294222958419,0.11766316556104023
mlp,5,1046,0.019449225373584025,0.06776288398154143
mlp,5,1047,-0.1374973816768012,0.004441494976390986
mlp,5,1048,0.04056578632608668,0.05082987384815743
mlp,5,1049,7.556627473707944e-05,0.09301227657454567
mlp,5,1050,0.03545441574317093,0.0799502347280023
mlp,5,1051,-0.010680838681879024,0.05962951285009904
mlp,5,1052,0.03263662584547927,0.08353846581864419
mlp,5,1053,0.07574790606401699,0.11409504837555706
mlp,5,1054,0.04337900533158201,0.05950243062542776
mlp,5,1055,0.09575173006333546,0.14589750837925194
mlp,5,1056,0.023237454644857963,0.05791205995630491
mlp,5,1057,0.16423903278603644,0.1706135670987541
mlp,5,1058,-0.04473407986747401,0.02937886524555164
mlp,5,1059,0.032754623032723584,0.032754623032723584
mlp,5,1060,0.03503508373938821,0.1471264571276526
mlp,5,1061,-0.0036268394711878593,0.05639646457778755
mlp,5,1062,-0.005377417785655217,0.14824313204792441
mlp,5,1063,0.15162342823077515,0.15162342823077515
mlp,5,1064,0.02051661126918665,0.03574366134271098
mlp,5,1065,0.03282394108349504,0.05623476736726993
mlp,5,1066,0.08181367257031494,0.10013293757545227
mlp,5,1067,-0.03419079286117631,0.032906990397289115
mlp,5,1068,-0.060276155909423694,0.08697362805686726
mlp,5,1069,0.05777385805090521,0.06950312994669797
mlp,5,1070,-0.057831446349891236,0.07857356932925702
mlp,5,1071,-0.021617994644420116,0.012442003171614688
mlp,5,1072,0.021200447821363613,0.08406124546306862
mlp,5,1073,0.1110946484911681,0.1265552006128578
mlp,5,1074,0.01677256388331623,0.04694314922640583
mlp,5,1075,0.07939525857412252,0.2550891526150628
mlp,5,1076,-0.1142971497771961,0.17394200664372547
mlp,5,1077,0.05315365131459329,0.08074075810422812
mlp,5,1078,-0.042894457399759105,0.050081966102982295
mlp,5,1079,-0.10808807276807218,0.1391398554602872
mlp,5,1080,0.029196204887182775,0.03483378522926797
mlp,5,1081,-0.04915108328858758,0.02825849033138647
mlp,5,1082,-0.021390311957265998,-0.002108329909529444
mlp,5,1083,-0.04188620071155409,0.08311448251751097
mlp,5,1084,-0.00478542862338395,0.06654392279939395
mlp,5,1085,-0.08402954083609812,0.040790433496326106
mlp,5,1086,0.12221240758681698,0.12221240758681698
mlp,5,1087,0.10343165077820415,0.2158054267887162
mlp,5,1088,-0.052645762450539535,0.14165123205527422
mlp,5,1089,0.020867618698589344,0.024585100202250826
mlp,5,1090,0.04815983908737484,0.07906002101174206
mlp,5,1091,0.045946978822243995,0.12195271539012453
mlp,5,1092,0.044133376777411304,0.20308033796861638
mlp,5,1093,0.04437833584646303,0.2204998109784472
mlp,5,1094,0.05616697298714998,0.11676784151134828
mlp,5,1095,0.029435659299724665,0.05488280255126135
mlp,5,1096,-0.014610684361146709,0.0971279285006609
mlp,5,1097,0.05467936972823645,0.08196562530186996
mlp,5,1098,-0.10380570742486891,0.07259032436774585
mlp,5,1099,-0.04251867919768717,0.04733645000531761
mlp,5,1100,-0.017861626624204763,0.12214179321549187
mlp,5,1101,-0.1598030247939494,0.07128828791976272
mlp,5,1102,-0.06325690351304371,0.07832462705721849
mlp,5,1103,-0.015798141076430683,0.09609503903650493
mlp,5,1104,0.04139081313754442,0.14844997994463574
mlp,5,1105,0.021592009517700184,0.17222584527670856
mlp,5,1106,0.12875893477092645,0.150210249617702
mlp,5,1107,-0.019093045010341717,0.05463786091465658
mlp,5,1108,0.21052519560966151,0.25473413379114396
mlp,5,1109,0.04995590036863942,0.05163816287718645
mlp,5,1110,0.0019840334218168,0.14135995872402715
mlp,5,1111,-0.06213311066074076,0.0208331846431698
mlp,5,1112,-0.1439800855823448,-0.001414881313580113
mlp,5,1113,0.015334323917001833,0.16537214743474846
mlp,5,1114,-0.03179209181687885,0.09166493125442923
mlp,5,1115,0.13300141870344043,0.1617843158741102
mlp,5,1116,0.04129741967100811,0.1314851892264642
mlp,5,1117,-0.019238863018238142,0.014118033998235233
mlp,5,1118,0.09767975419145972,0.1417952056047293
mlp,5,1119,0.01702040160816276,0.13658066996928303
mlp,5,1120,-0.18989873849169675,0.004729183215819915
mlp,5,1121,-0.027772939767050003,0.10719969445293209
mlp,5,1122,0.007434731687144813,0.05621937462241183
mlp,5,1123,0.06897512745358683,0.0743799994745312
mlp,5,1124,0.09021605828676413,0.14211986787541409
mlp,5,1125,-0.11199732995953027,0.087362339898582
mlp,5,1126,0.021143891217950878,0.061246178743332796
mlp,5,1127,0.002479934923700286,0.14002741336578953
mlp,5,1128,-0.08698700557809712,0.07192262994307594
mlp,5,1129,0.04769828827424,0.11571022975494427
mlp,5,1130,-0.05819560654576684,0.10088145492632791
mlp,5,1131,-0.060659562103543486,0.11102226363928164
mlp,5,1132,-0.04172744237586621,0.11606527744712908
mlp,5,1133,0.0780170757004249,0.17188789600243262
mlp,5,1134,0.09768618810564972,0.09768618810564972
mlp,5,1135,-0.015475067389286529,0.028269015557420812
mlp,5,1136,-0.01153638195281928,0.08616841648577839
mlp,5,1137,0.05760191316037963,0.15873936324351076
mlp,5,1138,-0.031810112268110924,0.043356193237155144
mlp,5,1139,-0.0037806806504883106,0.17167805071357942
mlp,5,1140,-0.03646389579253585,0.10696892642811176
mlp,5,1141,-0.08119407939987,0.06704413039270812
mlp,5,1142,0.0028999900762767955,0.11013777600459693
mlp,5,1143,0.015188045149369944,0.11376422865311109
mlp,5,1144,-0.09050563358928898,-0.004380789243464217
mlp,5,1145,0.029887238111133835,0.04702518745189002
mlp,5,1146,0.044060806273130526,0.2224696843452977
mlp,5,1147,-0.02812781207413234,0.10691704350539818
mlp,5,1148,0.017076526468470563,0.09581071983432557
mlp,5,1149,-0.010836347434553584,0.07674086695083149
mlp,5,1150,-0.018690129284295504,0.11606328788031181
mlp,5,1151,-0.05922397994825769,0.03734287991867066
mlp,5,1152,-0.06260829944517099,0.10870706188108242
mlp,5,1153,0.05349633733900075,0.07667351842693956
mlp,5,1154,-0.06237963509312913,0.09844877722014475
mlp,5,1155,0.16172503813776215,0.16172503813776215
mlp,5,1156,0.016538455935024454,0.03268364011643318
mlp,5,1157,0.13334496330305737,0.18162356502926305
mlp,5,1158,-0.023195067976029424,0.02265096562590202
mlp,5,1159,0.10388387858814299,0.13654835094822473
mlp,5,1160,0.06310724787591931,0.11536734561406753
mlp,5,1161,-0.09044635824989997,0.09441073294323502
mlp,5,1162,-0.12402243729027258,-0.03497757578942093
mlp,5,1163,-0.04558687873290701,0.1556682825545426
mlp,5,1164,-0.037856008983197326,0.04961438699099263
mlp,5,1165,0.020688793096092298,0.07426541135486195
mlp,5,1166,-0.12666180999147372,0.025035323031338402
mlp,5,1167,0.015259380762060445,0.05700205567775507
mlp,5,1168,0.04643298821206138,0.13971223458903312
mlp,5,1169,0.04659274662284357,0.05595847953879149
mlp,5,1170,-0.05367735000020199,0.1145358059130816
mlp,5,1171,0.08876758936134843,0.11674655774167134
mlp,5,1172,-0.049824330162691575,0.017731906856404495
mlp,5,1173,-0.0705013755511745,-0.02217636697742892
mlp,5,1174,-0.03983013581104518,0.11096149489089374
mlp,5,1175,-0.048528136934673026,0.08214936897235003
mlp,5,1176,0.06255750707800428,0.08966359242105945
mlp,5,1177,-0.11574862354702044,0.002786998186958503
mlp,5,1178,-0.02459869162617323,0.10449670414088016
mlp,5,1179,0.04306091496525932,0.09579238625963982
mlp,5,1180,-0.0013969124749116796,0.054994894409529066
mlp,5,1181,-0.09814249271079498,0.09734246011202294
mlp,5,1182,0.05058023896526789,0.15596785843128844
mlp,5,1183,-0.08963888684404057,0.020448778545102936
mlp,5,1184,0.017285437449642227,0.03155326110823456
mlp,5,1185,-0.06112271515415137,0.057560300113035756
mlp,5,1186,0.0007273190225690618,0.10741308517536971
mlp,5,1187,0.02374622101531812,0.16105015246254176
mlp,5,1188,-0.04206262020864947,0.010798906399961422
mlp,5,1189,0.0817158921427962,0.12376562589024484
mlp,5,1190,0.02862337347307617,0.07898561508222576
mlp,5,1191,-0.01150861741774277,0.03229867236530734
mlp,5,1192,0.013138496680355438,0.06354763097330293
mlp,5,1193,-0.0977350012138888,0.03461078822505381
mlp,5,1194,0.011645088028527331,0.08223015863860103
mlp,5,1195,-0.026610306969282016,0.07317443838148951
mlp,5,1196,0.057830036857706546,0.20428324106941462
mlp,5,1197,0.00015738287294990438,0.00681882484525588
mlp,5,1198,0.008014742117543758,0.03993323536711274
mlp,5,1199,0.006240584567396429,0.12686777335747643
mlp,5,1200,-0.0807782304225157,0.036269974097446145
mlp,5,1201,0.037180298658733346,0.11100474915647182
mlp,5,1202,-0.03714325329394316,0.006162962276105591
mlp,5,1203,0.021121582240018977,0.12378832940366175
mlp,5,1204,-0.12395072340059496,0.0413641955250266
mlp,5,1205,0.05944148850524891,0.11106679552944806
mlp,5,1206,-0.07932954897926804,0.03925060242134912
mlp,5,1207,0.014679408655340648,0.06598724299267664
mlp,5,1208,0.040178107510332906,0.05123770786185844
mlp,5,1209,-0.10594917757539708,0.03238327160680218
mlp,5,1210,-0.02941862243006331,0.16912739265424606
mlp,5,1211,0.0376695235218244,0.07805308255850271
mlp,5,1212,-0.08871221726024503,0.01417442730038504
mlp,5,1213,0.01859093988973344,0.060572509556705456
mlp,5,1214,0.03527598985917377,0.03527598985917377
mlp,5,1215,-0.11341984557448773,0.03642033858634541
mlp,5,1216,0.031185690259279947,0.04055335842100105
mlp,5,1217,0.027860808748744248,0.15009884857598368
mlp,5,1218,-0.006946377124323458,0.013792302619019925
mlp,5,1219,-0.02527464932307806,0.041954324140470456
mlp,5,1220,-0.026599654083604637,0.1979112294171486
mlp,5,1221,0.013971387143877467,0.14008052697805048
mlp,5,1222,0.07623087000622461,0.08754632855458805
mlp,5,1223,0.07743051681106955,0.08275701075375178
mlp,5,1224,0.0771104021364851,0.10716289039776619
mlp,5,1225,0.06528621328257286,0.08596906063938364
mlp,5,1226,-0.08938753894670473,-0.00046433603299680937
mlp,5,1227,-0.05826082977721187,0.0075555062317335525
mlp,5,1228,-0.03023424985009525,0.14155800318656295
mlp,5,1229,-0.04062889479466247,0.0915646967548171
mlp,5,1230,-0.09531485186120617,0.1368819714216821
mlp,5,1231,-0.018422812681186604,-0.005070783560144232
mlp,5,1232,-0.12655226185686547,0.035251250726710565
mlp,5,1233,-0.06742908256229595,0.062037749756511135
mlp,5,1234,-0.18163908416067612,0.07238169195837243
mlp,5,1235,0.0018523235787807624,0.011172689129693686
mlp,5,1236,0.04329189105943196,0.0926115208824973
mlp,5,1237,-0.03389516167854159,0.07371803935437679
mlp,5,1238,0.000262510351785733,0.17885988500807967
mlp,5,1239,0.01427746295727833,0.14332757718522787
mlp,5,1240,-0.0576212278524657,0.0444341825793719
mlp,5,1241,0.08960763254750023,0.08960763254750023
mlp,5,1242,0.10370205016342177,0.13636658786986064
mlp,5,1243,0.005759739491262156,0.06134392643402975
mlp,5,1244,0.06454441899581811,0.07862480040231914
mlp,5,1245,0.03570169530524389,0.13912340088275835
mlp,5,1246,-0.0963371378604812,0.07535995897140274
mlp,5,1247,0.013183431498679787,0.03566696823181495
mlp,5,1248,-0.07996930755665405,0.13596756957260814
mlp,5,1249,0.057728847384329735,0.09879685941906416
mlp,5,1250,0.07473379084871759,0.07473379084871759
mlp,5,1251,0.047650082751568595,0.15518126770334276
mlp,5,1252,-0.10126832993876736,0.03329069294132972
mlp,5,1253,-0.04293245672184038,0.07529703686471947
mlp,5,1254,0.09998224206178785,0.1554762342946611
mlp,5,1255,-0.08788947451346862,0.15810580805605953
mlp,5,1256,-0.003035181621726904,0.1834397530962296
mlp,5,1257,0.009523472579465314,0.07161517415193705
mlp,5,1258,-0.014499172727226464,0.0362598190450997
mlp,5,1259,0.07344794121655504,0.09723263626255968
mlp,5,1260,-0.01652480711280771,0.09055481891830666
mlp,5,1261,0.025187158998751402,0.16097434635585708
mlp,5,1262,-0.036470940158685114,-0.0009789515902685203
mlp,5,1263,0.0158330250348504,0.04111701481571384
mlp,5,1264,-0.035443092812488364,0.08865107956643345
mlp,5,1265,0.029336191084249924,0.039588148581862964
mlp,5,1266,-0.08733212875501878,0.05760186180141219
mlp,5,1267,-0.01820801340084051,0.07013536657565153
mlp,5,1268,-0.1020336616717549,0.04889408698168532
mlp,5,1269,0.07866724605014258,0.12094111604181362
mlp,5,1270,0.04218978457221864,0.172117537492992
mlp,5,1271,-0.03851470720191315,0.11663906558415699
mlp,5,1272,-0.030775940718434994,0.019121482235774145
mlp,5,1273,-0.11328683236613482,0.024530266972293102
mlp,5,1274,0.03782442650106016,0.121530798818418
mlp,5,1275,0.0028468213173011014,0.08888664081714603
mlp,5,1276,0.08926994859248674,0.08926994859248674
mlp,5,1277,-0.054960887999576116,0.07650887492760883
mlp,5,1278,0.07770392501080423,0.18024996929725115
mlp,5,1279,0.12129724520599261,0.17714355045730643
mlp,5,1280,0.04342287982044088,0.09508629070356331
mlp,5,1281,0.01586283921315325,0.09329553090417633
mlp,5,1282,0.019389499420831596,0.10431888688497121
mlp,5,1283,-0.03218160875506726,0.10356276566689837
mlp,5,1284,0.02778827898918812,0.18279100012205265
mlp,5,1285,0.09110577468903361,0.09110577468903361
mlp,5,1286,-0.06352253801620056,-0.023573158502686015
mlp,5,1287,0.02461006531019222,0.0908533623103874
mlp,5,1288,-0.06229738229112837,0.271196538027215
mlp,5,1289,0.007734011413409042,0.12264864781841611
mlp,5,1290,0.1171059625625002,0.1568048170613259
mlp,5,1291,0.016223412861419484,0.043982635762436134
mlp,5,1292,-0.10521298720998412,0.05055869607404925
mlp,5,1293,-0.07272597508580629,0.018862022435840606
mlp,5,1294,-0.06476085759702302,0.09131991363066957
mlp,5,1295,0.029931628651530484,0.09739490741547696
mlp,5,1296,0.0939835733189072,0.12899510775270126
mlp,5,1297,-0.00010555744019162538,0.06475401424907909
mlp,5,1298,-0.04607915540767614,0.00877434237165943
mlp,5,1299,0.08925171752139169,0.15940614556166363
mlp,5,1300,0.0176517617941266,0.04465310193153149
mlp,5,1301,-0.03971619203470633,0.14492281286531583
mlp,5,1302,-0.11261772354637334,0.01761080526501091
mlp,5,1303,-0.055369629469647255,0.05304830962312537
mlp,5,1304,-0.10042954723265435,0.12376690201896742
mlp,5,1305,0.026012211953673703,0.0827890245773994
mlp,5,1306,-0.049298643338909647,0.13872668744427294
mlp,5,1307,-0.012106210272766815,0.0888349862934027
mlp,5,1308,0.04156815788716883,0.16652938270611004
mlp,5,1309,0.019082797190816944,0.10163287995564657
mlp,5,1310,0.040618280891866254,0.040618280891866254
mlp,5,1311,-0.004400561604085709,0.053014489127131775
mlp,5,1312,-0.05933571337324912,0.10550435922025264
mlp,5,1313,0.07863272600678883,0.10998504872409895
mlp,5,1314,0.19362668076274006,0.22991130887145847
mlp,5,1315,0.05059161270457954,0.13107859301689714
mlp,5,1316,-0.02200632272995548,-0.003018073978180061
mlp,5,1317,-0.01641401192941412,0.1389557583428164
mlp,5,1318,-0.09537444407490901,-0.030052117035920423
mlp,5,1319,0.05453272507879689,0.062284645787155035
mlp,5,1320,-0.023792746894494662,0.11932130231733004
mlp,5,1321,-0.07874270963659431,0.14524163290453274
mlp,5,1322,0.023231071015769128,0.029177988737659838
mlp,5,1323,0.003956666990192967,0.037423386077877485
mlp,5,1324,-0.05779591369680947,0.17382835024600604
mlp,5,1325,0.021571490387984657,0.12693172427582594
mlp,5,1326,-0.16824754628122857,-0.008404754948721116
mlp,5,1327,-0.03037345405083501,0.1527909825528546
mlp,5,1328,0.03663659883531023,0.14992126287249327
mlp,5,1329,0.06228048433251207,0.06713833177243766
mlp,5,1330,0.001332467469496501,0.04070444304689008
mlp,5,1331,0.009680168437769615,0.07221165448052591
mlp,5,1332,-0.011400931535584302,0.09131451557122552
mlp,5,1333,0.0334609411313051,0.21352871931902698
mlp,5,1334,0.018016350142307874,0.25892625427440985
mlp,5,1335,0.017257526093710313,0.26598022750531847
mlp,5,1336,0.03562743013556313,0.05307761722496804
mlp,5,1337,0.004718964118735042,0.13400229941370784
mlp,5,1338,-0.037222530170114274,0.08476069013578774
mlp,5,1339,-0.07102226328499021,0.03376414729444277
mlp,5,1340,0.028812593991170782,0.028812593991170782
mlp,5,1341,-0.005809711991182034,0.06506155623952461
mlp,5,1342,0.10073035387337531,0.12276471303186395
mlp,5,1343,-0.06114206697112542,0.043161424777063084
mlp,5,1344,0.04262034166937917,0.12144784962225216
mlp,5,1345,-0.062159076195417814,0.07108314201633509
mlp,5,1346,0.09914854706610135,0.1172923000420869
mlp,5,1347,-0.04041473733348616,-0.026561533318542677
mlp,5,1348,0.023666956819378193,0.10158873819981384
mlp,5,1349,-0.07998917467526526,-0.0043661220234083725
mlp,5,1350,-0.06588930217286262,0.020361750927943678
mlp,5,1351,-0.020417805241212172,0.1988312915187778
mlp,5,1352,0.04921301548617346,0.09072067790647728
mlp,5,1353,0.042388908163389916,0.12742445953225198
mlp,5,1354,-0.01599648092823469,0.03445220808148991
mlp,5,1355,-0.03971398666440287,0.013614925005079173
mlp,5,1356,0.09308530819810368,0.24214832001355893
mlp,5,1357,-0.03974273340367401,-0.02856032479639617
mlp,5,1358,0.006993286413407629,0.12222819148490896
mlp,5,1359,0.05804687958518703,0.11743717052532524
mlp,5,1360,0.025675507237395062,0.12588878064597595
mlp,5,1361,0.20873545461628581,0.20873545461628581
mlp,5,1362,0.04335718974653832,0.11030172982165168
mlp,5,1363,-0.07123121522626692,0.024383066708829976
mlp,5,1364,-0.09723424944284054,-0.0015755169143428782
mlp,5,1365,-0.004525801560546869,0.03463332417103701
mlp,5,1366,0.052331666713537395,0.07476854181361442
mlp,5,1367,-0.04448128455553763,0.08433225618809545
mlp,5,1368,0.03574252683470827,0.09715603743473791
mlp,5,1369,0.04183993209586154,0.06516253676011394
mlp,5,1370,0.006027653042513459,0.027466648979567992
mlp,5,1371,0.00805099746700609,0.07339734005788351
mlp,5,1372,-0.07399243541982375,-0.028129828139431864
mlp,5,1373,-0.07507985283835387,0.09876634353038258
mlp,5,1374,0.05553318224237,0.16420688527915786
mlp,5,1375,-0.08950641684829272,0.0914235701390319
mlp,5,1376,-0.07636801062460705,0.05207638760973793
mlp,5,1377,0.028744446100461174,0.14845040693934466
mlp,5,1378,0.06943050122186759,0.10690094251010679
mlp,5,1379,0.050915152431480565,0.050915152431480565
mlp,5,1380,0.08162918963196222,0.10188299761704434
mlp,5,1381,0.03585299427805724,0.101571060759058
mlp,5,1382,0.11003683452553323,0.20239556236693193
mlp,5,1383,0.05151283573745205,0.08185315871980975
mlp,5,1384,-0.05046074389072532,0.10617071231251235
mlp,5,1385,-0.028758921712775415,0.04932237347053681
mlp,5,1386,-0.015291328193432041,0.050340500064027044
mlp,5,1387,-0.020408197902622577,0.06548219922601631
mlp,5,1388,0.13592905344367967,0.24603662149275238
mlp,5,1389,0.0037567117995824517,0.07631048556513514
mlp,5,1390,0.08833362931114705,0.15823606747670474
mlp,5,1391,0.02066204726559845,0.07930460121425853
mlp,5,1392,-0.030107805332108786,0.09691537268783756
mlp,5,1393,0.013046429330138914,0.05374590160309817
mlp,5,1394,0.08872734441094926,0.13740195871721503
mlp,5,1395,-0.04444984977985041,0.07947119496944322
mlp,5,1396,0.06648426292651399,0.08258789655243831
mlp,5,1397,0.13898750074448632,0.17781833818831647
mlp,5,1398,0.011353326203673422,0.06305595443502379
mlp,5,1399,-0.05496258699401775,0.006948473329417573
mlp,5,1400,-0.029968723426893162,-0.00043401882486890364
mlp,5,1401,-0.02100239866865998,-0.006936931184879855
mlp,5,1402,-0.003115104733499907,0.06575166307322855
mlp,5,1403,0.009599535652913646,0.18508631917667487
mlp,5,1404,0.003980348341434403,0.2418667037168529
mlp,5,1405,0.027144560426252934,0.12863973396990985
mlp,5,1406,-0.0627560226753533,0.12042468909223286
mlp,5,1407,0.13079886074930458,0.13079886074930458
mlp,5,1408,-0.0007882101241650091,0.04688806668682752
mlp,5,1409,0.04408624479272716,0.04799434415958237
mlp,5,1410,0.06976340092372599,0.1655507583825829
mlp,5,1411,-0.029514003695038565,0.06348020364991999
mlp,5,1412,0.016760154894207305,0.13874386858872867
mlp,5,1413,0.0403357373849339,0.09886857625094495
mlp,5,1414,0.07441790070808207,0.11938008947930304
mlp,5,1415,0.018012376113787545,0.09663079982920286
mlp,5,1416,0.041842074330034174,0.07226729362812617
mlp,5,1417,-0.06648044333065606,0.09171614001839706
mlp,5,1418,0.01509797788412981,0.07453608122672781
mlp,5,1419,-0.12421257714278011,0.031744065481139616
mlp,5,1420,-0.052103578782285324,0.09071967025121538
mlp,5,1421,-0.028232048631636544,0.04202248838257383
mlp,5,1422,-0.07209270957312136,0.09463167732805516
mlp,5,1423,0.0599544793744953,0.1600351208220148
mlp,5,1424,-0.00279217480821628,0.1483174723063547
mlp,5,1425,0.11386416618888542,0.24261540861280498
mlp,5,1426,0.03631434366978509,0.12241027219260875
mlp,5,1427,-0.07454425535762066,0.07341865568051997
mlp,5,1428,0.017586944299186433,0.12786722833442593
mlp,5,1429,0.011368523444841835,0.15450923590326912
mlp,5,1430,-0.020902508474119563,0.10205142293702038
mlp,5,1431,0.02723418944766065,0.1186431231287371
mlp,5,1432,0.05587916534481341,0.0836952151164852
mlp,5,1433,0.06155714656399583,0.15421649662280315
mlp,5,1434,-0.07223684944825606,0.07788680197725983
mlp,5,1435,-0.09353854442079894,0.04673114155569147
mlp,5,1436,-0.05951025022834738,0.05358652995234675
mlp,5,1437,-0.010534286418801178,0.11002751735081753
mlp,5,1438,0.033622325713900364,0.04508090814861637
mlp,5,1439,-0.04791244459845226,0.0057111431452828015
mlp,5,1440,-0.010111658465729673,0.2488740411798435
mlp,5,1441,0.06307758681611986,0.06307758681611986
mlp,5,1442,-0.09461537575131815,0.1722925344788346
mlp,5,1443,0.07728063305270558,0.16525972520191282
mlp,5,1444,0.10258720497183224,0.10258720497183224
mlp,5,1445,-0.01077305296074603,0.07534445229972142
mlp,5,1446,-0.03406035434198182,0.09031190878498874
mlp,5,1447,-0.16710867232740884,0.05885964529332702
mlp,5,1448,0.033548934925525215,0.09733902327713714
mlp,5,1449,-0.06995328600741393,0.040936043382140186
mlp,5,1450,-0.020495726499049807,0.09658657439395821
mlp,5,1451,0.10877157439465526,0.15154013315906015
mlp,5,1452,0.026291222771115452,0.04264946113043408
mlp,5,1453,0.08631044316460854,0.10606868408573733
mlp,5,1454,0.09728885389971517,0.1236982812053723
mlp,5,1455,0.07804598561114637,0.08665656246057449
mlp,5,1456,-0.0712297162731447,0.07405250630373023
mlp,5,1457,-0.02855208638777909,0.02825857929814199
mlp,5,1458,0.05782004439508212,0.06755260873714142
mlp,5,1459,0.04486246807794064,0.1062851288331911
mlp,5,1460,-0.05003162613633067,0.04184744419000949
mlp,5,1461,-0.04248248963942106,0.03228180099900141
mlp,5,1462,-0.04749424813035479,0.09297179797807187
mlp,5,1463,0.12650326918049468,0.18768081624129448
mlp,5,1464,0.0183700007262331,0.02231894120944719
mlp,5,1465,0.034608192843032654,0.11005841483397097
mlp,5,1466,0.01775731702436187,0.11528421601579761
mlp,5,1467,-0.019769774918287533,0.06736533905242995
mlp,5,1468,0.05627861704584117,0.1144192756244565
mlp,5,1469,0.033536375921098344,0.033536375921098344
mlp,5,1470,-0.063523204048624,-0.02267534828788767
mlp,5,1471,-0.009044388783684881,0.029748302477350885
mlp,5,1472,0.014064171984942739,0.06025312908453401
mlp,5,1473,0.015960771212940372,0.09474044410159052
mlp,5,1474,-0.04870575731807204,0.033242959209244166
mlp,5,1475,-0.008865230830507942,0.07254920707371884
mlp,5,1476,-0.016305097443285496,0.0748334622891387
mlp,5,1477,0.03831825040874587,0.082587252318707
mlp,5,1478,0.00742677421539889,0.0905233355440492
mlp,5,1479,-0.019764441923624393,0.06571739894280362
mlp,5,1480,0.03461956013863676,0.05146672161054125
mlp,5,1481,0.11468242734122483,0.11468242734122483
mlp,5,1482,-0.09647763236904627,-0.05903035808775015
mlp,5,1483,-0.01885043529880323,0.062078361535784166
mlp,5,1484,0.07514484753412698,0.11441513574089682
mlp,5,1485,-0.07118560255754124,0.08825999200766288
mlp,5,1486,-0.033739133227709564,0.029093146378775442
mlp,5,1487,-0.03718167902687394,0.02795378335831175
mlp,5,1488,0.04370713795989653,0.07293739095772622
mlp,5,1489,0.03965339003122417,0.03965339003122417
mlp,5,1490,-0.018096439172152395,0.060669943551569655
mlp,5,1491,0.045980805633735605,0.12509763385345732
mlp,5,1492,0.04219591699048944,0.14541349584448957
mlp,5,1493,0.023708399130820706,0.18950543440476578
mlp,5,1494,-0.09546058173054615,0.017941708159417938
mlp,5,1495,-0.022611165252317114,0.08016923445618046
mlp,5,1496,0.01241263934664566,0.059273506027121836
mlp,5,1497,0.08633928874796815,0.2092223299065005
mlp,5,1498,-0.005224470988467053,0.04072792941317335
mlp,5,1499,0.08676885739824144,0.17629770659495267
mlp,5,1500,-0.16058313620792988,0.0913362837124557
mlp,5,1501,0.06862410803806104,0.10282205332185568
mlp,5,1502,-0.03008638265367644,0.018247152783885154
mlp,5,1503,0.1183993649531124,0.16593443822673296
mlp,5,1504,0.033969358977016334,0.09363095841762525
mlp,5,1505,0.053844240518559794,0.07517867299050848
mlp,5,1506,-0.1428984635940162,0.031691656102824484
mlp,5,1507,-0.06840636651438886,0.057569992637827555
mlp,5,1508,0.04687643377678302,0.047025987638945194
mlp,5,1509,-0.037469963223242975,0.07971328100179986
mlp,5,1510,-0.01737447822416352,0.09222000857645626
mlp,5,1511,-0.005513876982817828,0.09527803336023707
mlp,5,1512,-0.02415819611273784,0.03458427547850171
mlp,5,1513,-0.02992081247179755,0.13783455256519084
mlp,5,1514,-0.030361595396922195,0.06051772768258046
mlp,5,1515,-0.004166025007943747,-0.004166025007943747
mlp,5,1516,-0.055451238754047665,0.12069044173012344
mlp,5,1517,-0.11057625224861492,0.08772806934021435
mlp,5,1518,0.015289575460408752,0.1422911406531182
mlp,5,1519,0.04285264589405832,0.04578652521252294
mlp,5,1520,0.06619354702731045,0.1422388817079532
mlp,5,1521,-0.13025364723411956,0.05537913392129459
mlp,5,1522,0.049115528792956525,0.07860312161950617
mlp,5,1523,0.04735514268992924,0.10135987961903864
mlp,5,1524,-0.03628928822822243,0.05862707410467005
mlp,5,1525,0.0784974636410242,0.0960639087294034
mlp,5,1526,-0.009239232977488465,0.023731864353014664
mlp,5,1527,-0.06308707311168335,0.12025635602820636
mlp,5,1528,-0.016240959939839525,0.031870351627004245
mlp,5,1529,0.0747258819663871,0.11940384166358786
mlp,5,1530,-0.034589234126599575,0.09727146539855225
mlp,5,1531,-0.00767820396699026,0.050423866005651574
mlp,5,1532,0.008504007905372701,0.1386493204496302
mlp,5,1533,-0.11444345547074893,0.07930614216044155
mlp,5,1534,-0.02897232413620654,0.10696580881554807
mlp,5,1535,0.10083338965546593,0.22434537021229775
mlp,5,1536,-0.007674135000301549,0.014419454075319638
mlp,5,1537,0.0476919783655112,0.10441448886696217
mlp,5,1538,0.02567261644022739,0.08088840651473475
mlp,5,1539,-0.06698260595840533,0.041146891892964416
mlp,5,1540,0.059198698020178686,0.11527194803908855
mlp,5,1541,0.005403809323741016,0.019137592523136016
mlp,5,1542,0.04764267417067136,0.10043196853835026
mlp,5,1543,0.02573740610853889,0.07220884229445074
mlp,5,1544,-0.003958503468039776,0.08373308419748102
mlp,5,1545,-0.03752175664408726,0.0324055366057949
mlp,5,1546,0.10457512718642939,0.10563356241248437
mlp,5,1547,-0.028160857425073238,0.07298631783112514
mlp,5,1548,-0.08856122342536674,0.0806809509617076
mlp,5,1549,0.0765415073313657,0.09550711063447873
mlp,5,1550,0.04777902049629751,0.04777902049629751
mlp,5,1551,-0.09480800806881184,-0.036172889088237625
mlp,5,1552,-0.07059438104074031,0.22677017941419877
mlp,5,1553,-0.0682349303023668,0.039164023205207954
mlp,5,1554,-0.06988156428103875,0.06269298328251288
mlp,5,1555,0.09126795754845565,0.21086320547634027
mlp,5,1556,0.007051775567360488,0.06271438120122688
mlp,5,1557,-0.03401851493626644,0.0020307617327652155
mlp,5,1558,-0.0440899163876955,0.04317962722937502
mlp,5,1559,-0.08767255586032796,0.12382127922304922
mlp,5,1560,-0.08462536268157292,0.1024689747781092
mlp,5,1561,0.0548852668757599,0.07113086973170915
mlp,5,1562,-0.15159787543367703,0.09077516688506912
mlp,5,1563,-0.0665158515393508,0.10623803629260956
mlp,5,1564,-0.011755344634997403,0.02086516760539861
mlp,5,1565,0.16303866868870212,0.20262283367417308
mlp,5,1566,0.09445651939653746,0.1016173375176243
mlp,5,1567,0.14578237158980534,0.16179479502335317
mlp,5,1568,-0.02502483035621053,0.04853366461365871
mlp,5,1569,0.03995859704677662,0.0736381792300386
mlp,5,1570,0.05151718767349103,0.14374691611452955
mlp,5,1571,0.1418335930845319,0.1418335930845319
mlp,5,1572,0.06490563213079129,0.11473670233581126
mlp,5,1573,0.16564680830705578,0.20128477118590685
mlp,5,1574,0.07927672102990382,0.1386471437275494
mlp,5,1575,-0.030454456376323158,0.06254319991877261
mlp,5,1576,0.010508302390002222,0.09727651170549681
mlp,5,1577,0.0868220051070395,0.17949076727073157
mlp,5,1578,-0.023836751475902085,0.013802401308488463
mlp,5,1579,0.009065852947733252,0.02919624376657834
mlp,5,1580,-0.06401861953717339,0.042617854324936505
mlp,5,1581,-0.027490929868564926,0.0035519740766946084
mlp,5,1582,0.03505315042647275,0.14783638547943664
mlp,5,1583,-0.01047336116419792,0.10692662069913361
mlp,5,1584,0.06523872717879595,0.06523872717879595
mlp,5,1585,0.039197562195283614,0.08142009812881709
mlp,5,1586,-0.05610735317589199,0.015529206915445765
mlp,5,1587,0.020163984997974713,0.04922311974608232
mlp,5,1588,-0.06409795302651333,-0.0021136846990917196
mlp,5,1589,-0.005669654578368807,0.09535468740264688
mlp,5,1590,-0.05398955140964024,0.053400602430935085
mlp,5,1591,0.038862282589816666,0.1491984807717278
mlp,5,1592,-0.03205397834699371,0.09413374115668272
mlp,5,1593,0.0015979280181023098,0.0778983220465658
mlp,5,1594,-0.09672046732022573,0.10349265182466708
mlp,5,1595,0.07319257414091423,0.09507490475183206
mlp,5,1596,-0.10779069609579409,0.018403970326192218
mlp,5,1597,0.023731116731851243,0.06704727837326258
mlp,5,1598,-0.07254780510045594,-0.008549097626820198
mlp,5,1599,-0.08080514391437313,0.013773892644223198
mlp,5,1600,-0.09296962024900586,0.06255129845366383
mlp,5,1601,0.06981246301975352,0.10365797418970377
mlp,5,1602,0.011313816188886688,0.0482746477693039
mlp,5,1603,-0.005063874617435238,0.24314114065286221
mlp,5,1604,0.008414039499456238,0.10671134278813682
mlp,5,1605,0.03965026286955012,0.09939884112264913
mlp,5,1606,0.01758613762694021,0.06972079614965992
mlp,5,1607,0.12789185989173904,0.12789185989173904
mlp,5,1608,0.08050693939733278,0.22722312158408056
mlp,5,1609,0.016195060948710455,0.09345730866121066
mlp,5,1610,-0.0017210140841554256,0.11956821841276558
mlp,5,1611,-0.031962886178668395,0.004776833250954418
mlp,5,1612,-0.1028677795912135,0.05237099872169365
mlp,5,1613,-0.018508496772159377,0.05311652112283985
mlp,5,1614,-0.053204496295363085,0.017995308254240755
mlp,5,1615,0.0741756231761225,0.26757827204205364
mlp,5,1616,-0.05628857738011576,0.13470745200782897
mlp,5,1617,-0.031127822241014083,0.11896585673566931
mlp,5,1618,0.04528732652142389,0.12099162830436733
mlp,5,1619,0.06135725850346113,0.11040490003982337
mlp,5,1620,0.0001828641402669834,0.0170409062790962
mlp,5,1621,0.04770201735634175,0.16146106843264288
mlp,5,1622,-0.05633312602098146,0.10945070704759885
mlp,5,1623,0.029735080082949006,0.12949813172604813
mlp,5,1624,0.0074108039436383,0.10752674191987432
mlp,5,1625,-0.17952657627175744,0.0724205085915923
mlp,5,1626,0.039586894490380165,0.06932956139123786
mlp,5,1627,0.009583220564854097,0.14176442182097687
mlp,5,1628,0.0034796181728274367,0.060696721107846824
mlp,5,1629,-0.07176093143489136,0.11528952170242501
mlp,5,1630,0.012351704423542234,0.10194925124253046
mlp,5,1631,0.026277868172194158,0.10708436418764228
mlp,5,1632,0.07290974047994822,0.08589724289166392
mlp,5,1633,0.09790115266221486,0.14368344688794357
mlp,5,1634,-0.09084577667016817,-0.011453521890159163
mlp,5,1635,0.09139861057218601,0.23494971355982022
mlp,5,1636,-0.12554466211267604,0.036187394620423446
mlp,5,1637,-0.0890323512083578,0.0731736922255026
mlp,5,1638,0.00935288847643348,0.1337322591451625
mlp,5,1639,0.012136011537624405,0.06923977840093637
mlp,5,1640,0.0402072887004086,0.16321310604328368
mlp,5,1641,0.013313276740374413,0.05708259889714862
mlp,5,1642,0.03313542721287477,0.07787032218427739
mlp,5,1643,0.008078625194921113,0.14476772913720665
mlp,5,1644,0.06509120966768717,0.11035270119013108
mlp,5,1645,-0.07234530714375204,0.06089985980823409
mlp,5,1646,0.01954725168312793,0.06317196318941723
mlp,5,1647,-0.04363340697519796,0.07414217340746362
mlp,5,1648,0.00820953281191919,0.09537073153883327
mlp,5,1649,-0.015158948951021406,0.047380342470203285
mlp,5,1650,-0.10483268994118806,0.03712645164806233
mlp,5,1651,0.07620483080952661,0.07620483080952661
mlp,5,1652,0.06702297434004362,0.10299968433496162
mlp,5,1653,0.05872469254424284,0.05872469254424284
mlp,5,1654,-0.0076739870509370395,0.133436382565933
mlp,5,1655,-0.07623481995838813,0.03791340933696033
mlp,5,1656,-0.061993238355148625,0.20366142810565466
mlp,5,1657,-0.1821393773524997,-0.0472997134323975
mlp,5,1658,-0.008797130590799257,0.10269041036892218
mlp,5,1659,0.08184351864417835,0.09976305149672937
mlp,5,1660,-0.025201269112319027,0.02854367562737206
mlp,5,1661,-0.009436165224743512,0.09523772080894763
mlp,5,1662,0.06968295730445939,0.16328251038463917
mlp,5,1663,0.021288836857091195,0.11265381491075449
mlp,5,1664,0.08567368246895102,0.1698340980779888
mlp,5,1665,0.02099498441950981,0.07073175933706446
mlp,5,1666,0.11127526206047103,0.15963083392606067
mlp,5,1667,0.06725886008690382,0.06725886008690382
mlp,5,1668,0.03506767100546429,0.07122262289301601
mlp,5,1669,0.04395813524781467,0.12417534422142723
mlp,5,1670,-0.038077215142211046,0.04487879285668342
mlp,5,1671,0.05239649188047055,0.14170347824994553
mlp,5,1672,-0.07497530489967356,-0.0007586874544860817
mlp,5,1673,-0.11256220022955744,0.08223887351645853
mlp,5,1674,0.13988582883292638,0.1625736859819035
mlp,5,1675,0.02413940734349934,0.044892989497881924
mlp,5,1676,-0.04116775852223434,0.14900812013495637
mlp,5,1677,-0.07301871062300762,0.05155327446991409
mlp,5,1678,0.045531114192786326,0.13763250533960772
mlp,5,1679,-0.006856173723099476,0.08188033757321697
mlp,5,1680,0.026970410481842233,0.13704151066569914
mlp,5,1681,0.017630700612855918,0.11834747046420346
mlp,5,1682,0.04293415375754869,0.11825085235014687
mlp,5,1683,-0.030247055418177085,0.024533240616043506
mlp,5,1684,-0.015811226683327795,0.08080493713051606
mlp,5,1685,0.026350382808100786,0.03373506843698171
mlp,5,1686,-0.0037706480281434196,0.08666863844622613
mlp,5,1687,0.05746079435174961,0.1905402314526232
mlp,5,1688,0.004422693117005452,0.05141801377510219
mlp,5,1689,-0.0588064841223397,0.06874005431770819
mlp,5,1690,-0.11388673892553644,0.07398123592320294
mlp,5,1691,-0.06079246167411066,-0.0022322823249749657
mlp,5,1692,0.034520230610109365,0.034520230610109365
mlp,5,1693,-0.05002115579934424,0.14594694698444913
mlp,5,1694,0.03636715530903037,0.06103958820249003
mlp,5,1695,0.01792727809453841,0.10650064791716102
mlp,5,1696,0.021302546657151034,0.07394661810037742
mlp,5,1697,0.016796648316676238,0.11243168290519501
mlp,5,1698,-0.00023480074313461663,0.14277879779275765
mlp,5,1699,0.14019640981558593,0.18819555011945002
mlp,5,1700,-0.022426421354847542,0.11988840398487702
mlp,5,1701,0.0364045115500744,0.16984526988694074
mlp,5,1702,-0.09611922839194709,0.10320716150605264
mlp,5,1703,0.017207270933539548,0.07275088002451732
mlp,5,1704,0.0056743707015494554,0.09971710991430316
mlp,5,1705,-0.0750289551883982,0.040543577179711354
mlp,5,1706,0.10184138479999572,0.10850635925733873
mlp,5,1707,-0.07251014092406974,0.14787257841319937
mlp,5,1708,0.0015087156806613128,0.049298821263622644
mlp,5,1709,-0.0888840082689553,0.20813456223415197
mlp,5,1710,-0.08931085264781248,0.029611946998347544
mlp,5,1711,0.039819873220766855,0.14482151713086894
mlp,5,1712,0.08990119505886607,0.125704261339394
mlp,5,1713,0.06735483191458552,0.11944058396635732
mlp,5,1714,0.06929180840023233,0.17672310673458655
mlp,5,1715,0.0008078053940219071,0.12155040286252833
mlp,5,1716,0.040129347635804447,0.05162201445012288
mlp,5,1717,-0.0018903904743739902,0.03233170532499871
mlp,5,1718,-0.03900785247934009,0.17883172426505187
mlp,5,1719,-0.022885203050215797,0.09349282569018738
mlp,5,1720,0.010502033760230192,0.09230265061182469
mlp,5,1721,0.1143916740522192,0.25577124988679745
mlp,5,1722,-0.11919600836442171,0.08770445247764502
mlp,5,1723,0.10496706931404545,0.11715880854379929
mlp,5,1724,-0.056718795285452095,0.025750637187949676
mlp,5,1725,0.08407842903623994,0.14983331651568552
mlp,5,1726,0.0023014725971169936,0.09696995478110781
mlp,5,1727,0.015612258138330157,0.02540504601048224
mlp,5,1728,-0.030738771900772677,0.1194511400759257
mlp,5,1729,0.016363501813926942,0.04349360124489984
mlp,5,1730,0.038974044198946456,0.10921280755391086
mlp,5,1731,-0.02874059544935141,0.05407956556867441
mlp,5,1732,-0.0263353321416175,0.0907859830109578
mlp,5,1733,-0.0699317891977331,0.0811219880894524
mlp,5,1734,0.07744970464480885,0.2199666124529784
mlp,5,1735,-0.026533480824293548,0.07565802203455921
mlp,5,1736,-0.09971114159354681,0.0577680011061783
mlp,5,1737,0.04380126477633656,0.07464518498763961
mlp,5,1738,-0.045037091655057364,0.24084475526860946
mlp,5,1739,0.001327148657761082,0.037568929331712964
mlp,5,1740,-0.12816430441280333,0.04890617289857238
mlp,5,1741,-0.08559638408555592,0.060620557999221086
mlp,5,1742,0.06328975016878305,0.06328975016878305
mlp,5,1743,0.10426950291308362,0.1457526337527061
mlp,5,1744,0.07379437796176752,0.07790149602115123
mlp,5,1745,0.00112858109905431,0.06877894181963412
mlp,5,1746,0.04481901867990906,0.04481901867990906
mlp,5,1747,-0.022710904194559386,0.07635271162986859
mlp,5,1748,-0.07823293127990753,0.07648877182752159
mlp,5,1749,-0.032593276082873185,0.016047270032358327
mlp,5,1750,0.004990261711928415,0.049236454165546256
mlp,5,1751,0.05817670133205552,0.10218974820403676
mlp,5,1752,-0.10175778831793977,0.02259616280077989
mlp,5,1753,0.13870646400300327,0.172102975769744
mlp,5,1754,0.02299696914992999,0.11752913360382455
mlp,5,1755,0.00729862030806909,0.062411487643706215
mlp,5,1756,-0.059569916715578757,-0.02950078224140075
mlp,5,1757,-0.009201004232478244,0.13029940018069003
mlp,5,1758,0.029296658875941073,0.07274712089936008
mlp,5,1759,-0.012476540324239713,0.07541370564595509
mlp,5,1760,0.04173611894919926,0.1337001836200692
mlp,5,1761,0.08249678134993493,0.15851000039649973
mlp,5,1762,-0.025606616546643368,0.10199414384657088
mlp,5,1763,-0.06765078901861117,0.015024776709686896
mlp,5,1764,-0.06896111755543932,0.05010697642425849
mlp,5,1765,-0.08536611069761682,0.05395646549116731
mlp,5,1766,-0.012934769147623273,0.1330520411072342
mlp,5,1767,-0.018588952154829613,0.06299758562094532
mlp,5,1768,-0.08740315914035876,0.05873615435188553
mlp,5,1769,0.04971283401007487,0.11734049164263594
mlp,5,1770,0.0738553747699642,0.09448730879863315
mlp,5,1771,0.010182668123585883,0.010182668123585883
mlp,5,1772,0.07051805340678774,0.11372744697712114
mlp,5,1773,-0.06032171307884313,0.04765199034700765
mlp,5,1774,-0.011787895586122824,0.04471556716104691
mlp,5,1775,-0.009399617184894266,0.054550172407175496
mlp,5,1776,0.04897660753174854,0.18989377409669042
mlp,5,1777,-0.015187211009181717,0.08592001390181384
mlp,5,1778,-0.054400504274546575,-0.013563904318594305
mlp,5,1779,0.03211755345875339,0.04716971979237847
mlp,5,1780,-0.048068811469315,0.04324470874100558
mlp,5,1781,0.018000018078115465,0.0926018764652996
mlp,5,1782,-0.08582062530603358,0.05413173780311076
mlp,5,1783,-0.0992762927653084,0.06182250437986367
mlp,5,1784,-0.014790980570369483,0.04485203576044411
mlp,5,1785,0.002490708077445572,0.11009379996016527
mlp,5,1786,-0.010565770180840928,0.12534870882521768
mlp,5,1787,0.04367682125640904,0.049862231949915514
mlp,5,1788,-0.056068364098721485,0.02130760244201428
mlp,5,1789,-0.04750746320667158,0.10157934378892125
mlp,5,1790,0.022772936821876116,0.10047022866378713
mlp,5,1791,-0.033379288808751226,0.039156850096189105
mlp,5,1792,-0.02181473141300852,0.12701628122424308
mlp,5,1793,0.03054567836602423,0.07804104511736498
mlp,5,1794,0.02284892848463488,0.07333121617364582
mlp,5,1795,0.06229796438551849,0.08284022694186163
mlp,5,1796,0.09577262351968432,0.16764641876408684
mlp,5,1797,0.010143157683037446,0.010143157683037446
mlp,5,1798,-0.08524484797982997,-0.023216415012496466
mlp,5,1799,0.03997801019899161,0.06854500708612399
mlp,5,1800,-0.05135275965127929,0.24042466554649142
mlp,5,1801,-0.08437943781486756,0.13217837336912422
mlp,5,1802,-0.019628833143063434,0.15534818874171344
mlp,5,1803,-0.03041496120074684,0.07496930483318684
mlp,5,1804,-0.004557016737661568,0.0512152777810872
mlp,5,1805,0.03925956879356496,0.16784484981410433
mlp,5,1806,-0.02805003243455681,0.017204579062810282
mlp,5,1807,-0.062450336908224664,0.09381415917045915
mlp,5,1808,-0.04592315633720177,0.0642527063443564
mlp,5,1809,0.11260256961026599,0.11260256961026599
mlp,5,1810,0.022923169447079755,0.05969313880710536
mlp,5,1811,-0.04338680988302094,0.02142531513837838
mlp,5,1812,-0.08199544150015102,-0.0036857588682866205
mlp,5,1813,-0.025338047063015165,0.006606943797216033
mlp,5,1814,-0.0304552982049094,0.05726580262510417
mlp,5,1815,-0.01620255569695657,0.04826864413729523
mlp,5,1816,0.0681082117032315,0.23536265938783754
mlp,5,1817,0.004902759280831698,0.1267943182597597
mlp,5,1818,-0.054351936490346114,0.00955057106510905
mlp,5,1819,0.014118849602232059,0.13378550484056284
mlp,5,1820,-0.10733991334024352,0.02254661992655485
mlp,5,1821,0.051446521956377333,0.0617385048022861
mlp,5,1822,-0.02623873913384911,0.13699427801407293
mlp,5,1823,-0.07543687239033109,0.036370614119885236
mlp,5,1824,0.03361602636328309,0.10205250839341248
mlp,5,1825,-0.04362494129235547,0.03320749554662239
mlp,5,1826,0.0817456106876017,0.0817456106876017
mlp,5,1827,-0.01611548769313198,0.08006008971485995
mlp,5,1828,0.03675665841936132,0.054873423336559424
mlp,5,1829,-0.042104139651291686,0.11076258226938968
mlp,5,1830,-0.010392341133151614,0.10765172859908972
mlp,5,1831,-0.1026479764803809,0.024749380338370208
mlp,5,1832,-0.11128804992645293,0.060486409363930904
mlp,5,1833,0.06368190503044263,0.13863843462278558
mlp,5,1834,0.03261353525249536,0.08145197411799926
mlp,5,1835,0.05848417189911745,0.12547857006988022
mlp,5,1836,0.12924286081606753,0.15039393601757203
mlp,5,1837,-0.03910450163043015,0.12239865724562654
mlp,5,1838,-0.07273550338571452,0.01944428909890844
mlp,5,1839,0.029796834238716846,0.12762582984498552
mlp,5,1840,-0.030096581166757827,0.0097218253214712
mlp,5,1841,-0.10406789998510034,-0.01790865057362466
mlp,5,1842,0.004324994795130335,0.07920301168548352
mlp,5,1843,-0.19115896079248584,-0.02338721939269138
mlp,5,1844,0.03021698703107703,0.10428629626377336
mlp,5,1845,0.04874574416658986,0.053933452330006765
mlp,5,1846,0.013946361186662648,0.08877241989187806
mlp,5,1847,0.000659778532991262,0.049878877915990244
mlp,5,1848,0.030963155706563356,0.04974332270785087
mlp,5,1849,0.11553578827154076,0.16075248751658697
mlp,5,1850,-0.0644648414441418,0.12083469223972931
mlp,5,1851,0.021790311104429846,0.12010479119096276
mlp,5,1852,-0.054312545283102566,0.028631390348213437
mlp,5,1853,0.08883511078323633,0.08883511078323633
mlp,5,1854,-0.11952209889323123,0.020593786180268497
mlp,5,1855,-0.012574912773326327,0.09616271453096215
mlp,5,1856,-0.009143541418525636,0.0947046033811135
mlp,5,1857,0.004332054170323077,0.06832422044008973
mlp,5,1858,0.009875454853987414,0.052606384751447716
mlp,5,1859,0.006552433728609655,0.063536736220722
mlp,5,1860,0.0026555774548657485,0.02244590175462141
mlp,5,1861,0.003205141941724804,0.12789194714539764
mlp,5,1862,0.04688720856848694,0.08781882969097479
mlp,5,1863,-0.17532403838804675,0.022679501303139366
mlp,5,1864,0.024997004291711034,0.11007839206749406
mlp,5,1865,-0.03424533084884614,0.07516094782223356
mlp,5,1866,0.007782534145669692,0.03587477057721786
mlp,5,1867,-0.017859347829969285,0.14899963950790293
mlp,5,1868,-0.034857432869022084,0.046712196670902345
mlp,5,1869,0.07225540976501815,0.17534764081021795
mlp,5,1870,-0.005581912053647414,0.13020012896062796
mlp,5,1871,0.07897710354765627,0.22063338700861487
mlp,5,1872,0.0361491971610145,0.11813827828525872
mlp,5,1873,-0.021855784410859974,0.11029260753748979
mlp,5,1874,0.01720987042271732,0.2088156816200157
mlp,5,1875,0.08206951869943205,0.11418756638410504
mlp,5,1876,0.014998260421402884,0.027655532028434154
mlp,5,1877,0.07227726413118443,0.10624770521460827
mlp,5,1878,-0.02818588858027217,0.047901484577969305
mlp,5,1879,0.09719198529904416,0.12434562294729956
mlp,5,1880,0.03629493351343566,0.09997937979443522
mlp,5,1881,-0.06317562146102834,0.1675184901449623
mlp,5,1882,0.01833281731012705,0.10081088649543904
mlp,5,1883,-0.003869026228068867,0.10049280153103313
mlp,5,1884,0.03372623150146059,0.14215081517193998
mlp,5,1885,0.020659493701416565,0.13721353160712121
mlp,5,1886,-0.04617940351412955,0.04623287092755379
mlp,5,1887,-0.0021722060913263175,0.08715889396744658
mlp,5,1888,-0.12936213494409662,0.07742839859529069
mlp,5,1889,0.0821330841641538,0.14979888728093746
mlp,5,1890,0.04192305591533346,0.0782642739804088
mlp,5,1891,0.027815634133076333,0.04772744611982524
mlp,5,1892,-0.024448776689752302,0.14022344671526318
mlp,5,1893,-0.07725631464552749,0.02282577259482166
mlp,5,1894,-0.06062184369251459,0.11769571786136518
mlp,5,1895,0.12824110583044493,0.12824110583044493
mlp,5,1896,0.0881765712157655,0.10975223066552145
mlp,5,1897,-0.0033435738070101417,0.01923181602623547
mlp,5,1898,-0.03637217050093604,0.03812517277541369
mlp,5,1899,0.02305895794955634,0.1456913744956769
mlp,5,1900,0.05908878323665348,0.13446410076309023
mlp,5,1901,-0.015564038373244535,0.03832952081600566
mlp,5,1902,0.07712790362310476,0.18642282248181805
mlp,5,1903,-0.011940480015845092,0.04386606775042576
mlp,5,1904,-0.13682648825958044,0.033732871303448264
mlp,5,1905,-0.02604801348785779,0.07540869202513001
mlp,5,1906,-0.058221671083517966,0.010219678374491156
mlp,5,1907,-0.027271278829999135,0.058514172010669024
mlp,5,1908,-0.08397351515217638,-0.01308409338445006
mlp,5,1909,0.03818638467052171,0.1179142877345174
mlp,5,1910,0.0880272593915187,0.18419843282114676
mlp,5,1911,0.04480569450102134,0.14467182757238328
mlp,5,1912,0.1341600066622028,0.21380405331011573
mlp,5,1913,0.09441049848938518,0.1599945346941327
mlp,5,1914,-0.016002129213996602,0.07081280051511205
mlp,5,1915,0.10008686910466147,0.10213538170260433
mlp,5,1916,-0.04977915838823825,0.042434595281096554
mlp,5,1917,0.019542617662842418,0.03831626027509599
mlp,5,1918,0.01496191609233126,0.17401367091188427
mlp,5,1919,0.028997526285347464,0.07761606146717179
mlp,5,1920,-0.0061214374328272675,0.01833576371522834
mlp,5,1921,-0.029842472326214398,0.0859794997406493
mlp,5,1922,-0.03644927663905663,0.0417511253713474
mlp,5,1923,-0.04340761656817044,0.07231463053180598
mlp,5,1924,-0.011103353086673887,0.06397388650174832
mlp,5,1925,-0.08363565594650967,0.012768418436023804
mlp,5,1926,-0.037976763301185934,0.029992759320639578
mlp,5,1927,0.1333872939081495,0.2068861828207045
mlp,5,1928,-0.07978039964558155,-0.006038618941270973
mlp,5,1929,0.015227491918071212,0.015227491918071212
mlp,5,1930,0.004176253029149937,0.07411227923092131
mlp,5,1931,-0.10508206396541135,0.016889683155209334
mlp,5,1932,0.06977493982149899,0.1433947473482016
mlp,5,1933,-0.029998361707447546,0.059176716922305334
mlp,5,1934,0.08346537785676997,0.1361110850019521
mlp,5,1935,-0.004472817352935157,0.06892753356629938
mlp,5,1936,-0.02921834662890814,0.10248411771492905
mlp,5,1937,0.11141918908908824,0.15000856848682084
mlp,5,1938,0.02646529786381413,0.12132420805735478
mlp,5,1939,0.014344900657976764,0.1046965921523178
mlp,5,1940,0.10010424610368815,0.1257693091735663
mlp,5,1941,0.13732008083414685,0.18433320261567257
mlp,5,1942,-0.008651689425415957,0.04531723952185221
mlp,5,1943,0.08208593319250984,0.1286802742289159
mlp,5,1944,0.008226535988229491,0.11906869400766329
mlp,5,1945,-0.03782894033278596,0.10162298887766819
mlp,5,1946,0.1202006348031821,0.14624678699181942
mlp,5,1947,0.05932067596044807,0.08592362406934514
mlp,5,1948,0.03040370754234245,0.16793362271623866
mlp,5,1949,0.028287039283020482,0.11615579054884159
mlp,5,1950,0.053593357068239256,0.053593357068239256
mlp,5,1951,0.03945279387166761,0.06615435257447169
mlp,5,1952,0.03973332844445354,0.06444850558191714
mlp,5,1953,-0.01111108020384348,0.11274787777452946
mlp,5,1954,0.05829372530873392,0.18262199127860698
mlp,5,1955,-0.005709699518300998,0.03160570535255908
mlp,5,1956,0.1605672732289257,0.1605672732289257
mlp,5,1957,-0.06762444324853842,0.14768816913924596
mlp,5,1958,0.0068455164332315716,0.15815786577958327
mlp,5,1959,0.06720880136858853,0.10103354124197148
mlp,5,1960,-0.12314011458448104,-0.01419956379817322
mlp,5,1961,-0.0021943094273361025,0.047546268829597504
mlp,5,1962,-0.006017404470770996,0.030910556529855304
mlp,5,1963,-0.09592266770080994,-0.024538199339231667
mlp,5,1964,0.007419987956269289,0.17877980201819774
mlp,5,1965,-0.038438980906462195,0.07258814293985838
mlp,5,1966,0.07867784510582276,0.07867784510582276
mlp,5,1967,-0.06351249019209915,0.05484735532199936
mlp,5,1968,0.027565685676826768,0.027565685676826768
mlp,5,1969,0.0019316845234489122,0.08071807811080614
mlp,5,1970,-0.027190586851861043,0.02452348559107284
mlp,5,1971,0.07630289702625828,0.17551083319911212
mlp,5,1972,0.025752029430005235,0.1480956080997776
mlp,5,1973,0.005738838954056663,0.0931086124961627
mlp,5,1974,-0.01789631650645465,0.058068096873925834
mlp,5,1975,-0.11668887192209564,0.04419906690328651
mlp,5,1976,0.019667410846449657,0.07065884150739932
mlp,5,1977,-0.03911103152141096,0.01723486655798004
mlp,5,1978,0.024966560910373248,0.07192974170970659
mlp,5,1979,0.06862426645290037,0.1516736601252415
mlp,5,1980,0.0137182240015781,0.14548791277363213
mlp,5,1981,-0.009701091235213954,0.06686874400448822
mlp,5,1982,-0.030947952702734566,0.07493272758421121
mlp,5,1983,-0.07679033355552517,0.13642424289200164
mlp,5,1984,0.1046404179400364,0.10540396262502205
mlp,5,1985,-0.12180980391027477,0.005613186269401077
mlp,5,1986,0.027998570256442173,0.10154111875107724
mlp,5,1987,-0.020499809413080966,0.009023833884359761
mlp,5,1988,-0.1707708007049186,0.048653150534546885
mlp,5,1989,0.06186873373587479,0.09630115160877287
mlp,5,1990,0.022825823064055922,0.0393709446905075
mlp,5,1991,-0.12736300254660265,0.025556689664109677
mlp,5,1992,0.22675461836452285,0.22675461836452285
mlp,5,1993,-0.031631077402427946,0.10508892020869334
mlp,5,1994,-0.030768939685679633,0.04506055212749005
mlp,5,1995,0.09806727454562963,0.10730220588087677
mlp,5,1996,0.14007122543840095,0.21901112792411512
mlp,5,1997,0.03986402618840537,0.1330904277232712
mlp,5,1998,0.01663620378233606,0.13615678169022485
mlp,5,1999,-0.021407030378152475,0.04811481003000517
mlp,10,0,-0.03604159492639482,0.06812692675113889
mlp,10,1,0.010783843157286851,0.025804325458267455
mlp,10,2,0.05427615599440512,0.09366522807159654
mlp,10,3,0.06018548368157127,0.14920484924597882
mlp,10,4,0.09040284306659836,0.16049682825897288
mlp,10,5,-0.03656670450140265,0.1457155473362653
mlp,10,6,-0.09923652502628799,0.016395561910394818
mlp,10,7,-0.08483224653735719,0.09813278555108391
mlp,10,8,0.05445995228294295,0.07481680772686745
mlp,10,9,-0.05168717272546283,0.07186549341360747
mlp,10,10,0.03292164693388104,0.07566877209283705
mlp,10,11,0.007660552262706094,0.04125281195621519
mlp,10,12,-0.00975045669166403,0.03231504654088968
mlp,10,13,0.00864119672161065,0.08689081541673051
mlp,10,14,0.06496272374625649,0.13705623446977627
mlp,10,15,0.10068502286792051,0.16572284175424418
mlp,10,16,-0.18638294768730562,0.005322597496620035
mlp,10,17,-0.022341181207440247,0.08336656118162884
mlp,10,18,0.07404799586815596,0.12063779481724944
mlp,10,19,-0.0747055699934002,0.11248661056648744
mlp,10,20,-0.16490437797998186,0.1263018600341308
mlp,10,21,-0.00011879440275465447,0.04398419292432594
mlp,10,22,0.07364330590410538,0.1855634223335036
mlp,10,23,-0.02921100989850081,0.07612115700454562
mlp,10,24,0.02781531223194897,0.14900935773358076
mlp,10,25,0.08449323193788098,0.11940988829970726
mlp,10,26,-0.020704588799876827,0.12914002779053813
mlp,10,27,-0.013944461341002738,0.06943188366923946
mlp,10,28,0.15398340984305964,0.1544541601175659
mlp,10,29,-0.08658104950447151,0.026106456406575967
mlp,10,30,-0.12916460423083737,0.04927092712882322
mlp,10,31,0.0018328108129901793,0.10694587192321202
mlp,10,32,-0.032136134072222135,0.05579296769144022
mlp,10,33,0.13653560732523023,0.2534720369864367
mlp,10,34,-0.05280839142846343,0.025013119274324203
mlp,10,35,0.04306363976051179,0.07733856858709355
mlp,10,36,-0.15597763759173278,-0.0025252570937731728
mlp,10,37,-0.11936255953298275,0.07178024786675928
mlp,10,38,-0.13453279858932152,0.04423583659852581
mlp,10,39,0.010734124009792137,0.10208092818341784
mlp,10,40,-0.20025394784857498,0.011506036895888874
mlp,10,41,0.02606652835194663,0.25825266189896234
mlp,10,42,0.06032448912827289,0.07408296422971401
mlp,10,43,-0.08067883489577242,0.0026313545597797527
mlp,10,44,-0.01971732252744638,0.16592223113376398
mlp,10,45,-0.04682385456063976,0.04423263448159849
mlp,10,46,0.1473200056638268,0.1473200056638268
mlp,10,47,-0.029386728424994048,0.08474956449956005
mlp,10,48,0.09036219304840605,0.11838115346585239
mlp,10,49,0.04507639989300366,0.04507639989300366
mlp,10,50,0.029157549564366184,0.029157549564366184
mlp,10,51,0.19326579639686198,0.22536432192244504
mlp,10,52,0.022876614590043767,0.05331885526263973
mlp,10,53,-0.03317396493844208,0.05168302386586571
mlp,10,54,-0.08899993720243854,0.054482642593446345
mlp,10,55,-0.07199847909314586,-0.0035913392765999502
mlp,10,56,-0.008474322681966635,0.07588658998743329
mlp,10,57,0.05533995535538451,0.07174171751050203
mlp,10,58,0.025146983006557933,0.12836279497692699
mlp,10,59,0.04904321897921439,0.2152369117987845
mlp,10,60,0.12152454514965975,0.1390463963896963
mlp,10,61,-0.06166948498709114,0.07306080041447237
mlp,10,62,0.052082105526962894,0.0727777372897621
mlp,10,63,0.06531806570523162,0.08597807544856519
mlp,10,64,0.10178177225308986,0.15254433942689444
mlp,10,65,-0.02131843952379639,0.08292052140975432
mlp,10,66,-0.027160845998485457,0.03638494861391563
mlp,10,67,-0.04549367657327251,-0.027256746675731663
mlp,10,68,-0.13422906160670106,-0.018078739437359846
mlp,10,69,-0.005167475054775494,0.10512029009488168
mlp,10,70,0.028615375978232438,0.06010705400832626
mlp,10,71,-0.07171750288653995,0.05159356296103265
mlp,10,72,-0.08256455787643072,0.14211956211153137
mlp,10,73,0.10368915384228967,0.22124908403315896
mlp,10,74,0.051865119398350354,0.14690424936369223
mlp,10,75,-2.5869778321266357e-05,0.03419302074366744
mlp,10,76,-0.03321222188576538,0.07434475462929312
mlp,10,77,0.04313809078574045,0.04313809078574045
mlp,10,78,0.06354812132870945,0.15330113844985888
mlp,10,79,0.023390606082469567,0.0718958135662311
mlp,10,80,0.013491244923269238,0.06010853452617411
mlp,10,81,-0.11993028630359784,-0.023578132362302925
mlp,10,82,-0.09161976889044557,0.1952307724240639
mlp,10,83,-0.01867588656065689,0.13014594661902235
mlp,10,84,0.04053626439258126,0.1868822183720299
mlp,10,85,0.014951693430357502,0.1143780882953813
mlp,10,86,0.07382256413511827,0.21379685757043043
mlp,10,87,0.07578830947264815,0.11907337756671983
mlp,10,88,0.030818341124690715,0.06144980562525608
mlp,10,89,-0.08031275862340642,0.13345309755358598
mlp,10,90,0.07185580214628444,0.10851283489935794
mlp,10,91,-0.0893084897154161,-0.007068868290348446
mlp,10,92,0.013130423790954276,0.013130423790954276
mlp,10,93,-0.0012867937208893426,0.12218581960188969
mlp,10,94,0.003947438410651871,0.04473013286226532
mlp,10,95,-0.03967111207834963,0.06916179217134495
mlp,10,96,-0.045560044259738794,0.20507439601124483
mlp,10,97,0.01138024716532321,0.14326139526702447
mlp,10,98,0.07085532338441734,0.07112098698639767
mlp,10,99,-0.015429929039461568,0.1444052886317715
mlp,10,100,0.08280388714467572,0.16588022355363174
mlp,10,101,0.015510775772516333,0.039946467260661936
mlp,10,102,0.04286979911544592,0.15921621885537995
mlp,10,103,0.02428366159873442,0.06472454615556421
mlp,10,104,-0.16186991253422456,0.14844665111793537
mlp,10,105,0.10331008436014437,0.22900209419649808
mlp,10,106,0.02194327274616549,0.07354795903912985
mlp,10,107,0.0027325584172923217,0.12331633777362537
mlp,10,108,-0.03234139935473526,0.08900621446309505
mlp,10,109,0.024935608564134737,0.1577902468598657
mlp,10,110,0.14267901355607765,0.2699438352940218
mlp,10,111,-0.05079388107273557,0.03458093622208673
mlp,10,112,0.011420447912293658,0.11258309073325838
mlp,10,113,-0.044378465744067994,0.1015725823988577
mlp,10,114,0.02446658106715105,0.10012516610300413
mlp,10,115,-0.010359167018316046,0.10757422821228628
mlp,10,116,0.05567242816461941,0.05567242816461941
mlp,10,117,0.025303127373531298,0.07851529591195651
mlp,10,118,0.0689341830910372,0.11223098288516366
mlp,10,119,0.07271629849410242,0.11634616776645106
mlp,10,120,0.07329671102616205,0.08831861319875821
mlp,10,121,-0.09265356852737036,0.022533358842926815
mlp,10,122,0.04895892516237635,0.09854796469878092
mlp,10,123,0.03882124287267681,0.1338068262240854
mlp,10,124,-0.006966512136957773,0.05459916162255829
mlp,10,125,0.044108072450219055,0.044108072450219055
mlp,10,126,-0.014091635738458418,0.1057936440516656
mlp,10,127,-0.0654743779293237,0.07192848298075359
mlp,10,128,-0.00431429978431902,0.013332070377301997
mlp,10,129,0.10464552380034499,0.15776982213144852
mlp,10,130,0.047921750260068535,0.09236941721970478
mlp,10,131,0.0039841521488512,0.05489006376480689
mlp,10,132,0.008183835709878406,0.07604265420653182
mlp,10,133,0.20900353073402522,0.21717956239120734
mlp,10,134,0.0006564005359413344,0.05244340671530957
mlp,10,135,0.04972895418540969,0.13042657819678716
mlp,10,136,0.09316784130217205,0.11611738686988053
mlp,10,137,-0.17550212658941744,0.05290328263008963
mlp,10,138,0.0008998277374046015,0.07185118533964067
mlp,10,139,0.08526031438528099,0.17075232995680456
mlp,10,140,-0.0627790135529387,0.17700604227377925
mlp,10,141,0.13045296450339483,0.13045296450339483
mlp,10,142,0.010902776332295736,0.04928736005103358
mlp,10,143,0.013807019885352337,0.054267444615725594
mlp,10,144,0.06430390967423179,0.12330487239298828
mlp,10,145,-0.04943344342051148,0.03111908511936294
mlp,10,146,0.0017732629511074127,0.19684435181723936
mlp,10,147,0.04467349303806703,0.04467349303806703
mlp,10,148,0.035895076115807875,0.060085634003154406
mlp,10,149,0.0353494421003943,0.1414295052646748
mlp,10,150,-0.0025195933199235465,0.06891935787840688
mlp,10,151,0.07135164983080595,0.07676978710849512
mlp,10,152,-0.11610967136770556,0.012783290395332284
mlp,10,153,-0.04013345255406163,0.0644222299112114
mlp,10,154,-0.013062915281264548,0.014045172414522036
mlp,10,155,0.02065537114796724,0.06681145492204742
mlp,10,156,0.03859798309193389,0.10429687554705781
mlp,10,157,0.016239838734341788,0.17210413228340954
mlp,10,158,-0.21156923812896167,0.08567260100574552
mlp,10,159,0.03589764553980748,0.19917312392430103
mlp,10,160,0.013020017741613266,0.04343075843140272
mlp,10,161,0.06402843983404667,0.06402843983404667
mlp,10,162,-0.021939152617991044,0.04346603654733433
mlp,10,163,-0.07022639654454157,0.023773663432684902
mlp,10,164,0.004253047304710794,0.1713950313388617
mlp,10,165,-0.010885095978828176,0.142477115674168
mlp,10,166,-0.039793694942215546,0.20946193157792842
mlp,10,167,-0.05531074095159354,0.07285678291621807
mlp,10,168,0.032017719572771344,0.1749693283436934
mlp,10,169,0.012637417345499224,0.057483874672457455
mlp,10,170,0.0047962087450278135,0.0047962087450278135
mlp,10,171,0.13989800661454427,0.17340532598575037
mlp,10,172,-0.15016727110711692,0.03274175134457234
mlp,10,173,0.05874103498821211,0.08035035767228575
mlp,10,174,0.040654272563689045,0.07259064584725529
mlp,10,175,-0.13541761912785233,0.03439673056177282
mlp,10,176,0.004521043243634226,0.06291511610733262
mlp,10,177,0.03575368824947367,0.08448968514475082
mlp,10,178,-0.10315369411559468,0.029903010490294313
mlp,10,179,-0.14352570368063752,0.05543010526781379
mlp,10,180,0.017068417798718802,0.09966951748529705
mlp,10,181,-0.07783070182534245,0.02332493106587681
mlp,10,182,-0.012057110525913774,0.1904603889504775
mlp,10,183,-0.09227191572775349,-0.00609279241587854
mlp,10,184,0.02802974442088496,0.06781986008664397
mlp,10,185,0.01557089237880395,0.026849320081378747
mlp,10,186,-0.017569982734329324,0.023558165705528364
mlp,10,187,0.027438379759321327,0.12865183417073323
mlp,10,188,0.08709231633356666,0.22970034562616543
mlp,10,189,-0.040646276064805996,0.08526856631175815
mlp,10,190,0.08398390615185196,0.10644621686581056
mlp,10,191,0.047470175026565684,0.10562723397567346
mlp,10,192,0.0192031156206917,0.0192031156206917
mlp,10,193,0.057899760749571885,0.24078854632572777
mlp,10,194,0.024534767415606992,0.024534767415606992
mlp,10,195,0.03362922348621217,0.27573627525044075
mlp,10,196,-8.855510547109424e-05,0.11314636766209822
mlp,10,197,0.09627062352407341,0.17339542717418632
mlp,10,198,-0.07414693122144708,0.18612853137937707
mlp,10,199,0.05248700126128718,0.16150506422783245
mlp,10,200,0.017575904485707866,0.07635845912181123
mlp,10,201,0.09609558465159938,0.1593449013737101
mlp,10,202,-0.09219633645367863,0.03137528482799609
mlp,10,203,-0.07724729988964735,0.01978524182813944
mlp,10,204,0.03925945806182167,0.07535921872579547
mlp,10,205,0.04719560192865356,0.04719560192865356
mlp,10,206,-0.007860922643947076,0.03456540924726299
mlp,10,207,0.0658979473555646,0.16808671393718133
mlp,10,208,0.010720022080030478,0.05353666703689505
mlp,10,209,-0.017407793899244232,0.035030726490272904
mlp,10,210,-0.029809458147711056,0.03749347557397255
mlp,10,211,-0.03825722985747031,0.1373658692290533
mlp,10,212,0.05340587628644382,0.08198668109730446
mlp,10,213,-0.05480279664382466,0.09313573206524021
mlp,10,214,-0.06523901594334529,0.05662644139140992
mlp,10,215,-0.058502489652586545,0.10554402468685399
mlp,10,216,-0.23373256362126127,-0.06642524513232886
mlp,10,217,0.06150216946353597,0.2100883287207439
mlp,10,218,-0.020576893002581635,0.11459140164529068
mlp,10,219,0.05931217702755366,0.16666376757801393
mlp,10,220,0.15009296196940114,0.2564349796970473
mlp,10,221,-0.012916849786646166,0.12553743215074492
mlp,10,222,-0.032577003707430476,0.1872443811637316
mlp,10,223,0.10161050380127003,0.10161050380127003
mlp,10,224,0.027653314368842385,0.06988355473916698
mlp,10,225,-0.06224156393107179,0.044362251552279464
mlp,10,226,0.003014376895173268,0.07548501686811852
mlp,10,227,0.029992484267522018,0.15783365854121917
mlp,10,228,-0.055972539688181944,0.11634175346227991
mlp,10,229,-0.08525634913852106,-0.05054307571051741
mlp,10,230,0.04858166548279659,0.06174266321053974
mlp,10,231,-0.19680836109490707,0.051534291354655745
mlp,10,232,-0.036411333578869824,0.14397627571527033
mlp,10,233,-0.14376212459330223,0.030098175192067547
mlp,10,234,0.028141100476377454,0.15415114718881096
mlp,10,235,-0.07663522311726965,0.12226667650774002
mlp,10,236,-0.025801020458407167,0.059838769796795546
mlp,10,237,0.09336313701454392,0.1233308817585695
mlp,10,238,0.05045114670154863,0.05045114670154863
mlp,10,239,0.03054921421883315,0.14952723982428867
mlp,10,240,-0.11480140601413766,0.011284568092615757
mlp,10,241,-0.08057653618608505,0.13395747420608878
mlp,10,242,0.02443796708457982,0.17415629433133495
mlp,10,243,0.06589168757486084,0.1117310794005618
mlp,10,244,-0.009542685468721904,0.2559012477878665
mlp,10,245,0.054447779228795054,0.1337041621677244
mlp,10,246,-0.16287985119229142,0.04876385810916567
mlp,10,247,0.0016234933045147643,0.05625521139698901
mlp,10,248,0.03487773674965709,0.06446209981506364
mlp,10,249,-0.10071478962380741,0.010454037867013669
mlp,10,250,0.017718899469542276,0.09053726567564234
mlp,10,251,-0.025387455396336543,0.07529468739629767
mlp,10,252,-0.0010735330395485743,0.06734809522747374
mlp,10,253,-0.057468791344625805,0.13209207440613313
mlp,10,254,-0.011005605356166688,0.07791667892434394
mlp,10,255,0.0454006977610308,0.17833299662273594
mlp,10,256,-0.12301666694095179,0.13409995660806945
mlp,10,257,0.03645152460955299,0.09276256758270109
mlp,10,258,-0.0022137794031317076,0.08788008491530734
mlp,10,259,0.04134621601691696,0.09284326419110105
mlp,10,260,0.033395385566661676,0.09271273314084634
mlp,10,261,-0.050565258794790575,0.08817089866258344
mlp,10,262,-0.00825220739916218,0.12304525592181016
mlp,10,263,-0.2400803026116502,-0.01830985683081557
mlp,10,264,0.030146065839697672,0.050833948962696635
mlp,10,265,0.037676537587465544,0.12176864970553268
mlp,10,266,-0.0034950514453103293,0.08510015255023366
mlp,10,267,0.019767399455792825,0.07487917927126773
mlp,10,268,-0.08645024567146828,0.035277074147704285
mlp,10,269,-0.19483133152103413,-0.06844042745576455
mlp,10,270,0.03935968660665837,0.09886890750727535
mlp,10,271,0.03445177484244888,0.07914312444858025
mlp,10,272,-0.08283512406362395,0.09870715216310182
mlp,10,273,-0.05932047928123459,0.042290831387555725
mlp,10,274,-0.03263714451064294,0.08086000611834186
mlp,10,275,-0.06243925497767662,-0.034015160298219674
mlp,10,276,0.022056177697855076,0.04770226122221838
mlp,10,277,-0.12094873520113866,0.062163504963640495
mlp,10,278,-0.07758040285720788,0.014425232313904884
mlp,10,279,-0.01061688411317075,0.07745957023257737
mlp,10,280,0.12341905899304191,0.16567499801430546
mlp,10,281,0.11522028443356029,0.11664742940795998
mlp,10,282,-0.04409651287161826,0.015574360441842863
mlp,10,283,0.1239860172417105,0.1689346612347291
mlp,10,284,0.010655783518017395,0.10039418659493417
mlp,10,285,0.05360527582445254,0.11233505347226273
mlp,10,286,-0.0199365084793418,0.062214445553068556
mlp,10,287,-0.03440382811056968,0.01351570630485402
mlp,10,288,-0.035692293148321126,0.08590646587973826
mlp,10,289,-0.00904441965777509,0.049588860981975305
mlp,10,290,-0.11412657557197084,-0.02755998719841557
mlp,10,291,-0.13723282248551283,0.03564216665608774
mlp,10,292,-0.048708505677248756,0.10453538207998152
mlp,10,293,0.026052376712540362,0.06442797037123486
mlp,10,294,-0.02602932945277875,-0.015972613479292033
mlp,10,295,-0.04660230659061929,0.03707970951168216
mlp,10,296,0.12071956514016509,0.15416191527069045
mlp,10,297,-0.0018759491412675966,0.05694089505416912
mlp,10,298,-0.023870227543544995,0.11024618575830812
mlp,10,299,0.06709060242454838,0.0898798253840193
mlp,10,300,0.06463940205270292,0.09663802969347489
mlp,10,301,-0.016124707524444296,0.05378345076301187
mlp,10,302,0.041519898669364244,0.19511189568468235
mlp,10,303,0.03193008262692823,0.03966157452112015
mlp,10,304,0.04777379704769125,0.06096477139288374
mlp,10,305,-0.07353235154257416,0.011163584585636294
mlp,10,306,-0.18559274025248207,0.13408324992374704
mlp,10,307,-0.02957989576860212,0.07072377568140047
mlp,10,308,-0.07908793358337003,0.060937222341976835
mlp,10,309,-0.03350601520517103,0.06383768741644454
mlp,10,310,0.0024321338443333285,0.08296864394084837
mlp,10,311,-0.08158094513384644,0.0660532964529635
mlp,10,312,-0.05126889692988908,0.0907310920566347
mlp,10,313,0.004995769399236322,0.12045921281734599
mlp,10,314,-0.05773962041254392,0.09400650648471624
mlp,10,315,-0.11987795855251517,0.10927597434716928
mlp,10,316,-0.04618970828915667,0.02618937142089653
mlp,10,317,-0.012984007769858197,0.15347868797077574
mlp,10,318,-0.028950604477084266,0.10311482668947532
mlp,10,319,0.06794947810135928,0.10670236354751379
mlp,10,320,-0.07655588929167816,0.00348969671664702
mlp,10,321,0.006192640181581444,0.053673260543033605
mlp,10,322,-0.10853275993295805,-0.033144271866556455
mlp,10,323,-0.06849052742868937,0.07182517192815153
mlp,10,324,-0.0009611796313720306,0.057933056408748004
mlp,10,325,0.02692537730493473,0.04148682885416413
mlp,10,326,0.10297010906301186,0.1593729647649309
mlp,10,327,0.025024900664567737,0.07676489036445298
mlp,10,328,-0.0046508297513148805,0.17685969469021728
mlp,10,329,-0.07005352218096322,0.029574305513230675
mlp,10,330,-0.024666200450619416,0.05280780821640055
mlp,10,331,0.08857880796086175,0.13424720032680082
mlp,10,332,0.038321642832151115,0.10647833521953025
mlp,10,333,0.06281489454717769,0.11040489839517394
mlp,10,334,-0.04367571401237502,0.0403622680890872
mlp,10,335,-0.09790263855318988,-0.001324831225485018
mlp,10,336,0.039263433069203976,0.1433233977002754
mlp,10,337,-0.03827456567995148,0.07035784307503064
mlp,10,338,0.06163670482719803,0.09163035280586714
mlp,10,339,0.060015604328845215,0.10630885046305906
mlp,10,340,0.06224678769703705,0.07899978085549751
mlp,10,341,-0.06377237809037242,0.052622255230774975
mlp,10,342,0.1516943265753512,0.1516943265753512
mlp,10,343,-0.06258596509126597,0.1744732085149498
mlp,10,344,-0.1342221081174063,0.10654846844477177
mlp,10,345,-0.06691212049140376,0.06825621751560697
mlp,10,346,0.028271415351261195,0.09512659682726658
mlp,10,347,0.040599139105168436,0.040599139105168436
mlp,10,348,0.09652970493688172,0.11072020398378861
mlp,10,349,0.05490644208224922,0.1105900480558799
mlp,10,350,-0.1000310332626783,0.03669823603753153
mlp,10,351,0.04268079141156786,0.08637104260468807
mlp,10,352,0.02074088493328745,0.02910373142532098
mlp,10,353,-0.08702276264129222,0.012316434020946135
mlp,10,354,-0.01869005611863097,0.030838454267324955
mlp,10,355,-0.011752740885932922,0.03568000158254571
mlp,10,356,0.05576401063115681,0.07550927490116142
mlp,10,357,-0.07718024970985586,0.043936250614333566
mlp,10,358,-0.02610571374000826,0.11255200247817897
mlp,10,359,0.06222972945335824,0.11791868642132049
mlp,10,360,-0.08903707546654158,0.08906456141813564
mlp,10,361,-0.06685045314660344,0.11409184212950667
mlp,10,362,0.09206113581494678,0.24161189812164863
mlp,10,363,-0.05949445991453194,0.04395686661060941
mlp,10,364,0.0358677785002646,0.1441680969867153
mlp,10,365,0.04982887002402919,0.08509269199909326
mlp,10,366,0.0440506086922262,0.061874903079642926
mlp,10,367,-0.15093431756994607,0.09367760806209936
mlp,10,368,-0.02297999790709452,0.12165468683480783
mlp,10,369,-0.031516322631575944,0.09685228927337229
mlp,10,370,-0.05661777920687815,0.0859024126928447
mlp,10,371,0.08187592066949821,0.08567348778370511
mlp,10,372,-0.07779547165335225,0.0757451064074297
mlp,10,373,0.008885582260077199,0.08541003641977098
mlp,10,374,0.011474617146509311,0.13393856879486382
mlp,10,375,0.00795451739600668,0.10154990230470588
mlp,10,376,0.0024713368949370595,0.06150476549938379
mlp,10,377,-0.040109612615966315,0.11106738413122587
mlp,10,378,-0.11756287140426117,-0.03924716381791006
mlp,10,379,0.07924887065435833,0.09268427368284772
mlp,10,380,0.13397269213952662,0.2034886968745992
mlp,10,381,-0.13208315471218224,0.15085949156070444
mlp,10,382,0.042814004421159554,0.05874454505525424
mlp,10,383,-0.046240391293091494,0.09813279509413574
mlp,10,384,0.11379210675055713,0.11379210675055713
mlp,10,385,-0.04264197277020623,0.07645935807282613
mlp,10,386,-0.08328077767693431,0.016483273254347647
mlp,10,387,-0.028204612115235943,0.1498890598699219
mlp,10,388,0.02584199464581631,0.09465963507443488
mlp,10,389,-0.11903095088094176,0.009407174213000163
mlp,10,390,0.046588917132110205,0.07797744633790994
mlp,10,391,0.019553643229212422,0.08430333576004827
mlp,10,392,-0.06728991016376383,0.09840995659544731
mlp,10,393,0.014616067271043337,0.07055145514178042
mlp,10,394,0.0255720129976873,0.12038046700287976
mlp,10,395,0.1501226413074998,0.1501226413074998
mlp,10,396,-0.060709840466253565,-0.0034713686073473277
mlp,10,397,-0.13963061488075756,0.06637307713098357
mlp,10,398,-0.10436617362061962,-0.047241846860682044
mlp,10,399,-0.08848518899672368,0.06727268191446752
mlp,10,400,-0.010919856777547865,0.08681300292701528
mlp,10,401,0.03427640975449035,0.05904717668776878
mlp,10,402,-0.054142525845736963,-0.013240614958561929
mlp,10,403,-0.09202308143180829,0.08855771876460496
mlp,10,404,-0.047224836849186685,0.05527012131654806
mlp,10,405,0.021761118414790406,0.05866552132338586
mlp,10,406,0.06374071392082538,0.06374071392082538
mlp,10,407,-0.1068293849622515,0.008389619475232216
mlp,10,408,-0.021026042854390095,0.06854236855670277
mlp,10,409,-0.042684479855381124,0.015703527816377127
mlp,10,410,0.16969502649617324,0.1974478164755078
mlp,10,411,-0.08943917343399892,0.06036122534431525
mlp,10,412,0.06260930442381886,0.09412272407460158
mlp,10,413,-0.01321864567806167,0.08877597955914444
mlp,10,414,-0.04650329357001305,0.08938031579734405
mlp,10,415,-0.1783098588078626,-0.009468443337460615
mlp,10,416,-0.0657022321006008,0.03822129194414797
mlp,10,417,0.0030911745716070554,0.07527134341264662
mlp,10,418,-0.04636236233919176,0.11738251721020564
mlp,10,419,-0.1349113259833688,-0.040349999982811864
mlp,10,420,-0.02475452557249265,0.0843327061972637
mlp,10,421,-0.000712713180488489,0.09793282840936988
mlp,10,422,0.10180426099856553,0.16936604542192524
mlp,10,423,-0.024717917992224794,0.04730234647605276
mlp,10,424,-0.083454021967045,0.07359153010390083
mlp,10,425,-0.074306487866981,0.008428263097726013
mlp,10,426,0.0024927878896771893,0.13246035053402566
mlp,10,427,-0.10642292295026526,0.023094533945461085
mlp,10,428,-0.06951534027145907,0.030815987197368055
mlp,10,429,0.11070201394670014,0.21490203064048585
mlp,10,430,0.11862025169733799,0.16712390240381692
mlp,10,431,-0.004589002051858276,0.05157642290072956
mlp,10,432,-0.026713006219419827,0.15639918830023958
mlp,10,433,-0.02985766018670443,0.04461624669422422
mlp,10,434,0.053911788756629095,0.1240186052464033
mlp,10,435,0.0381192856982262,0.0381192856982262
mlp,10,436,0.04424490530300634,0.10092066849106059
mlp,10,437,-0.025158023134869242,0.0435566276024352
mlp,10,438,-0.001973682938260765,0.04869111135826329
mlp,10,439,-0.049627313595597536,0.08599685222658475
mlp,10,440,-0.04370222615360539,0.06870893460549789
mlp,10,441,0.09995199454711,0.09995199454711
mlp,10,442,0.048089820011225845,0.1440653103604697
mlp,10,443,0.025165833634981094,0.04480906345437803
mlp,10,444,0.012648119970826294,0.05507805520555563
mlp,10,445,-0.028224370010617755,0.10507456180745946
mlp,10,446,-0.01574235172855952,0.06914280468586324
mlp,10,447,0.07019187381185231,0.13583989292282478
mlp,10,448,0.0058995764097385245,0.0707700954671845
mlp,10,449,0.09172535813041129,0.15057448023256464
mlp,10,450,0.045303570962218764,0.14234040207166343
mlp,10,451,-0.08040070302884743,0.01074145331267369
mlp,10,452,-0.03505731709413792,0.07529496167347115
mlp,10,453,-0.03135531363432545,0.06616324540668451
mlp,10,454,0.019851394924619598,0.09413868593150022
mlp,10,455,-0.023099688982515208,0.07336139211533661
mlp,10,456,-0.08435194452429541,0.058249233118948515
mlp,10,457,-0.010313541035127327,0.16128339507147282
mlp,10,458,-0.04003476081408812,0.12227144037876085
mlp,10,459,0.008741780956951078,0.08605782845784933
mlp,10,460,-0.0359313410312585,0.121843979418865
mlp,10,461,0.00389523880241488,0.07813654021838286
mlp,10,462,0.027017809688376887,0.059458701699140734
mlp,10,463,0.03840762775426039,0.08860101221510465
mlp,10,464,0.16778454304830687,0.21127028970822237
mlp,10,465,-0.09579261008948581,0.05455563612332166
mlp,10,466,-0.015626465813555424,0.025084171868018076
mlp,10,467,-0.07389878531711068,-0.026495551588222824
mlp,10,468,-0.0726541772365076,0.07027901244736008
mlp,10,469,-0.05678276659964185,-0.008692698685489435
mlp,10,470,-0.1626959543152382,-0.10284376749621865
mlp,10,471,-0.05583575447197937,0.043164312155298284
mlp,10,472,-0.01900630314435791,0.06495939717292452
mlp,10,473,-0.023137708068281887,0.10834445610931727
mlp,10,474,-0.052375419855643784,0.012896664070703917
mlp,10,475,-0.0042394443441118035,0.06482881405032005
mlp,10,476,-0.025586122168881585,0.005177640769012587
mlp,10,477,-0.08946653768384158,-0.030175681033017716
mlp,10,478,0.03617926890040529,0.09844642210497097
mlp,10,479,0.09128616455276518,0.14620560500800323
mlp,10,480,0.07930269905448804,0.12504946789936944
mlp,10,481,0.10669903719769515,0.15853561952437822
mlp,10,482,0.06790912232195039,0.08447497799083518
mlp,10,483,0.09185588632581783,0.09185588632581783
mlp,10,484,0.11394535923044678,0.19342230274337274
mlp,10,485,-0.07383569035114396,0.06712522437943234
mlp,10,486,-0.01570747600341805,0.07169598391189495
mlp,10,487,-0.03596490304931231,0.037791539153123624
mlp,10,488,-0.0484209609463417,0.05024812766737072
mlp,10,489,0.027272638062490515,0.09692991306673392
mlp,10,490,0.004238288718990374,0.06835656051912269
mlp,10,491,-0.031497520331382534,0.01850310704653403
mlp,10,492,0.10474283383717313,0.11574113550567518
mlp,10,493,-0.006984680263201107,0.07391378854383794
mlp,10,494,-0.010367812399948828,0.008104685759642821
mlp,10,495,-0.042969513504308825,0.06882804410082617
mlp,10,496,-0.0642625276345672,0.06239175608113902
mlp,10,497,0.027561198659794964,0.06604474249252552
mlp,10,498,-0.027022004071721076,0.07262690756936784
mlp,10,499,-0.06669855670316073,0.021860401338821084
mlp,10,500,-0.09753701081175002,0.03742697235496796
mlp,10,501,0.057772633913952584,0.14081639203570967
mlp,10,502,0.027800189660817917,0.06879126958924868
mlp,10,503,-0.0844843555186782,-0.03359648102253646
mlp,10,504,-0.047409623897352045,0.06719263452747933
mlp,10,505,-0.07161295191174331,0.020513766366212355
mlp,10,506,0.004762481049154985,0.047520014360686605
mlp,10,507,-0.039121183291500175,0.021523152666112613
mlp,10,508,-0.052477733788488565,0.08261963506862018
mlp,10,509,0.005358133355172934,0.025993087486441732
mlp,10,510,0.023956427013287998,0.11772727206285015
mlp,10,511,0.10141530293563251,0.12395222597063953
mlp,10,512,-0.03763996059721427,0.054856869047972864
mlp,10,513,0.017088840787504625,0.06778227802628554
mlp,10,514,-0.05786916163118354,0.05349681369382907
mlp,10,515,0.07410779294754898,0.12684759346989377
mlp,10,516,-0.09523183476104623,0.08136497473956943
mlp,10,517,-0.033958767080399334,0.10353953305258522
mlp,10,518,0.04030478518776731,0.06307658340360857
mlp,10,519,0.013923670242352734,0.07650807003529696
mlp,10,520,0.01364177803987869,0.061861968531748704
mlp,10,521,0.0827326691539778,0.2165919273629897
mlp,10,522,0.018075037347986947,0.04716459620953396
mlp,10,523,-0.0006033709666387749,0.021319016902164298
mlp,10,524,0.03923819037108828,0.09796813616222487
mlp,10,525,-0.017570951899786538,0.04087222791578629
mlp,10,526,0.05425002019260533,0.20366316850733063
mlp,10,527,0.0089654600474358,0.07427304376657927
mlp,10,528,0.063254278106307,0.063254278106307
mlp,10,529,-0.08890450905703286,0.07979989288047183
mlp,10,530,-0.024925998313869095,0.07062293816084601
mlp,10,531,-0.08104915235048972,0.03986033086794462
mlp,10,532,-0.12733448339335612,0.02348310460099741
mlp,10,533,-0.16263974095048062,0.05217737112547456
mlp,10,534,-0.0035596384629624084,0.04450011300468705
mlp,10,535,-0.1578942715277502,0.05038348516756204
mlp,10,536,-0.15112180025349314,-0.015132200167532195
mlp,10,537,0.025761019365796667,0.10349722595835213
mlp,10,538,0.10135003561159155,0.18801611383076705
mlp,10,539,0.0789196331453753,0.0789196331453753
mlp,10,540,0.056200547144027016,0.08843115574718714
mlp,10,541,-0.08874969915645388,0.07183193229079173
mlp,10,542,0.04069982367926346,0.1334104498421626
mlp,10,543,0.0045217850020980305,0.00840343227743745
mlp,10,544,0.009975480231401684,0.0633916040419681
mlp,10,545,0.14730518824082117,0.20313916972818918
mlp,10,546,-0.03147486846124244,0.03066006556339955
mlp,10,547,0.03846340683026736,0.0865117604455805
mlp,10,548,-0.07924928841764892,0.05054987012953947
mlp,10,549,0.02655927473485771,0.046008583728169836
mlp,10,550,-0.06934689831902058,-0.0014270688101493123
mlp,10,551,0.036737078919605134,0.1583241409136082
mlp,10,552,0.025457639462939982,0.07036243388071343
mlp,10,553,-0.12201866321542018,0.04939008477593325
mlp,10,554,0.10019976430165346,0.10019976430165346
mlp,10,555,-0.08344368350667894,0.04318157193709911
mlp,10,556,-0.042208187918523904,0.029589817270530713
mlp,10,557,0.06992047161033742,0.08616667682668157
mlp,10,558,-0.08415764240865703,0.06307740585072445
mlp,10,559,0.06138971934754857,0.09026137849357947
mlp,10,560,-0.0032046729860753936,0.06520532585330212
mlp,10,561,0.012293700532780616,0.05467367994952134
mlp,10,562,0.042045598386729666,0.13165913533102636
mlp,10,563,-0.14640720340672977,0.07653890772868789
mlp,10,564,-0.020189911495492402,0.0005038699001658486
mlp,10,565,-0.035256938182443756,0.0519564814069776
mlp,10,566,0.014175958337722894,0.120569406128796
mlp,10,567,-0.10985440813101424,0.05179612075700028
mlp,10,568,-0.04286254796688784,0.11605475686046006
mlp,10,569,-0.10264687835036507,0.07658292703314946
mlp,10,570,0.12822284503061993,0.1912704900079208
mlp,10,571,0.1573542216519287,0.1573542216519287
mlp,10,572,0.04105771705438825,0.08131860988195562
mlp,10,573,-0.038013288175264476,0.06839229444930243
mlp,10,574,0.050507934362865284,0.08297196870270747
mlp,10,575,-0.13888381348819784,0.05574962962050943
mlp,10,576,-0.04799024188399566,0.08717526709698338
mlp,10,577,0.07618101122757624,0.07618101122757624
mlp,10,578,0.01100240483331355,0.10880695532642108
mlp,10,579,0.08229020614972953,0.17758328639372517
mlp,10,580,-0.08672934319233742,0.023705931608264175
mlp,10,581,0.11301657731473679,0.20523225343462215
mlp,10,582,-0.07218597481464925,0.04379070007619831
mlp,10,583,-0.1895637701438655,-0.01907468448704893
mlp,10,584,0.029720351962256905,0.10984704124109311
mlp,10,585,-0.016056053560312096,0.027816779328660612
mlp,10,586,-0.14605961999441772,0.08211746118425715
mlp,10,587,-0.06607408898503431,0.11513606837724434
mlp,10,588,-0.015583806028777548,0.08248556635119315
mlp,10,589,-0.08072666927698742,0.020111263177420083
mlp,10,590,0.08630828619265289,0.11814164606148982
mlp,10,591,-0.07301702621899685,-0.022202275598189436
mlp,10,592,0.051014970883850846,0.05112319787057365
mlp,10,593,-0.15940409478321965,-0.005682351795550877
mlp,10,594,-0.1383821331487869,0.01607862138938289
mlp,10,595,-0.0988660071275217,-0.01062630506114206
mlp,10,596,0.05845186989997177,0.15014918686235068
mlp,10,597,0.07194636664964273,0.16204796260943455
mlp,10,598,0.008102892789971325,0.09453606411836989
mlp,10,599,-0.13295795319355885,-0.028929082961168827
mlp,10,600,0.010310433585521195,0.07066401571307636
mlp,10,601,0.0034110648205210314,0.08705667787078532
mlp,10,602,0.06543663884281871,0.06543663884281871
mlp,10,603,-0.05749544283861031,0.0004656860308960009
mlp,10,604,0.0026705033840519338,0.0787691894758512
mlp,10,605,0.06387203311131644,0.14305526586158662
mlp,10,606,-0.06020734888985902,0.0956425975319825
mlp,10,607,-0.17682220322130965,0.05707354056573109
mlp,10,608,0.1119248563134418,0.19984769181506812
mlp,10,609,0.0458809930992182,0.057026940889733715
mlp,10,610,0.0737087386009868,0.1078705765704311
mlp,10,611,0.05002149540027932,0.17510252813745553
mlp,10,612,-0.0103800396816323,0.08302210070387032
mlp,10,613,0.06087055101437876,0.06087055101437876
mlp,10,614,0.07011598637024484,0.1358075205432323
mlp,10,615,-0.046240822383925295,0.06141666681960363
mlp,10,616,-0.03872601613055183,0.05250997205127768
mlp,10,617,-0.0008001577071946597,0.04366504364031358
mlp,10,618,-0.004581581444781421,0.06867422256877982
mlp,10,619,0.008029574279211818,0.09557909249232928
mlp,10,620,-0.10966018515989116,0.0549371925390917
mlp,10,621,-0.18780196561799686,0.1239665001913366
mlp,10,622,-0.011393968936999822,0.08982964165484965
mlp,10,623,0.09947912773566898,0.18811003140180688
mlp,10,624,0.04020470190476193,0.06615785280739063
mlp,10,625,0.007054550668579962,0.07211995388814434
mlp,10,626,0.013618753316311266,0.11508820774450017
mlp,10,627,0.06827624809062467,0.06827624809062467
mlp,10,628,0.04191218980342658,0.0977708199569682
mlp,10,629,-0.005642467421189498,0.16062888591244767
mlp,10,630,0.07774041084487661,0.09807360655880283
mlp,10,631,-0.10253709488585105,-0.0016729702751055037
mlp,10,632,-0.05147525641856067,0.03308699456553042
mlp,10,633,-0.07622626481054369,0.10425367136186657
mlp,10,634,-0.05040316033357481,0.08055330372211329
mlp,10,635,-0.010841135307047604,0.04723811064935157
mlp,10,636,-0.045147601095569354,0.08309728485697741
mlp,10,637,-0.010768974125961873,0.03860261613577838
mlp,10,638,0.07746373805552566,0.25096298034258746
mlp,10,639,-0.028025075499164318,0.05963416265709483
mlp,10,640,-0.11538541027196776,0.12858365937854838
mlp,10,641,-0.016055015734472745,0.08651053040295785
mlp,10,642,0.022220539893229044,0.11623460131163542
mlp,10,643,0.08635363336839592,0.1730845131613839
mlp,10,644,-0.04281525634243531,0.020202618611894013
mlp,10,645,0.023114249132277317,0.12993734567383086
mlp,10,646,0.032033028900758445,0.10256651234685728
mlp,10,647,-0.04208899909074779,0.20427426891992212
mlp,10,648,0.05182085889702649,0.09384063633872954
mlp,10,649,-0.07435006610075362,0.1363711597797438
mlp,10,650,-0.039657816147297215,0.10080337815596078
mlp,10,651,0.0744645118023501,0.08212836754067772
mlp,10,652,-0.07232770009538439,0.09645610502473516
mlp,10,653,-0.05449002054875462,0.006657074957985301
mlp,10,654,0.011014848294766275,0.1043737542937992
mlp,10,655,0.15878463846998536,0.15878463846998536
mlp,10,656,0.008984645057387622,0.020633595344910605
mlp,10,657,0.10777180366304025,0.150371592796553
mlp,10,658,-0.09350304890752623,0.12735127778825445
mlp,10,659,-0.06558629291474395,0.06210820980538102
mlp,10,660,-0.007590390924881674,0.12827455547812333
mlp,10,661,0.033616471517573174,0.0534417407408401
mlp,10,662,-0.03864959893601619,0.05981449172630472
mlp,10,663,-0.013128366996374576,0.0096170093646131
mlp,10,664,-0.11290832429741152,0.012363797092712223
mlp,10,665,0.0029489492017224506,0.055632326126388146
mlp,10,666,-0.004943462974357354,0.05169622018009158
mlp,10,667,0.0689632890716645,0.11992847054679771
mlp,10,668,0.055923183961995235,0.11525393521344858
mlp,10,669,0.11092967824148521,0.18172489760542498
mlp,10,670,0.15419598483015717,0.15419598483015717
mlp,10,671,-0.037260877829250645,0.024573580650684546
mlp,10,672,0.017721973327483348,0.09655568017424458
mlp,10,673,0.03953048702231805,0.07435545181599638
mlp,10,674,0.015241272333742895,0.2041191377337121
mlp,10,675,-0.07517559902988664,0.05805657100836402
mlp,10,676,-0.07496187181107745,0.042843834891185734
mlp,10,677,-0.011717527419380522,0.050943907056068605
mlp,10,678,0.020210373950815347,0.06615025739946949
mlp,10,679,-0.03438165192549518,0.038364500467993085
mlp,10,680,-0.08527983320100868,0.09770935115042191
mlp,10,681,-0.05440145625170936,0.10563853124536927
mlp,10,682,0.0699346822229983,0.15456997115971538
mlp,10,683,-0.016680196967163892,0.08316835725215192
mlp,10,684,0.047737799290780786,0.0960550883194571
mlp,10,685,0.046504745027804134,0.07334570918245033
mlp,10,686,-0.04156886282175365,0.08906112413389865
mlp,10,687,0.04795298999041188,0.12440135561857331
mlp,10,688,-0.06255844233852959,0.05845497507651977
mlp,10,689,0.07784716732920123,0.08391877859969869
mlp,10,690,-0.039709879196827336,0.0600198753715354
mlp,10,691,0.02773720734564654,0.10404684457064929
mlp,10,692,0.0747322245136413,0.0747322245136413
mlp,10,693,-0.0131790134868148,0.09800740170871418
mlp,10,694,-0.03998224695980082,0.07984827148927122
mlp,10,695,0.06618498340887914,0.08144994594819867
mlp,10,696,0.025386307642701972,0.052103223770329415
mlp,10,697,-0.021315508959568137,0.052907015400822974
mlp,10,698,-0.04745135209097373,-0.031531998488230066
mlp,10,699,-0.1160369605042105,-0.05639048464530301
mlp,10,700,-0.03897911109529321,0.08963269139972087
mlp,10,701,0.11498422263881912,0.1373983067044547
mlp,10,702,-0.0433568594038225,-0.00203641282741622
mlp,10,703,-0.044456850029555905,0.07159002935905516
mlp,10,704,0.06533726601583621,0.06584101948472758
mlp,10,705,0.009882145630246003,0.16364445410640072
mlp,10,706,0.023969215671827623,0.11941846780668187
mlp,10,707,0.01587454060765338,0.019061604432788398
mlp,10,708,0.00411585788230473,0.03450598717910153
mlp,10,709,-0.09277128526979003,0.09815000962249386
mlp,10,710,0.005472271747006652,0.012583391771818137
mlp,10,711,-0.04894181959009816,-0.031043352986288096
mlp,10,712,0.04298845978940498,0.1365068064227558
mlp,10,713,-0.030533550607627025,0.06834926062023554
mlp,10,714,0.028250992562838945,0.21790885711153324
mlp,10,715,-0.1164782368570178,0.03613907459316104
mlp,10,716,-0.1674553202373889,0.02984931744248001
mlp,10,717,-0.015253380258537654,0.14484342520774152
mlp,10,718,-0.0493483363862304,0.021162836970704882
mlp,10,719,-0.025215629286290814,0.06174078203011109
mlp,10,720,-0.049750886135554756,0.11952062254460753
mlp,10,721,0.10410177478317852,0.10410177478317852
mlp,10,722,-0.0013906360990725147,0.11477502957636422
mlp,10,723,-0.01519967471112351,0.06556211122388171
mlp,10,724,0.14262301826945556,0.18528603013312944
mlp,10,725,0.10119713140915344,0.16564376445495577
mlp,10,726,-0.17860378082807113,0.050495800477711114
mlp,10,727,0.02088090259470092,0.15741106173468805
mlp,10,728,-0.050276819981869045,0.034325953936909986
mlp,10,729,-0.019815475492376014,0.06289308799746017
mlp,10,730,-0.032908923941850174,0.10014684275808057
mlp,10,731,-0.10865349354419043,0.06715506308842116
mlp,10,732,0.0448039630792071,0.14691489120382772
mlp,10,733,0.01899145846915476,0.057086109336725546
mlp,10,734,-0.04599050420782866,0.057593923956714047
mlp,10,735,-0.15705615461724087,0.07426347394813505
mlp,10,736,-0.0750881228364726,0.07426502043021942
mlp,10,737,-0.0023909574502366804,0.03501390262715763
mlp,10,738,-0.02910849814191658,-0.017992520273059337
mlp,10,739,0.09131598355488597,0.17026698471608226
mlp,10,740,-0.0035768692275568725,0.2447636998024218
mlp,10,741,0.01764791220967961,0.18668525484152054
mlp,10,742,-0.044821437872638814,0.041508100201561524
mlp,10,743,-0.20289651077475246,0.062351326817483135
mlp,10,744,0.07977559656393075,0.14893767728072937
mlp,10,745,-0.048784580474539437,0.23925099373031572
mlp,10,746,0.020069086874133862,0.09532378883946858
mlp,10,747,-0.05401537808390372,0.10712566641521588
mlp,10,748,0.012070103655653933,0.06642448687770712
mlp,10,749,-0.10077553537712657,-0.005834084495268718
mlp,10,750,-0.009994495012678933,0.10153747618025226
mlp,10,751,-0.053689988794549254,0.0066365347498600485
mlp,10,752,0.060207326330360036,0.20612628669304606
mlp,10,753,-0.07726836682496004,0.06586507442943863
mlp,10,754,0.014559920000850143,0.06602377525183258
mlp,10,755,0.010996065608285616,0.02834189403611545
mlp,10,756,-0.0077692739358114354,0.027379014047013442
mlp,10,757,-0.06491866359326011,0.10150314739904352
mlp,10,758,0.05832753023703306,0.20381642332603045
mlp,10,759,-0.019107255558212688,0.13352493818387373
mlp,10,760,-0.09345406939735448,-0.010698476212393136
mlp,10,761,0.03908541736415279,0.10878457373019527
mlp,10,762,-0.041368656544455415,0.19526295527330484
mlp,10,763,-0.01792241556024713,0.06685450360844868
mlp,10,764,-0.12706008131550486,-0.013388588836902082
mlp,10,765,-0.020259851778039246,0.0965160723649796
mlp,10,766,0.03722119663237185,0.11255877102654464
mlp,10,767,0.02316047582533487,0.09412892298023236
mlp,10,768,0.019414854920731486,0.05818582250489175
mlp,10,769,0.03271832131719983,0.05893312210395078
mlp,10,770,-0.037342268147871185,0.035818389510311924
mlp,10,771,0.007528081622542163,0.06443587778977893
mlp,10,772,-0.06337183566792333,0.08280427705330427
mlp,10,773,-0.14511538181095768,0.18005404194619756
mlp,10,774,0.02225715522089576,0.0369678389568279
mlp,10,775,-0.04086838723851733,0.03416839442525606
mlp,10,776,-0.015866939625434978,0.05159531824510315
mlp,10,777,-0.016281489456089933,0.0644106649024903
mlp,10,778,0.004636800477354305,0.13912220995404068
mlp,10,779,-0.040035619369967926,0.033611951211537094
mlp,10,780,-0.017463182524773878,0.14039175604646947
mlp,10,781,-0.11187707748835324,0.06914853257023072
mlp,10,782,0.06485697934540917,0.08905982300846958
mlp,10,783,-0.0017451541001283766,0.21917239901345859
mlp,10,784,0.01109220058445308,0.05521900579471646
mlp,10,785,-0.03360902912025589,4.2270439306921204e-05
mlp,10,786,-0.04050531639620608,0.05281063168021154
mlp,10,787,0.0621425630402203,0.11014579567117223
mlp,10,788,-0.1267536034001998,0.0022355432259245495
mlp,10,789,0.011533431555792006,0.022628521414286812
mlp,10,790,-0.13368180897298845,-0.002389344123102405
mlp,10,791,0.05612599838221512,0.06756945698737545
mlp,10,792,-0.0737285230535354,0.10832552027614485
mlp,10,793,-0.0015938973618418312,0.024014412780858196
mlp,10,794,-0.08579456231905869,-0.008860284541630674
mlp,10,795,-0.10581129388664778,0.0900131507768037
mlp,10,796,0.020597686497078743,0.020597686497078743
mlp,10,797,-0.1477212063780639,0.05985158680788276
mlp,10,798,0.053311227034554876,0.06681932148596113
mlp,10,799,-0.10874423619873166,0.06612439947165681
mlp,10,800,-0.04988861610052575,0.05341039486895234
mlp,10,801,-0.06485078838009416,0.048729530006722616
mlp,10,802,0.004285975057055885,0.10193279136584506
mlp,10,803,-0.1154949259064812,-0.019991768006278755
mlp,10,804,-0.03510758170588544,0.03317045935195269
mlp,10,805,0.016654770168611444,0.04245875863819244
mlp,10,806,0.00819396464703756,0.058799705582868636
mlp,10,807,-0.13887109935174924,-0.007499843037822043
mlp,10,808,0.03325285921174971,0.04529368491885789
mlp,10,809,-0.019077054711436496,0.03360784741529815
mlp,10,810,0.04757607609925922,0.1198571005727435
mlp,10,811,-0.020950033135147733,0.06325718436516979
mlp,10,812,-0.0067330188441709765,0.033890681136353046
mlp,10,813,-0.0373612491741931,0.11552623041052242
mlp,10,814,-0.008934891737105079,0.06328433188683265
mlp,10,815,0.0684522378648492,0.1185614930836316
mlp,10,816,0.015017171242132046,0.14911948345859977
mlp,10,817,0.04440473809905522,0.12459510083155977
mlp,10,818,-0.0015169606350826786,0.06958398255172142
mlp,10,819,0.07593394675259633,0.07593394675259633
mlp,10,820,0.053370963673976035,0.09072768216906645
mlp,10,821,-0.003985613055538059,0.013992108831871589
mlp,10,822,-0.024935075187849147,0.14477890506359087
mlp,10,823,0.013420994190110308,0.04354165468134703
mlp,10,824,0.07656380529438543,0.11316608189508613
mlp,10,825,-0.009571709618790891,0.06348598821114278
mlp,10,826,-0.13851696148128056,0.033837053905238945
mlp,10,827,-0.04981580640204347,0.09435400278521734
mlp,10,828,0.04426214631942843,0.06089349442447757
mlp,10,829,-0.03364678403443982,0.015144806011243364
mlp,10,830,-0.06614225626763079,0.037119288766564756
mlp,10,831,-0.03466656193160654,0.21781140742379457
mlp,10,832,0.002831813100183614,0.06822625020236718
mlp,10,833,-0.043092154664728585,0.040317098834394924
mlp,10,834,0.03619768779617011,0.0636433602785439
mlp,10,835,0.08236982122915608,0.11195085476563467
mlp,10,836,0.02934503767416176,0.14867791572539307
mlp,10,837,0.03441132162904961,0.14320503001502383
mlp,10,838,0.02778410331907631,0.07211195379953277
mlp,10,839,-0.012063336006415272,0.18118786579431206
mlp,10,840,0.0014651655688318888,0.00595780755836911
mlp,10,841,-0.031385839728353786,0.029759502036021415
mlp,10,842,-0.11645119860894572,0.05365841869720708
mlp,10,843,0.08602265857446177,0.1307377824596298
mlp,10,844,0.010059513767305073,0.07220887606661376
mlp,10,845,-0.09594407434178233,0.11446606936515612
mlp,10,846,-0.014713924947239082,0.09176586447057995
mlp,10,847,0.05356041705430531,0.07039140776679607
mlp,10,848,-0.1068289886151493,0.047104433515787525
mlp,10,849,-0.08452835171650155,0.045974470736067086
mlp,10,850,-0.021498455909439267,0.07732516702609817
mlp,10,851,-0.09252622279989764,0.001267511135578589
mlp,10,852,0.05188037686457131,0.07035476282723845
mlp,10,853,-0.023353329581286407,0.06565252670749498
mlp,10,854,0.05197269131716527,0.06737729716394193
mlp,10,855,-0.02067527604672429,0.1143602998062382
mlp,10,856,-0.05577773336990685,0.012406278881308297
mlp,10,857,0.16205319484419667,0.17622341099061578
mlp,10,858,0.035772288574956526,0.08463736809556123
mlp,10,859,-0.008268039239795959,0.06843616610451216
mlp,10,860,0.12929786656249503,0.15200274270057185
mlp,10,861,-0.0498771518376669,0.06494358345707384
mlp,10,862,0.0601219237684507,0.0816829743587268
mlp,10,863,0.05304751128837856,0.09587005610176426
mlp,10,864,0.08442088516375094,0.15986517072525497
mlp,10,865,0.07240234952633924,0.11451227360680048
mlp,10,866,-0.06019754159388484,-0.05208612996265659
mlp,10,867,-0.05184579672013094,0.026170516650761422
mlp,10,868,0.01758052909848347,0.10324979767114871
mlp,10,869,-0.08256465646077218,0.18222215354337573
mlp,10,870,0.052294144016045915,0.12254701765330515
mlp,10,871,-0.05866722776422712,0.09956329297542373
mlp,10,872,0.0519631820275919,0.06992496899914709
mlp,10,873,0.06430441171429029,0.12893141066342229
mlp,10,874,-0.011463951271704444,0.032577902365048955
mlp,10,875,-0.036222513630745995,0.033662769469098686
mlp,10,876,-0.05877025912625604,0.010117353416186359
mlp,10,877,0.10554156551348544,0.1417689766511417
mlp,10,878,0.07034632988068877,0.12779646095213604
mlp,10,879,-0.006343536508481962,0.061294132004014804
mlp,10,880,-0.008804375710247524,0.07920414328618848
mlp,10,881,-0.12831303235363078,0.10641566044084434
mlp,10,882,-0.12205954345500492,0.04173584476996155
mlp,10,883,0.029518347714952847,0.06062875651669726
mlp,10,884,0.0010691249525910523,0.05002660453132342
mlp,10,885,-0.09124085164653518,0.017591737764660942
mlp,10,886,0.055635614662039215,0.0903540301733423
mlp,10,887,-0.09652696488503965,0.025974304705339957
mlp,10,888,0.03738670639418995,0.10751874401535248
mlp,10,889,0.06597840432112655,0.09958433316038225
mlp,10,890,0.0614362424730462,0.10592828728347393
mlp,10,891,0.09484047852593368,0.0960888230754652
mlp,10,892,-0.05479486284823162,0.03247707954069613
mlp,10,893,-5.0481582647199374e-05,0.05628487319916477
mlp,10,894,-0.11576850592559995,0.026286786807727863
mlp,10,895,0.07629722597350867,0.15439272083614303
mlp,10,896,-0.08468510052723753,-0.03422619648548749
mlp,10,897,-0.029750603332182886,0.10349353871100182
mlp,10,898,0.02671312538940268,0.06518772455642578
mlp,10,899,-0.017857770652790157,0.011064535373917508
mlp,10,900,0.036900954380380185,0.06948563930133682
mlp,10,901,-0.08688148670258515,0.026168709518804692
mlp,10,902,-0.002414643645471351,0.04126776617510618
mlp,10,903,-0.03010914814589402,0.053445537696723416
mlp,10,904,0.10220243424886157,0.12809761527120506
mlp,10,905,-0.05599881666100035,0.0176538948494359
mlp,10,906,-0.0012298044413246584,0.08094824600571256
mlp,10,907,-0.028090114758437854,0.0900387436200762
mlp,10,908,0.15398175783357326,0.1936452090609937
mlp,10,909,-0.08476389525655063,0.01918227525148218
mlp,10,910,0.04265645468228757,0.05778921126370175
mlp,10,911,-0.011679646860533008,-0.011679646860533008
mlp,10,912,0.02900830712330399,0.21311004625457558
mlp,10,913,0.01013731300130899,0.05808977155196664
mlp,10,914,-0.03330512113183417,0.0853427827522769
mlp,10,915,-0.06375162358213042,0.06290006802943209
mlp,10,916,-0.046425837172003895,0.02148088133590524
mlp,10,917,0.0058484399607368065,0.07328290239438147
mlp,10,918,0.07042722393957103,0.10905791285917281
mlp,10,919,-0.05430925584051652,-0.05081959572109687
mlp,10,920,-0.05815923475804888,0.03848358951847761
mlp,10,921,-0.026094858392505478,0.03782213133346714
mlp,10,922,-0.048678295996927856,0.02289822637436341
mlp,10,923,-0.007817526089640467,0.2735144064198349
mlp,10,924,0.027269725364918285,0.12745353708085966
mlp,10,925,0.008128790334022029,0.1693432856954098
mlp,10,926,-0.11024428882728479,0.03244833641688982
mlp,10,927,-0.08698850096590093,-0.021109535322468877
mlp,10,928,0.03143299231852548,0.03971446981419752
mlp,10,929,0.04380024013776017,0.04380024013776017
mlp,10,930,-0.01318028225632814,0.17447656509903048
mlp,10,931,-0.031871392026326384,0.036377538906780776
mlp,10,932,-0.03155339025625918,0.008785806850004324
mlp,10,933,0.08344990406949997,0.17723357424177583
mlp,10,934,-0.03779103840273066,0.06565084450384435
mlp,10,935,0.058339127439511654,0.19456084458599737
mlp,10,936,-0.023381392434464625,0.029138452298981224
mlp,10,937,0.006281821678415192,0.1650427236083345
mlp,10,938,-0.05849843208566399,0.11934769203002539
mlp,10,939,0.016539406531842105,0.09189453219266629
mlp,10,940,-0.01761493124401567,0.030094289060964313
mlp,10,941,0.021521343872534987,0.0588635462425124
mlp,10,942,-0.053349566913265783,0.07340709009679523
mlp,10,943,0.015857235799780642,0.07669204201637402
mlp,10,944,-0.0026835991802766773,0.09761262908435024
mlp,10,945,0.07131300064873015,0.07131300064873015
mlp,10,946,-0.07634891417473468,-0.019821942118664115
mlp,10,947,0.09131668166349648,0.09131668166349648
mlp,10,948,-0.03610051750332296,0.08221967821951488
mlp,10,949,0.025228422171105852,0.08136910546107905
mlp,10,950,-0.013210557717501376,0.15067523332306254
mlp,10,951,0.11954809508979065,0.17468670953274928
mlp,10,952,0.08943088082877208,0.1584199494752498
mlp,10,953,0.003230808235322971,0.1487842323017693
mlp,10,954,0.018778195933672373,0.108254005039102
mlp,10,955,-0.01845305560498931,0.12649121810211733
mlp,10,956,0.050038669684570325,0.10674519655550492
mlp,10,957,-0.0453374407812977,0.0471730100862648
mlp,10,958,0.022481251301113545,0.060190094544658776
mlp,10,959,-0.044492251555382306,0.02453634986002251
mlp,10,960,-0.03485647510802936,-0.007447153325238334
mlp,10,961,-0.08622539933493789,-0.03222536088507106
mlp,10,962,0.04656513645112659,0.11765870917491351
mlp,10,963,0.011038846467260569,0.04145618144597418
mlp,10,964,0.030421821065234264,0.07425736613361635
mlp,10,965,-0.12533103280681593,-0.009320485522123709
mlp,10,966,0.09225971515478186,0.20305233816517332
mlp,10,967,0.030972078562468336,0.07313208123467511
mlp,10,968,-0.02049110019549024,0.036561222906745405
mlp,10,969,0.12243220201686224,0.15990339703033618
mlp,10,970,0.005356480431201335,0.10877465089925024
mlp,10,971,0.043294264119109166,0.12935156446321106
mlp,10,972,0.002436689166468012,0.1003410089848054
mlp,10,973,-0.03300306440801348,0.10900765511608336
mlp,10,974,0.026589158463117338,0.15346937218771828
mlp,10,975,0.046675332726105065,0.11725095341079898
mlp,10,976,0.02541070797917215,0.13282528171716634
mlp,10,977,0.0015393694488877036,0.19520926514254378
mlp,10,978,-0.08852714682252777,0.017434455616202604
mlp,10,979,0.11865065713906851,0.13567817879395638
mlp,10,980,-0.056308078273272576,0.023671115132229317
mlp,10,981,-0.09595060305067636,-0.003255516578414941
mlp,10,982,-0.02212602110147762,0.06153890381043296
mlp,10,983,0.0011663841695622595,0.08240383921700208
mlp,10,984,0.0699301139064029,0.07562801170196291
mlp,10,985,-0.03665976348794859,0.05516748594071806
mlp,10,986,0.03196798459551073,0.03196798459551073
mlp,10,987,0.058707984569446134,0.13446463084766563
mlp,10,988,-0.02556298896849052,0.13355822235749543
mlp,10,989,-0.01652282253984063,0.05816902420787316
mlp,10,990,0.03640363675820106,0.16869042473355367
mlp,10,991,0.029715892886042317,0.11319815356583689
mlp,10,992,-0.006889271159355351,0.06789075777898355
mlp,10,993,-0.01859925743801752,0.053534743472358357
mlp,10,994,-0.0070177765432853645,0.011814584635956166
mlp,10,995,-0.11513039533623266,-0.019390619605513144
mlp,10,996,-0.013926589010565107,-0.013926589010565107
mlp,10,997,0.0596427361948154,0.06231743791591353
mlp,10,998,-0.04089795795190411,0.00302487396298097
mlp,10,999,-0.03146435290225401,0.08153546361267551
mlp,10,1000,0.009683655169986191,0.1651293204066681
mlp,10,1001,-0.040223589047002024,0.05113945085047701
mlp,10,1002,-0.04438443164446203,0.04761846584800748
mlp,10,1003,-0.19928436692515472,-0.014483386575247635
mlp,10,1004,-0.00798187882889298,0.06943692146242607
mlp,10,1005,-0.0572232533302771,0.1147675729053007
mlp,10,1006,0.010730204921467354,0.11653531334865964
mlp,10,1007,0.006024916696971305,0.07360967802775843
mlp,10,1008,-0.1277973404456268,0.12573570219150887
mlp,10,1009,0.0337482208497166,0.11400524177878212
mlp,10,1010,0.007115348815051548,0.10480317964873236
mlp,10,1011,0.0691314078254233,0.11063385345837308
mlp,10,1012,-0.0034330507560030588,0.07733735232156404
mlp,10,1013,-0.07854286807869146,0.0668173594674749
mlp,10,1014,0.01920406755628476,0.07334723228827982
mlp,10,1015,0.030655220100735195,0.06280855490933508
mlp,10,1016,0.03419241905722345,0.08556659246637953
mlp,10,1017,-0.036118525752952615,0.17070382840119508
mlp,10,1018,0.040883548440913006,0.1445394055893865
mlp,10,1019,-0.09726662506218914,0.13710936723563127
mlp,10,1020,-0.059945814800022576,0.12427416221067865
mlp,10,1021,-0.07206633925101107,0.013079185351854483
mlp,10,1022,-0.051344503196409305,0.18142291433753516
mlp,10,1023,0.040442837769190706,0.08094119226005568
mlp,10,1024,0.08721533894497675,0.08721533894497675
mlp,10,1025,-0.11409662956186345,0.02310663781357329
mlp,10,1026,0.04057555821330237,0.050966360307466846
mlp,10,1027,0.023711172657509494,0.07395368216682517
mlp,10,1028,0.007718864731705577,0.05782620240463947
mlp,10,1029,0.04115099372261731,0.13716513839780925
mlp,10,1030,0.11593462791712152,0.161697696831211
mlp,10,1031,-0.011676159481779573,0.06343804492378173
mlp,10,1032,-0.03670503679556536,-0.021579344755749734
mlp,10,1033,-0.007815847551849955,0.06958368543075251
mlp,10,1034,-0.004291011946698786,0.018997420038822363
mlp,10,1035,0.05930027045092502,0.13593947003985357
mlp,10,1036,-0.0016768368469986389,0.05329560042030837
mlp,10,1037,0.045646747264829673,0.06366104333280374
mlp,10,1038,-0.1115234013414414,0.007366074084899449
mlp,10,1039,0.012153294794866612,0.11387248890818831
mlp,10,1040,0.06551360527151963,0.06551360527151963
mlp,10,1041,0.04156314363029273,0.15032706466170598
mlp,10,1042,-0.008783677804009647,0.08100450154302667
mlp,10,1043,0.0864354544096796,0.13207286210602004
mlp,10,1044,-0.007439317980587029,0.07192038699797308
mlp,10,1045,-0.15226257979869892,0.12113655902073671
mlp,10,1046,0.02209563546484472,0.06944056971429223
mlp,10,1047,-0.14219623836740006,0.008962685088276176
mlp,10,1048,0.044346710557779154,0.05530192166083843
mlp,10,1049,-0.008743512948931727,0.08434317368258272
mlp,10,1050,0.0379852735941618,0.08394126329183359
mlp,10,1051,-0.008867800232075403,0.06098159921145653
mlp,10,1052,0.03457854066296688,0.08480888969479412
mlp,10,1053,0.06611059807566501,0.1035522424129663
mlp,10,1054,0.04645557296870104,0.06328505028509775
mlp,10,1055,0.09748868610718504,0.14920273984957272
mlp,10,1056,0.027012196598517724,0.06311147609330288
mlp,10,1057,0.16554454378099837,0.172023850223538
mlp,10,1058,-0.05195026734035767,0.01961207090337659
mlp,10,1059,0.03543511102360819,0.03543511102360819
mlp,10,1060,0.03791397406561761,0.15076752038359803
mlp,10,1061,-0.012762773899694546,0.05941800925239331
mlp,10,1062,-0.002602439999884923,0.13820823958701584
mlp,10,1063,0.153589105675128,0.153589105675128
mlp,10,1064,0.024688729069628018,0.039731885595356994
mlp,10,1065,0.025691769274681683,0.05765382540024207
mlp,10,1066,0.08317220566899756,0.10297699948777876
mlp,10,1067,-0.031275240505523966,0.03606915000062051
mlp,10,1068,-0.06844987821178636,0.07549229869859776
mlp,10,1069,0.06126253453903226,0.07331911165557765
mlp,10,1070,-0.0643658453220679,0.08027666811138227
mlp,10,1071,-0.018125869505370186,0.016119844836283356
mlp,10,1072,0.024473228178976722,0.08631413303451231
mlp,10,1073,0.09823902176731743,0.11456161129886848
mlp,10,1074,0.019778890260823717,0.04240071490759305
mlp,10,1075,0.08279583164351277,0.2419892482323126
mlp,10,1076,-0.11986156338764048,0.16543875899863214
mlp,10,1077,0.05555637322074215,0.08456002385473994
mlp,10,1078,-0.052511923830633335,0.04236508382302809
mlp,10,1079,-0.11501356617450954,0.14289867114108867
mlp,10,1080,0.03167399634956686,0.03708787356888325
mlp,10,1081,-0.04438350956030504,0.033804940269375985
mlp,10,1082,-0.03032689828657268,0.003261185054352897
mlp,10,1083,-0.05126801121020255,0.0713080004425944
mlp,10,1084,-0.0009330816603530384,0.07097424465388076
mlp,10,1085,-0.08986656992215339,0.03253033677396451
mlp,10,1086,0.12477273797650727,0.12477273797650727
mlp,10,1087,0.10626511759949324,0.2180189727960501
mlp,10,1088,-0.05026227191043716,0.14489724743015686
mlp,10,1089,0.013458320695534917,0.017532224004630087
mlp,10,1090,0.04015055807562584,0.07062216799693989
mlp,10,1091,0.04951077257257025,0.11385314784325308
mlp,10,1092,0.04702667265472363,0.20400134368946454
mlp,10,1093,0.03621030152774962,0.20622314863657942
mlp,10,1094,0.05953674490488929,0.12087125466509706
mlp,10,1095,0.03233858879964725,0.059702776014369144
mlp,10,1096,-0.012978637474430517,0.0997460668004644
mlp,10,1097,0.05728760296790043,0.08267691825752206
mlp,10,1098,-0.10921628140604644,0.0646203619773127
mlp,10,1099,-0.0383819435532264,0.053121415266174046
mlp,10,1100,-0.02621580447147672,0.1099869527815552
mlp,10,1101,-0.16630397542933836,0.07353916493724601
mlp,10,1102,-0.06941387595288505,0.08210722899002486
mlp,10,1103,-0.011520574716365133,0.1010944555795013
mlp,10,1104,0.044923883076070426,0.15253788314917466
mlp,10,1105,0.02563684989592996,0.1597828604175165
mlp,10,1106,0.13071628271865654,0.15406657481400504
mlp,10,1107,-0.01595965795134456,0.056412532981077415
mlp,10,1108,0.19857969080610466,0.2402271354460485
mlp,10,1109,0.043218302258760596,0.043623560199596456
mlp,10,1110,0.004936397485117483,0.14604208049468886
mlp,10,1111,-0.05904652633443394,0.025792124750376177
mlp,10,1112,-0.15035365566705838,0.0038655916677344804
mlp,10,1113,0.018024424385215926,0.1524168152139604
mlp,10,1114,-0.03922773871916663,0.09487516455869617
mlp,10,1115,0.13403059322878108,0.1626461205643448
mlp,10,1116,0.04488596250575458,0.13491969631940304
mlp,10,1117,-0.015907139342833082,0.01801934350393454
mlp,10,1118,0.10117187417503141,0.14662772158827536
mlp,10,1119,0.020822725988602048,0.13984463146588605
mlp,10,1120,-0.19533379578700769,-0.0021690286265299147
mlp,10,1121,-0.024927143540723416,0.11012542322906786
mlp,10,1122,0.011009914606747453,0.06171505918666435
mlp,10,1123,0.07292321046485685,0.07974560895655798
mlp,10,1124,0.09328205377676875,0.14564445293424344
mlp,10,1125,-0.1148160314716716,0.09249945871594877
mlp,10,1126,0.024110288892337225,0.06541977317464383
mlp,10,1127,0.005032017631315791,0.13129864697906163
mlp,10,1128,-0.09188033089404199,0.07621840901743261
mlp,10,1129,0.05114124977913795,0.11900304477996253
mlp,10,1130,-0.06453710322834215,0.09153956622890992
mlp,10,1131,-0.06762012752802876,0.11481320039244165
mlp,10,1132,-0.03810875254442641,0.12139301667610562
mlp,10,1133,0.08108923552086593,0.17603550150509972
mlp,10,1134,0.09918780641349055,0.09918780641349055
mlp,10,1135,-0.011943078288663027,0.03195306814980994
mlp,10,1136,-0.00910237578806701,0.08944555345052184
mlp,10,1137,0.04954044497675929,0.1515568222149848
mlp,10,1138,-0.028763676732912746,0.047766156141304514
mlp,10,1139,-0.011678077555547818,0.16067410575713087
mlp,10,1140,-0.0461100542494676,0.10965053376520069
mlp,10,1141,-0.07653856746538461,0.07248882081042902
mlp,10,1142,0.005800005303311567,0.11445438954055691
mlp,10,1143,0.0182309790378207,0.11622428672179617
mlp,10,1144,-0.09695999986475921,-0.012454675718647834
mlp,10,1145,0.033766937000877253,0.048644917193334816
mlp,10,1146,0.04724402956374471,0.22529028581246996
mlp,10,1147,-0.035676532912330104,0.11024021860267878
mlp,10,1148,0.017972910917493465,0.09708561016826676
mlp,10,1149,-0.008707526798410137,0.079359924285815
mlp,10,1150,-0.016130716647455585,0.11772987951882939
mlp,10,1151,-0.0551311451212681,0.04273052503221124
mlp,10,1152,-0.06821114310598331,0.09961367446704218
mlp,10,1153,0.042023244728538606,0.08082774519935522
mlp,10,1154,-0.0706932639924857,0.08927755422387194
mlp,10,1155,0.1634796824714269,0.1634796824714269
mlp,10,1156,0.020560774962477574,0.03751174900746315
mlp,10,1157,0.13453166533483596,0.1821757052654368
mlp,10,1158,-0.020782948357214774,0.027401479490486186
mlp,10,1159,0.09427599114563988,0.12622371000667004
mlp,10,1160,0.06672109122258636,0.11990787199684559
mlp,10,1161,-0.09843938771617466,0.09795050397211068
mlp,10,1162,-0.13309427204004495,-0.04586834553707926
mlp,10,1163,-0.042337039096764506,0.1461507996319351
mlp,10,1164,-0.04410915361174679,0.040340069945266954
mlp,10,1165,0.022531514479734685,0.0771335038899061
mlp,10,1166,-0.12285651179734461,0.029823751059882928
mlp,10,1167,0.01819722459755531,0.050096428729688905
mlp,10,1168,0.04929386649408542,0.1425868177019376
mlp,10,1169,0.04994487587766726,0.0602391893643288
mlp,10,1170,-0.04970103247900395,0.11963437283774471
mlp,10,1171,0.0915635205752683,0.12151515645833448
mlp,10,1172,-0.04592797266670806,0.011033229527852031
mlp,10,1173,-0.06644037167119317,-0.01997754819251108
mlp,10,1174,-0.046717295580160745,0.11438524808433793
mlp,10,1175,-0.05605931827450139,0.08433307912481543
mlp,10,1176,0.06358348442269386,0.09075752226303473
mlp,10,1177,-0.12202367209241657,0.008012687975404678
mlp,10,1178,-0.032475016229648566,0.10988540633239281
mlp,10,1179,0.04612736885201696,0.09938874838408897
mlp,10,1180,0.0022558666987361753,0.06146368652933827
mlp,10,1181,-0.0939317512391041,0.08730425152778758
mlp,10,1182,0.04121552647249631,0.14331505423116836
mlp,10,1183,-0.09798290031922421,0.024985106132672574
mlp,10,1184,0.009972475363416888,0.0328501843255842
mlp,10,1185,-0.06708427746275902,0.06326033612546712
mlp,10,1186,-0.009245211476897323,0.09214147136072033
mlp,10,1187,0.017569802829512052,0.14959329227587564
mlp,10,1188,-0.03878023389736777,0.014852793262807015
mlp,10,1189,0.08327579492579847,0.12472686851337962
mlp,10,1190,0.030875617909356792,0.08247780070913692
mlp,10,1191,-0.01998792096105629,0.02320674852515779
mlp,10,1192,0.01489456303614356,0.0658639310451279
mlp,10,1193,-0.1036914244771023,0.03985224303965676
mlp,10,1194,0.014338652393473011,0.08801968853728688
mlp,10,1195,-0.03253099618129951,0.06473048868322014
mlp,10,1196,0.05997517701584411,0.2081363186958874
mlp,10,1197,0.0028380598238342686,0.010120565393677533
mlp,10,1198,0.011260580511668977,0.044520092627200525
mlp,10,1199,0.008201354251825124,0.13007746436276002
mlp,10,1200,-0.08793503124426465,0.038375580590396516
mlp,10,1201,0.038656804213407836,0.11307346236101821
mlp,10,1202,-0.03355040817511061,0.00960811262651333
mlp,10,1203,0.024169233094852194,0.12786352707085574
mlp,10,1204,-0.1328457743043387,0.034294895776949566
mlp,10,1205,0.06215026565590749,0.11428087661265117
mlp,10,1206,-0.07684920137908875,0.04244447210020065
mlp,10,1207,0.01772773958120738,0.07012216729505517
mlp,10,1208,0.04473818516169967,0.04473818516169967
mlp,10,1209,-0.11124173217763594,0.037736968650804795
mlp,10,1210,-0.03881513600840425,0.15966308604279383
mlp,10,1211,0.03066058507988037,0.07135249406603765
mlp,10,1212,-0.09733124480876437,0.0025135715702574585
mlp,10,1213,0.009256476003652273,0.05133439727207971
mlp,10,1214,0.03783094615733201,0.03783094615733201
mlp,10,1215,-0.10929734550304798,0.04020684921085686
mlp,10,1216,0.034194484847197754,0.04491420578190082
mlp,10,1217,0.014883215778015768,0.15081109780407154
mlp,10,1218,-0.002847292374206556,0.01792813361040857
mlp,10,1219,-0.022044026116550743,0.04593923057295464
mlp,10,1220,-0.022963015061064303,0.20078838346055167
mlp,10,1221,0.016054549065313367,0.14094825486278878
mlp,10,1222,0.07882161889382279,0.09196845658859805
mlp,10,1223,0.06966370863230893,0.07387853127090206
mlp,10,1224,0.07954804838337327,0.10011868785180845
mlp,10,1225,0.06779995498249254,0.09020081549040361
mlp,10,1226,-0.08536471094940429,0.0027182314361200027
mlp,10,1227,-0.05360662197942703,0.009564188616699623
mlp,10,1228,-0.026105146452036043,0.14506310393477329
mlp,10,1229,-0.04887536894894559,0.09758999399221739
mlp,10,1230,-0.10473266003019219,0.1411910092668498
mlp,10,1231,-0.02423320902857414,-0.0029976009045347557
mlp,10,1232,-0.1346158272727767,0.02652718786827156
mlp,10,1233,-0.07391454936103156,0.053217867599922405
mlp,10,1234,-0.19051897532865347,0.07477974380478604
mlp,10,1235,0.006210845327995651,0.015442974976686369
mlp,10,1236,0.04655004229797348,0.09803044788895458
mlp,10,1237,-0.029984080570712578,0.07770426804520982
mlp,10,1238,0.0037807167958416182,0.16853902987273273
mlp,10,1239,0.008953826285543462,0.1472015600839643
mlp,10,1240,-0.053805070371208324,0.047987194997325275
mlp,10,1241,0.07783637870833647,0.07783637870833647
mlp,10,1242,0.10548161444740682,0.13718005132617977
mlp,10,1243,0.008335354394799543,0.059704654980425334
mlp,10,1244,0.06703216110419923,0.08175262232339638
mlp,10,1245,0.038589156391252044,0.12719376010197475
mlp,10,1246,-0.10110893731770293,0.0794499159688495
mlp,10,1247,0.017132432425771463,0.039149742695820944
mlp,10,1248,-0.08521726474360566,0.13994560359647112
mlp,10,1249,0.06077293066038421,0.10227942477535253
mlp,10,1250,0.07903095343995518,0.07903095343995518
mlp,10,1251,0.05075294956814978,0.15823138302185574
mlp,10,1252,-0.09673121073673809,0.03748665933747303
mlp,10,1253,-0.038796093213330225,0.07813138623055695
mlp,10,1254,0.1016772339062053,0.15862470818264957
mlp,10,1255,-0.09439480735985273,0.16152647562091238
mlp,10,1256,-0.008132926594538667,0.18782516142472905
mlp,10,1257,0.01227348036340728,0.07409548595090175
mlp,10,1258,-0.010430631013005252,0.04028518502053845
mlp,10,1259,0.07663378219836238,0.10118976806373671
mlp,10,1260,-0.014455242336713324,0.09495829448392522
mlp,10,1261,0.028775182134205518,0.15337731123678572
mlp,10,1262,-0.032704806757502654,0.0034449458156624035
mlp,10,1263,0.018075308983109245,0.04405656913803342
mlp,10,1264,-0.03314610943556689,0.09291226680291699
mlp,10,1265,0.032102677774403204,0.042816456025480204
mlp,10,1266,-0.09398857336307992,0.048169207139683104
mlp,10,1267,-0.01561626107079074,0.07423631881261113
mlp,10,1268,-0.10936435664810454,0.03894441632860844
mlp,10,1269,0.07965563076607536,0.1219376565349111
mlp,10,1270,0.036504303583802966,0.1629896554771369
mlp,10,1271,-0.03490911462411083,0.12052328112353643
mlp,10,1272,-0.026742075792498633,0.02360468715962931
mlp,10,1273,-0.11833207228794856,0.017624196662199068
mlp,10,1274,0.04035569182096385,0.1244728742245181
mlp,10,1275,0.004919949988487021,0.09235959143546686
mlp,10,1276,0.09104649692895896,0.09104649692895896
mlp,10,1277,-0.05165351596630552,0.08149924825937495
mlp,10,1278,0.07972219855770203,0.18304170672297543
mlp,10,1279,0.12304937907682405,0.18033032438819352
mlp,10,1280,0.03681406495677393,0.08721907878016484
mlp,10,1281,0.01847224127347437,0.09658742711803174
mlp,10,1282,0.022238534138593988,0.09576479888431254
mlp,10,1283,-0.027823813555221115,0.10612816028967441
mlp,10,1284,0.028420306327980857,0.18491820587227537
mlp,10,1285,0.08087340520331819,0.08087340520331819
mlp,10,1286,-0.05996491060011157,-0.019498426158628672
mlp,10,1287,0.027727720822617888,0.09561844489465228
mlp,10,1288,-0.06842337996356136,0.2746074018995448
mlp,10,1289,-0.0023520229103687063,0.1105798155520696
mlp,10,1290,0.11821302882569791,0.1589837874471578
mlp,10,1291,0.018625034542017346,0.04661733288999789
mlp,10,1292,-0.1102129422233264,0.040638712856153225
mlp,10,1293,-0.06916633093108811,0.022824256629488796
mlp,10,1294,-0.0606235046367362,0.09366131957131126
mlp,10,1295,0.03329766081903818,0.10038447133479671
mlp,10,1296,0.09524801913556823,0.13057757330316905
mlp,10,1297,-0.007627699702067878,0.0655374115823897
mlp,10,1298,-0.042616380080567576,0.010824758847150312
mlp,10,1299,0.09215495341432851,0.16317182530068275
mlp,10,1300,0.021667897238112008,0.04953282815415021
mlp,10,1301,-0.03720131412296935,0.13668507641021532
mlp,10,1302,-0.12032568045493319,0.007351548930500357
mlp,10,1303,-0.05142201935688178,0.056991841076716135
mlp,10,1304,-0.09753258923447461,0.11690581525038672
mlp,10,1305,0.02855522874114033,0.08418255287978825
mlp,10,1306,-0.059985379177612305,0.13973937876287335
mlp,10,1307,-0.017503610659265555,0.08055617237415212
mlp,10,1308,0.043804899877726955,0.16963856165183427
mlp,10,1309,0.008932352773140459,0.09060352277908033
mlp,10,1310,0.0425752211878221,0.0425752211878221
mlp,10,1311,-0.000980419939625457,0.04291949540541737
mlp,10,1312,-0.06474154917922655,0.09627963710446504
mlp,10,1313,0.08097067571893508,0.11295250569480418
mlp,10,1314,0.18437322857776617,0.22089246573678106
mlp,10,1315,0.052213341823052206,0.13262009081221554
mlp,10,1316,-0.017764584786368054,0.0013794720262369914
mlp,10,1317,-0.02502517678048656,0.14220674650722576
mlp,10,1318,-0.09231916893987861,-0.0282967897514688
mlp,10,1319,0.056232121692924256,0.065434574741861
mlp,10,1320,-0.02046735967161123,0.12448852573628212
mlp,10,1321,-0.08666264899394778,0.13787909498117767
mlp,10,1322,0.02499207171153077,0.032726737373851886
mlp,10,1323,0.006249019817017448,0.03913370044345928
mlp,10,1324,-0.06935084564406306,0.1614657953485859
mlp,10,1325,0.01263579877514158,0.11756598547194856
mlp,10,1326,-0.17383212055577213,-0.008134233832486633
mlp,10,1327,-0.03836992499814934,0.15458997562787008
mlp,10,1328,0.0397837824793071,0.15344215052906396
mlp,10,1329,0.06416283170320584,0.07267888899581539
mlp,10,1330,0.004226430575239082,0.0442511064072615
mlp,10,1331,0.011919042953784348,0.07537836011670652
mlp,10,1332,-0.008992386350122582,0.09373029084656183
mlp,10,1333,0.023912372326927153,0.20056487469187395
mlp,10,1334,0.019808778021889448,0.2612081304311411
mlp,10,1335,0.020602601271375115,0.2675005047684885
mlp,10,1336,0.039536297054532404,0.05367922721709846
mlp,10,1337,-0.0018553015537478984,0.12242742851668696
mlp,10,1338,-0.044732993812046,0.08974013158192513
mlp,10,1339,-0.06705086358185748,0.027511042879867637
mlp,10,1340,0.031075777712942204,0.031075777712942204
mlp,10,1341,-0.0021972418952451583,0.06871748682713925
mlp,10,1342,0.10394071635215422,0.1265892762971812
mlp,10,1343,-0.06909188945510963,0.035714303800527925
mlp,10,1344,0.045857699509260816,0.12701828318968333
mlp,10,1345,-0.06809705188045248,0.07690250916747875
mlp,10,1346,0.10036061213533816,0.10517518656953805
mlp,10,1347,-0.036954691823420385,-0.022433561995136554
mlp,10,1348,0.027335291688818764,0.1067476278328492
mlp,10,1349,-0.08917373331197308,-0.010671467678566506
mlp,10,1350,-0.07124384325239046,0.022182884452669596
mlp,10,1351,-0.017080014435406972,0.2033096611082742
mlp,10,1352,0.05158381967862222,0.09436542862062484
mlp,10,1353,0.04581836525669861,0.1331065626415152
mlp,10,1354,-0.01282742360858518,0.03608937345608511
mlp,10,1355,-0.036428704989912644,0.015368494515439673
mlp,10,1356,0.0972759266004677,0.24700527151090462
mlp,10,1357,-0.04742764653808039,-0.03785680230593455
mlp,10,1358,0.00011698662686634997,0.11295762599256716
mlp,10,1359,0.06071371720063164,0.12235793378865802
mlp,10,1360,0.028860927282106888,0.13081872868009387
mlp,10,1361,0.19753268938860302,0.19753268938860302
mlp,10,1362,0.045808290432124046,0.11523816696375093
mlp,10,1363,-0.06695044629101349,0.027362612171649564
mlp,10,1364,-0.1060672988327003,-0.010665748892008275
mlp,10,1365,-0.0020648035810255927,0.03521046529660138
mlp,10,1366,0.042465338964026,0.06353247863654672
mlp,10,1367,-0.052782292606515666,0.08590993947632482
mlp,10,1368,0.02722457073831304,0.08661839425863772
mlp,10,1369,0.03317740799698579,0.06752967751434426
mlp,10,1370,0.010140024828772451,0.028830449001247982
mlp,10,1371,0.011211125233944408,0.07643971042857219
mlp,10,1372,-0.07053316363839796,-0.022457803680954284
mlp,10,1373,-0.08326461029944088,0.1027621846159709
mlp,10,1374,0.05840363937379052,0.16787295496010235
mlp,10,1375,-0.09541763339360271,0.08562053237052906
mlp,10,1376,-0.08338590782703659,0.046788365520396086
mlp,10,1377,0.0214948979247859,0.1382827292173779
mlp,10,1378,0.0733114011284688,0.11015122205715606
mlp,10,1379,0.054665322065305735,0.054665322065305735
mlp,10,1380,0.08372829649132181,0.10456963867228451
mlp,10,1381,0.03747979238057207,0.10295091251001105
mlp,10,1382,0.11265991482322697,0.20557786219153706
mlp,10,1383,0.053592249827799296,0.0843839643519368
mlp,10,1384,-0.060106225784940355,0.09572757249925916
mlp,10,1385,-0.036474332517508486,0.04041764682632333
mlp,10,1386,-0.012408153136254152,0.05496411669840333
mlp,10,1387,-0.01678995931965093,0.07081838151522936
mlp,10,1388,0.1382980218139927,0.24784137921261912
mlp,10,1389,-0.007521539378473802,0.06589108760355118
mlp,10,1390,0.08918992169084876,0.16063893995828754
mlp,10,1391,0.023436886108629276,0.08301541574537465
mlp,10,1392,-0.02627496986642583,0.10214869868830788
mlp,10,1393,0.016988576654878726,0.05827413557736898
mlp,10,1394,0.07784168902382814,0.1265562871255057
mlp,10,1395,-0.050295718899734373,0.08458116790344865
mlp,10,1396,0.06859344619280049,0.08736729733749717
mlp,10,1397,0.14079086763619864,0.1817553745185494
mlp,10,1398,0.015640719378319706,0.06796793275917566
mlp,10,1399,-0.06397835580559712,0.007833281501857331
mlp,10,1400,-0.02700976355936141,0.0011012349082167444
mlp,10,1401,-0.02699541994141763,-0.013419886659684542
mlp,10,1402,-0.0009916844052515056,0.07119425576005765
mlp,10,1403,0.013386947783498832,0.18742419186867065
mlp,10,1404,-0.004421524272898866,0.2286708608849634
mlp,10,1405,0.02004155571510749,0.11910955932246244
mlp,10,1406,-0.0689454566027282,0.1249992428738317
mlp,10,1407,0.13384257394450688,0.13384257394450688
mlp,10,1408,-0.00712369203379809,0.04827173636040162
mlp,10,1409,0.04726865094770989,0.05154712770832029
mlp,10,1410,0.07174392012402338,0.16760522181528847
mlp,10,1411,-0.025245949035797403,0.06861005859639561
mlp,10,1412,0.009331794067059973,0.14110459037426754
mlp,10,1413,0.04320051406836051,0.08770754243978111
mlp,10,1414,0.07642357854473604,0.12225365223513908
mlp,10,1415,0.008886205029207922,0.08487896071674943
mlp,10,1416,0.04381248337690995,0.07725784768526849
mlp,10,1417,-0.07460133254255596,0.07697167898962869
mlp,10,1418,0.007437627103143163,0.07765516207390581
mlp,10,1419,-0.12831853127247478,0.026771790284434133
mlp,10,1420,-0.06035728440165893,0.0956363968765948
mlp,10,1421,-0.02532866553657425,0.03455067200859674
mlp,10,1422,-0.07862631695427791,0.0976902930260886
mlp,10,1423,0.06178098465113073,0.16404249840896706
mlp,10,1424,-0.00768919205876098,0.15158200320943643
mlp,10,1425,0.11557166392778552,0.226717490806983
mlp,10,1426,0.040146522219171255,0.1274434088591177
mlp,10,1427,-0.08117588978886502,0.07904260328919539
mlp,10,1428,0.011025842078509637,0.12380148412663709
mlp,10,1429,0.014692630636744752,0.14101156053615677
mlp,10,1430,-0.018500235343749158,0.10591667050514901
mlp,10,1431,0.029358740491664162,0.1214922451655532
mlp,10,1432,0.05818483650317703,0.08654180869683582
mlp,10,1433,0.06584309612283283,0.15922273928566982
mlp,10,1434,-0.06798719736877361,0.07960704638459294
mlp,10,1435,-0.10239653341724753,0.05161181879822403
mlp,10,1436,-0.06679836965970452,0.04586705201686343
mlp,10,1437,-0.017805855587774935,0.09978860504407293
mlp,10,1438,0.03737214767738238,0.05019686472567575
mlp,10,1439,-0.04391120460176727,0.00831784732377111
mlp,10,1440,-0.005026246685435956,0.2515504963954152
mlp,10,1441,0.06467604558294231,0.06467604558294231
mlp,10,1442,-0.0996523886220485,0.17564633902810128
mlp,10,1443,0.0681334180040747,0.16740956064791568
mlp,10,1444,0.10539944056213081,0.10539944056213081
mlp,10,1445,-0.007869376912416758,0.06634198734931267
mlp,10,1446,-0.040540112384294814,0.095663400241241
mlp,10,1447,-0.17261589306385242,0.04910048477820664
mlp,10,1448,0.03583421947966989,0.0938180932862137
mlp,10,1449,-0.07656529449926025,0.04668894459089014
mlp,10,1450,-0.027406109673007703,0.0876194322983495
mlp,10,1451,0.10989460308850783,0.15311747467762454
mlp,10,1452,0.018142935434565535,0.035254917740779865
mlp,10,1453,0.08919212809822834,0.11057005805833083
mlp,10,1454,0.09948790650562271,0.12807622905950483
mlp,10,1455,0.07983909030444346,0.08678779402887334
mlp,10,1456,-0.06769793161782746,0.07680953137688114
mlp,10,1457,-0.024119671441842808,0.029941168811458307
mlp,10,1458,0.060953558192068255,0.060953558192068255
mlp,10,1459,0.03636318832804869,0.09827082719014694
mlp,10,1460,-0.046520252626580785,0.047710722905382086
mlp,10,1461,-0.05157504416119646,0.03345040674213842
mlp,10,1462,-0.0528848452938915,0.08424963683904486
mlp,10,1463,0.11486127776444151,0.17584673960488517
mlp,10,1464,0.0207799293796046,0.02311531691149961
mlp,10,1465,0.03819264395956236,0.11427670651552586
mlp,10,1466,0.009219095548721162,0.10554830088128471
mlp,10,1467,-0.016658940298557384,0.07152637426912371
mlp,10,1468,0.05828790389814746,0.11964243261827483
mlp,10,1469,0.03512708313746431,0.03512708313746431
mlp,10,1470,-0.06970671913795022,-0.017328395206321817
mlp,10,1471,-0.0059791082695478115,0.03281851300062616
mlp,10,1472,0.017314554888843717,0.06316439458191885
mlp,10,1473,0.019009787238692413,0.0970987094768626
mlp,10,1474,-0.056682123206594354,0.03439703766229536
mlp,10,1475,-0.01494312649690055,0.06562505685248281
mlp,10,1476,-0.02308387051687051,0.07917163315787164
mlp,10,1477,0.04224792567753008,0.08660954942515948
mlp,10,1478,0.009526232399031567,0.09272199149964556
mlp,10,1479,-0.016921015775222988,0.0707937381253085
mlp,10,1480,0.026257278530307668,0.04166302880872251
mlp,10,1481,0.11681582848211579,0.11681582848211579
mlp,10,1482,-0.10292278894742951,-0.06484610477047276
mlp,10,1483,-0.027831647312718005,0.05050653765970495
mlp,10,1484,0.07798849648630342,0.12001662330232175
mlp,10,1485,-0.07681315752544605,0.0918770806436643
mlp,10,1486,-0.0297534050675372,0.03382206345522895
mlp,10,1487,-0.03437227970760175,0.03207381524605191
mlp,10,1488,0.0473766362092788,0.07494540624918868
mlp,10,1489,0.0430404982207792,0.0430404982207792
mlp,10,1490,-0.025458311465609097,0.06320226496023627
mlp,10,1491,0.05028125743273559,0.1284675042283302
mlp,10,1492,0.04511942588300853,0.14945499317845018
mlp,10,1493,0.02682489860507624,0.19150080346506798
mlp,10,1494,-0.10279906175647097,0.02294365294811644
mlp,10,1495,-0.01951809482795628,0.0854256287225739
mlp,10,1496,0.005559354182953752,0.05098617361733071
mlp,10,1497,0.0775694505736418,0.1972165156495166
mlp,10,1498,-0.0027815476780945203,0.04413374429758389
mlp,10,1499,0.08780547442281304,0.178455600019022
mlp,10,1500,-0.16568089584013132,0.09484030085458021
mlp,10,1501,0.07138121027881246,0.10694372976792009
mlp,10,1502,-0.025761478830035732,0.023206469049212586
mlp,10,1503,0.12103317944387974,0.16869969712509786
mlp,10,1504,0.0366466292935637,0.0972290582344688
mlp,10,1505,0.056728775265638284,0.07799287572261195
mlp,10,1506,-0.14802689039011027,0.03602760458140493
mlp,10,1507,-0.06537616501145654,0.06270676205573973
mlp,10,1508,0.050105319971097906,0.05251235843340224
mlp,10,1509,-0.0455767121564592,0.06714572981657459
mlp,10,1510,-0.02376492442471969,0.09535159717496051
mlp,10,1511,-0.0034882725674532933,0.09866166514158183
mlp,10,1512,-0.020977679842066582,0.03601252065714061
mlp,10,1513,-0.026419196484824284,0.1424464056063971
mlp,10,1514,-0.037443612396712685,0.06461031487231732
mlp,10,1515,-0.0007500004821359152,-0.0007500004821359152
mlp,10,1516,-0.0525087783310408,0.12385825970845336
mlp,10,1517,-0.11823228642549571,0.09287704727925401
mlp,10,1518,0.009084432060229714,0.13332751754170974
mlp,10,1519,0.04527536275588512,0.04836572755926499
mlp,10,1520,0.0562489091082219,0.1450418310009604
mlp,10,1521,-0.1363890287136743,0.0474024551390293
mlp,10,1522,0.052393310866451076,0.0835230557826175
mlp,10,1523,0.05065288021539267,0.0928297948818692
mlp,10,1524,-0.04415904286344498,0.0480051536633216
mlp,10,1525,0.08158260791033702,0.09921447942748084
mlp,10,1526,-0.018646304714316136,0.024512735618046094
mlp,10,1527,-0.060742344979718414,0.12414012198330267
mlp,10,1528,-0.014095307858925779,0.0351051391486602
mlp,10,1529,0.0752362900525156,0.12048943537131156
mlp,10,1530,-0.044023642919276934,0.1023273475950243
mlp,10,1531,-0.003958178298110224,0.0560047987312627
mlp,10,1532,0.002784558879739274,0.14410059313197832
mlp,10,1533,-0.12187854461576893,0.08167427667061879
mlp,10,1534,-0.038356397802800805,0.10746439017882738
mlp,10,1535,0.09317707311532954,0.21531557458663336
mlp,10,1536,-0.004779602789019108,0.015482448256280312
mlp,10,1537,0.0496423961887386,0.09411486837790785
mlp,10,1538,0.017842351716874913,0.08277384504388162
mlp,10,1539,-0.0741571504663621,0.034325814526680584
mlp,10,1540,0.06279332631080901,0.11939880924470563
mlp,10,1541,0.009266597665429574,0.023376604256641828
mlp,10,1542,0.051485401036331035,0.10358731135365033
mlp,10,1543,0.028016779845585926,0.07667291065312858
mlp,10,1544,-0.010994548381340848,0.0855319313897659
mlp,10,1545,-0.03352721121679315,0.03529077975230764
mlp,10,1546,0.10732885986045614,0.10732885986045614
mlp,10,1547,-0.03492963086836496,0.07487268847928223
mlp,10,1548,-0.08517573377442428,0.08344409899952508
mlp,10,1549,0.07905609958580488,0.09893539667379898
mlp,10,1550,0.038015321586539405,0.038015321586539405
mlp,10,1551,-0.1005455435251161,-0.03083189084038429
mlp,10,1552,-0.07502070539828508,0.23006574774989547
mlp,10,1553,-0.06383182045371989,0.03296319972981883
mlp,10,1554,-0.06646454887766566,0.06668820325649343
mlp,10,1555,0.08304912808537436,0.21545445550236353
mlp,10,1556,0.008912437749138816,0.06481641331843092
mlp,10,1557,-0.030618934374871704,0.003792144672251363
mlp,10,1558,-0.05309841327283636,0.02874180373027725
mlp,10,1559,-0.0944324337651215,0.11739711544019187
mlp,10,1560,-0.09098201782007671,0.09631503955064692
mlp,10,1561,0.05757449203676769,0.07594250241539642
mlp,10,1562,-0.1576628934175685,0.09502214001197416
mlp,10,1563,-0.07407524918153359,0.09619838220877995
mlp,10,1564,-0.009273489722981615,0.023715545955826076
mlp,10,1565,0.15026558184597288,0.19031088607207697
mlp,10,1566,0.09727885881957281,0.10302715507035957
mlp,10,1567,0.14746628633363884,0.1638534385789725
mlp,10,1568,-0.021998923795347652,0.05278722207666674
mlp,10,1569,0.0437730711731308,0.07925051811890164
mlp,10,1570,0.05475561467219235,0.14820011170671143
mlp,10,1571,0.1307254007847098,0.1307254007847098
mlp,10,1572,0.06711679780814918,0.11743625066586892
mlp,10,1573,0.15323538559813865,0.18916828723461554
mlp,10,1574,0.06895493938040158,0.12752924571905
mlp,10,1575,-0.03878820633486004,0.052838683521473556
mlp,10,1576,0.012362094875542462,0.09848163683000095
mlp,10,1577,0.08893955704234786,0.1832690294162751
mlp,10,1578,-0.019516825364252456,0.018217757548869895
mlp,10,1579,0.01289269962357796,0.031260022764735274
mlp,10,1580,-0.07201238671325697,0.03190291360033787
mlp,10,1581,-0.035145959251249255,-0.0030648445214153386
mlp,10,1582,0.03776797087019926,0.1517460148022381
mlp,10,1583,-0.0063549579587209165,0.11116952124823139
mlp,10,1584,0.06817402073275917,0.06817402073275917
mlp,10,1585,0.041621043648510186,0.0709786871405735
mlp,10,1586,-0.05151366911598897,0.020273113612665747
mlp,10,1587,0.012590701303800342,0.04300121234326121
mlp,10,1588,-0.06770198629370015,-0.0006214748285348903
mlp,10,1589,-0.0024734168849472743,0.0981074012048521
mlp,10,1590,-0.062074149379670165,0.04365282732113335
mlp,10,1591,0.032770355476129526,0.1423913640732753
mlp,10,1592,-0.027497459623629567,0.09853613194438203
mlp,10,1593,0.00503455255110484,0.081596710209223
mlp,10,1594,-0.09429734817117456,0.09396101119434098
mlp,10,1595,0.07496259666848602,0.09867104328224856
mlp,10,1596,-0.11612644189467419,0.02435671728267133
mlp,10,1597,0.027680099283670906,0.07172939046098391
mlp,10,1598,-0.0763965056827794,-0.015756112763868062
mlp,10,1599,-0.0898620389021301,0.005012858518411434
mlp,10,1600,-0.10084359962919448,0.06617013264449449
mlp,10,1601,0.07083224570329576,0.10542183667550849
mlp,10,1602,0.014741748719613756,0.05189662747731001
mlp,10,1603,-0.00115384320797296,0.24564418185298553
mlp,10,1604,0.0018448345327873594,0.10964711511922821
mlp,10,1605,0.04431250609789712,0.10252433123764827
mlp,10,1606,0.012805841175665827,0.071519913003409
mlp,10,1607,0.12855810210192448,0.12855810210192448
mlp,10,1608,0.07128467953579844,0.23048788822200322
mlp,10,1609,0.009378650146788056,0.09766449931898845
mlp,10,1610,-0.009516853578712528,0.10761550571516924
mlp,10,1611,-0.02739405153904239,0.010459385970191665
mlp,10,1612,-0.11076529842008422,0.05369429362865495
mlp,10,1613,-0.014752322252825814,0.055156558464687214
mlp,10,1614,-0.06206156319724943,0.00972124796389795
mlp,10,1615,0.06548988145170083,0.25352861504909485
mlp,10,1616,-0.06260065849384872,0.13876620478320884
mlp,10,1617,-0.028098265860895213,0.12252164079929705
mlp,10,1618,0.03663652227464918,0.12419596693864325
mlp,10,1619,0.06504123385066356,0.11543395523357837
mlp,10,1620,0.00335618982326448,0.021115774557164096
mlp,10,1621,0.051849436834164486,0.16545714579000714
mlp,10,1622,-0.06254005649949265,0.09970684721030755
mlp,10,1623,0.0332232574934114,0.1328533291338302
mlp,10,1624,-0.004020174104609461,0.11209277786833201
mlp,10,1625,-0.18750175327067706,0.0637306113977082
mlp,10,1626,0.04295443548413816,0.07286329008142771
mlp,10,1627,0.013853897390800743,0.14554350258328336
mlp,10,1628,-0.0037960959192938487,0.053060810380284776
mlp,10,1629,-0.07828350572155189,0.10656117561572277
mlp,10,1630,0.015420371473039055,0.10529277249881776
mlp,10,1631,0.030217348301903868,0.11271965142871578
mlp,10,1632,0.07596428297195006,0.08832953596197339
mlp,10,1633,0.10110360160041275,0.14787767639353105
mlp,10,1634,-0.09715805914871692,-0.008385854521399005
mlp,10,1635,0.09249302385763301,0.21996583575717904
mlp,10,1636,-0.13423903877098337,0.039800388780341825
mlp,10,1637,-0.09485053375888791,0.06557692973300676
mlp,10,1638,5.289115651858911e-05,0.13605040968481008
mlp,10,1639,0.01516461522479784,0.07384839518605403
mlp,10,1640,0.04275456687057734,0.16556943133980606
mlp,10,1641,0.005353492602313228,0.04728864049482098
mlp,10,1642,0.03654643734908439,0.0819744489032924
mlp,10,1643,0.000221742183795115,0.1475181510045513
mlp,10,1644,0.06726532172576825,0.11302627201744538
mlp,10,1645,-0.06859937911203227,0.06469694460449697
mlp,10,1646,0.022239234864558213,0.06665155087805348
mlp,10,1647,-0.0393086142668948,0.06606694375209464
mlp,10,1648,0.012409589423562059,0.10011673575221124
mlp,10,1649,-0.025885204137914924,0.036311428917872174
mlp,10,1650,-0.11021583815806836,0.02915883162346196
mlp,10,1651,0.07927569333330932,0.07927569333330932
mlp,10,1652,0.06005344494288191,0.09452116112316562
mlp,10,1653,0.06241723572952969,0.06241723572952969
mlp,10,1654,-0.01793287659691116,0.11958610488910072
mlp,10,1655,-0.07238756406385097,0.04294587108117119
mlp,10,1656,-0.05983234213067474,0.2065905807595078
mlp,10,1657,-0.18759695265184095,-0.04520940868512026
mlp,10,1658,-0.0171471360398971,0.10661016568658942
mlp,10,1659,0.07251096463075025,0.10085436983219363
mlp,10,1660,-0.022811357646738986,0.03124380388415901
mlp,10,1661,-0.017064332109288254,0.08601426834813904
mlp,10,1662,0.06063521879828761,0.1530073355479185
mlp,10,1663,0.023584490516152162,0.11530987608166003
mlp,10,1664,0.07504158807149693,0.15933057060949013
mlp,10,1665,0.02363522159132178,0.07545011836055592
mlp,10,1666,0.11219401083227969,0.1610475881709385
mlp,10,1667,0.06933855823837613,0.06933855823837613
mlp,10,1668,0.03845754667977523,0.07441982807512416
mlp,10,1669,0.033090044824462234,0.11255954121398233
mlp,10,1670,-0.046559310684059,0.03463790440165729
mlp,10,1671,0.054157643385847956,0.14562054583888245
mlp,10,1672,-0.08519031067902637,-0.005612743145678625
mlp,10,1673,-0.11818867569044073,0.07613803928274458
mlp,10,1674,0.14295257189376437,0.16610959059486796
mlp,10,1675,0.01767202509244288,0.040893092450540014
mlp,10,1676,-0.0493527981828239,0.1536181409587648
mlp,10,1677,-0.07858272344455097,0.05545338464566153
mlp,10,1678,0.048041472832441534,0.14142759396873594
mlp,10,1679,-0.002755625358015129,0.08570093303761385
mlp,10,1680,0.03007665590440914,0.12776787580252197
mlp,10,1681,0.01219530928416944,0.10690770673948637
mlp,10,1682,0.04658311662047432,0.12296880556794983
mlp,10,1683,-0.026991046986917976,0.029042759698079026
mlp,10,1684,-0.0118870045120259,0.07464716350896326
mlp,10,1685,0.027766396154836143,0.037706229769683686
mlp,10,1686,-7.020831973694741e-06,0.09157131943703432
mlp,10,1687,0.045133838452671424,0.17534167826821107
mlp,10,1688,0.007788323426385052,0.05255029825718392
mlp,10,1689,-0.06968159003574795,0.06706518037365604
mlp,10,1690,-0.11959668484705754,0.07964175999381683
mlp,10,1691,-0.05731391219255101,-0.0002151819347584738
mlp,10,1692,0.03765341008859392,0.03765341008859392
mlp,10,1693,-0.05840460199917128,0.13176190953890882
mlp,10,1694,0.04023779947545303,0.06432315160898376
mlp,10,1695,0.021155386724907327,0.11191463192672378
mlp,10,1696,0.024454182289143908,0.07698540974154665
mlp,10,1697,0.02017397181119815,0.11597586172738993
mlp,10,1698,-0.007954854235548196,0.13034330385100473
mlp,10,1699,0.14124208613667627,0.1919843114296218
mlp,10,1700,-0.03108963060300389,0.11414372743845906
mlp,10,1701,0.02694806797662172,0.1709581731470423
mlp,10,1702,-0.10382917917959042,0.09600314332992811
mlp,10,1703,0.019567563421254403,0.076102732544345
mlp,10,1704,0.00845358225362966,0.08739597527280647
mlp,10,1705,-0.08079909070591418,0.034668705174979234
mlp,10,1706,0.10421588810966255,0.11251121903091656
mlp,10,1707,-0.0777664428960885,0.15162781147668847
mlp,10,1708,0.004614835945097845,0.052763058402242824
mlp,10,1709,-0.09676102572459411,0.20108535901060254
mlp,10,1710,-0.0952268821667317,0.019621417456892276
mlp,10,1711,0.04285540283172096,0.14832733008985755
mlp,10,1712,0.09284364706457603,0.1287628942186967
mlp,10,1713,0.0696786825844312,0.12350192972076625
mlp,10,1714,0.07110692875377227,0.1799005096775308
mlp,10,1715,0.003489707214956589,0.12504296172542284
mlp,10,1716,0.04382218121306729,0.05584648444283975
mlp,10,1717,-0.007900648300546036,0.02373060591116452
mlp,10,1718,-0.04527883111286065,0.16818188004721635
mlp,10,1719,-0.030683256804324835,0.09679169820871937
mlp,10,1720,0.012583731582973323,0.09592066278140189
mlp,10,1721,0.10586382232580636,0.2446816817201703
mlp,10,1722,-0.1260263958516541,0.07772082099496973
mlp,10,1723,0.10693654045710123,0.11997776778846526
mlp,10,1724,-0.06666025792534272,0.014692006798112875
mlp,10,1725,0.08637073081309164,0.1527200319026641
mlp,10,1726,0.006244708674065319,0.1009667187698305
mlp,10,1727,0.019390059942267876,0.03015767669466249
mlp,10,1728,-0.027309721151545202,0.12442239406067186
mlp,10,1729,0.019260457302690756,0.04717760270711992
mlp,10,1730,0.04097239937985166,0.11293132411166941
mlp,10,1731,-0.02596037857027813,0.05818031354221824
mlp,10,1732,-0.03816176033093692,0.07845948817760982
mlp,10,1733,-0.06631324412297164,0.08530642747119747
mlp,10,1734,0.0689193108280098,0.2111716260983711
mlp,10,1735,-0.034296343374428606,0.06724750887760421
mlp,10,1736,-0.10637091929951323,0.05149268844265305
mlp,10,1737,0.046638070718584695,0.07122560494487988
mlp,10,1738,-0.04122127020475752,0.2425684875236528
mlp,10,1739,0.004565916887821514,0.041333062599364034
mlp,10,1740,-0.13574334474627714,0.05316890771880875
mlp,10,1741,-0.09133632087642063,0.05089521985587178
mlp,10,1742,0.06584871779399233,0.06584871779399233
mlp,10,1743,0.10471178223037776,0.1473794615607678
mlp,10,1744,0.0753649557723393,0.08002415161126032
mlp,10,1745,0.0046092449971432,0.07071806611311925
mlp,10,1746,0.04705030089270948,0.04705030089270948
mlp,10,1747,-0.028977475566108607,0.06782905616808228
mlp,10,1748,-0.08513117847211357,0.07871191662450348
mlp,10,1749,-0.029219344727147413,0.022295144973369166
mlp,10,1750,-0.0009224463801757732,0.05154885613933072
mlp,10,1751,0.04939432705413199,0.09288455326572649
mlp,10,1752,-0.09772090695728645,0.015797132546191445
mlp,10,1753,0.1276042702081634,0.17556346176338739
mlp,10,1754,0.02484356775875181,0.12072474222070619
mlp,10,1755,0.010076074260096532,0.06652720838778213
mlp,10,1756,-0.05484696067305876,-0.027050327784324438
mlp,10,1757,-0.006856046725801659,0.1334312384644481
mlp,10,1758,0.03233260353827652,0.07579239364425781
mlp,10,1759,-0.009769262807470008,0.0779199775036664
mlp,10,1760,0.04414213883626443,0.13751420665082886
mlp,10,1761,0.0835873830247058,0.16028405812404561
mlp,10,1762,-0.020921513506688735,0.10734268244914681
mlp,10,1763,-0.06430577864754515,0.018966312569668492
mlp,10,1764,-0.07617482129296038,0.04132675770848426
mlp,10,1765,-0.09002934743689006,0.04680584714819526
mlp,10,1766,-0.009396168394227744,0.13595301337659138
mlp,10,1767,-0.02763219079588459,0.06716127231340498
mlp,10,1768,-0.09795066447346103,0.04939636070964595
mlp,10,1769,0.041507924998944165,0.1204379776296179
mlp,10,1770,0.06532493761001391,0.08708660154410948
mlp,10,1771,0.01275277065834493,0.01275277065834493
mlp,10,1772,0.07284855536110292,0.10519828589300977
mlp,10,1773,-0.06712027096568711,0.05170508161773038
mlp,10,1774,-0.008664735468647496,0.04753144299776152
mlp,10,1775,-0.0057462860220766215,0.05999922678700449
mlp,10,1776,0.05184799042827776,0.19271523649685285
mlp,10,1777,-0.02467763230370871,0.07426013777524366
mlp,10,1778,-0.0590562863928409,-0.017486953922134382
mlp,10,1779,0.033752998001839674,0.0485412806383987
mlp,10,1780,-0.04544662157436846,0.04691937315418812
mlp,10,1781,0.022152621942601508,0.09753879164738173
mlp,10,1782,-0.08994093560577662,0.04734904035099531
mlp,10,1783,-0.09483660135027266,0.0657927774322812
mlp,10,1784,-0.010367142291903629,0.04929092624877232
mlp,10,1785,0.005180516393833032,0.10278869907688519
mlp,10,1786,-0.019686810892149846,0.11854292708102125
mlp,10,1787,0.03691192481734139,0.04471919838902279
mlp,10,1788,-0.05143966002349179,0.024814877709881222
mlp,10,1789,-0.05375267671523471,0.09181136799352917
mlp,10,1790,0.016550590974637486,0.09370731534939901
mlp,10,1791,-0.04093374779265919,0.03977393144756172
mlp,10,1792,-0.02774316930808131,0.12996764873162853
mlp,10,1793,0.0337173842260725,0.08090790413957115
mlp,10,1794,0.026664728469474416,0.07845213450038098
mlp,10,1795,0.06348915644400337,0.08443911947051362
mlp,10,1796,0.09847139884739976,0.1704947635126089
mlp,10,1797,0.003966634442688785,0.003966634442688785
mlp,10,1798,-0.09100148223020445,-0.01856356117053557
mlp,10,1799,0.042116247621119096,0.07260438321451092
mlp,10,1800,-0.059020375114097474,0.2282972645029271
mlp,10,1801,-0.08045302341518443,0.13420132916123978
mlp,10,1802,-0.01721957532240017,0.15922477730567774
mlp,10,1803,-0.027691527442222384,0.08100319287023629
mlp,10,1804,-0.002218522841842513,0.0557173288653645
mlp,10,1805,0.03151692654323704,0.1698625463052617
mlp,10,1806,-0.025223415555863667,0.022767388885476483
mlp,10,1807,-0.058757953786539335,0.09802274501261728
mlp,10,1808,-0.05275003603782728,0.06840162598288739
mlp,10,1809,0.11327505953358115,0.11327505953358115
mlp,10,1810,0.026612150410109392,0.061604375839374406
mlp,10,1811,-0.038358570965517334,0.02376004795490462
mlp,10,1812,-0.0912813451991961,-0.013098711579009291
mlp,10,1813,-0.02291193012450691,0.00973506053129787
mlp,10,1814,-0.03844583252722225,0.04922739914137557
mlp,10,1815,-0.023199615579454033,0.040404017392633926
mlp,10,1816,0.07061217866096063,0.2386589063373466
mlp,10,1817,0.00824528740323889,0.11707375150618017
mlp,10,1818,-0.051293676492580244,0.012433932115520227
mlp,10,1819,0.01597604345590692,0.13481575142018976
mlp,10,1820,-0.1131412974925258,0.016699894222046194
mlp,10,1821,0.04241401566131646,0.05348710902750932
mlp,10,1822,-0.0222187532399618,0.12931505549339467
mlp,10,1823,-0.07165638074724723,0.04000750339805971
mlp,10,1824,0.03774103564120704,0.09016521043253499
mlp,10,1825,-0.052699783190612796,0.037740682945342136
mlp,10,1826,0.08386927768254528,0.08386927768254528
mlp,10,1827,-0.012089419295731936,0.08374447981720022
mlp,10,1828,0.039421700562388376,0.05895722223030407
mlp,10,1829,-0.050362923298633226,0.09925979683020457
mlp,10,1830,-0.0213158420715547,0.10785091553225394
mlp,10,1831,-0.10939786099497145,0.029263767626157858
mlp,10,1832,-0.1195835735374085,0.06087503551725208
mlp,10,1833,0.0674052065473046,0.14244923786854158
mlp,10,1834,0.0354483941244844,0.08569000286579502
mlp,10,1835,0.06153849832354728,0.12751679589575032
mlp,10,1836,0.13194701920425728,0.15431345798183627
mlp,10,1837,-0.04648370214284578,0.11311465501464606
mlp,10,1838,-0.08058315342962033,0.013019359528578134
mlp,10,1839,0.03221695033729617,0.131368450846574
mlp,10,1840,-0.027557326082057923,0.01385039764991254
mlp,10,1841,-0.10973980565333513,-0.02729863469424293
mlp,10,1842,0.006548831506858421,0.08236214986674316
mlp,10,1843,-0.1983883564588379,-0.021360722407271264
mlp,10,1844,0.03250864839409895,0.10912224127225938
mlp,10,1845,0.05194708866721695,0.05778456080765755
mlp,10,1846,0.016957485902206568,0.09248966677174482
mlp,10,1847,-0.008470509697051237,0.04554737787221497
mlp,10,1848,0.03402073705518986,0.054073859269791885
mlp,10,1849,0.10471148385796368,0.1487330514677368
mlp,10,1850,-0.07195276756393108,0.12257502926053108
mlp,10,1851,0.023549381486550364,0.12300869972907176
mlp,10,1852,-0.06211678523230598,0.01852012719290483
mlp,10,1853,0.0911925176549097,0.0911925176549097
mlp,10,1854,-0.12303206047533673,0.019312789041876735
mlp,10,1855,-0.008449947608191469,0.10053900399090009
mlp,10,1856,-0.006266236087037219,0.09898127337644096
mlp,10,1857,-0.004435699855712419,0.07114149442699334
mlp,10,1858,0.012806582648584933,0.05698390798815102
mlp,10,1859,0.010381553105872993,0.06841139475082968
mlp,10,1860,0.005957838195007753,0.014702280145972094
mlp,10,1861,-0.004758570110064184,0.11816028667512683
mlp,10,1862,0.05056621492311843,0.08941017580307938
mlp,10,1863,-0.18229523013657695,0.014407364094616293
mlp,10,1864,0.01327230558154105,0.10068289961724781
mlp,10,1865,-0.03896386485322985,0.0688811187023635
mlp,10,1866,0.010328997483961905,0.03999924843833991
mlp,10,1867,-0.026732402262079832,0.13586892235780257
mlp,10,1868,-0.031563508293567515,0.05105470217145748
mlp,10,1869,0.06333742219176573,0.164543479330841
mlp,10,1870,-0.0019015165396284867,0.11858013306730837
mlp,10,1871,0.07112042843497897,0.20917092324416592
mlp,10,1872,0.03972237343772547,0.12397791500817183
mlp,10,1873,-0.019515046836459493,0.11293766335499687
mlp,10,1874,0.01125352796128487,0.2104695744215032
mlp,10,1875,0.08520238817599264,0.11732144344738678
mlp,10,1876,0.017765824969814784,0.030317844520532752
mlp,10,1877,0.0757836929912681,0.10043938759934008
mlp,10,1878,-0.03397498985457947,0.049310005680582344
mlp,10,1879,0.09855302240030862,0.12867434075872447
mlp,10,1880,0.027896374729392243,0.09186166543919082
mlp,10,1881,-0.07090013354857654,0.15751393007434966
mlp,10,1882,0.021094921330344393,0.10372915625686462
mlp,10,1883,-0.0012403642291719391,0.10482582157927957
mlp,10,1884,0.036757006225561314,0.14686328606225746
mlp,10,1885,0.011210699458265166,0.14089625087804575
mlp,10,1886,-0.041074007499603576,0.04938610793556436
mlp,10,1887,-0.011619912078719971,0.09075875880502847
mlp,10,1888,-0.13896435197236123,0.07969449541512798
mlp,10,1889,0.0852562291356866,0.15307368223593748
mlp,10,1890,0.04460042886837989,0.08180142730227681
mlp,10,1891,0.03210881964513314,0.05295408065566597
mlp,10,1892,-0.031716970277122086,0.12836947800790666
mlp,10,1893,-0.08215202201307681,0.027589248685862447
mlp,10,1894,-0.058943097205691096,0.10821951169768669
mlp,10,1895,0.13115021531291082,0.13115021531291082
mlp,10,1896,0.08987905150067106,0.11290959371238758
mlp,10,1897,0.00010766167045624109,0.023978972697900378
mlp,10,1898,-0.045796655265968184,0.027951398340330905
mlp,10,1899,0.025198910715849218,0.14877902940466287
mlp,10,1900,0.0625895275890596,0.13771007463469087
mlp,10,1901,-0.022543379049773583,0.029281052656990006
mlp,10,1902,0.08076129187397947,0.19183961537846478
mlp,10,1903,-0.009369086708750855,0.04485822048792673
mlp,10,1904,-0.14472135083275084,0.02653087680919619
mlp,10,1905,-0.03148871324034748,0.06613783031847738
mlp,10,1906,-0.05584890881098251,0.013962208079598873
mlp,10,1907,-0.023261678640625366,0.06390027888189824
mlp,10,1908,-0.09098704922982337,-0.008515876190589154
mlp,10,1909,0.04222348387543989,0.12177511154277339
mlp,10,1910,0.07830121832280236,0.17454247516839355
mlp,10,1911,0.048230431037710714,0.14621986612047638
mlp,10,1912,0.135479006848717,0.20120839180318895
mlp,10,1913,0.09655858146792388,0.16442554630243567
mlp,10,1914,-0.012376670087074076,0.07318733628607131
mlp,10,1915,0.0913108624756208,0.0913108624756208
mlp,10,1916,-0.057585940753439015,0.045773268518618807
mlp,10,1917,0.012576903001016729,0.03577591913248816
mlp,10,1918,0.007295115671977978,0.16373123885715352
mlp,10,1919,0.03216197024998131,0.07970471830470467
mlp,10,1920,-0.01246671448971981,0.022654869142759534
mlp,10,1921,-0.036281094924594706,0.0903354232464189
mlp,10,1922,-0.0442978971448025,0.03210962899288357
mlp,10,1923,-0.04941454799925326,0.07653522725468521
mlp,10,1924,-0.021342071980958124,0.054993206287357724
mlp,10,1925,-0.09167302019234215,0.003202865050060816
mlp,10,1926,-0.04585942998328933,0.03211110060906651
mlp,10,1927,0.13518095096959698,0.207455281645469
mlp,10,1928,-0.08516930532954638,-0.012940607796170851
mlp,10,1929,0.01748990275871136,0.01748990275871136
mlp,10,1930,0.008316423562912095,0.07856193052617426
mlp,10,1931,-0.11239838959321427,0.022989049326453917
mlp,10,1932,0.07223737678886884,0.14750104596405578
mlp,10,1933,-0.03685967499657515,0.05054187669799674
mlp,10,1934,0.08651468260846444,0.13966907490438607
mlp,10,1935,-0.010925241847414092,0.07096516311856522
mlp,10,1936,-0.024970851527259648,0.10778749767025399
mlp,10,1937,0.11414466790907772,0.15389255949708802
mlp,10,1938,0.02963081302320579,0.124575596378372
mlp,10,1939,0.016735151929756137,0.10661976619000214
mlp,10,1940,0.10298910295370438,0.12936699341340285
mlp,10,1941,0.12615320894102328,0.17301249720186002
mlp,10,1942,-0.0055924540126948,0.04755174409859593
mlp,10,1943,0.0846836126735218,0.13150308096829322
mlp,10,1944,0.012005682618771843,0.12331173441146985
mlp,10,1945,-0.03560943043682384,0.10627557606558773
mlp,10,1946,0.10924913216932512,0.1333838526163254
mlp,10,1947,0.0508539841769165,0.07812733691898825
mlp,10,1948,0.021239081908456955,0.15849052657102253
mlp,10,1949,0.01953246414307777,0.11916844306264081
mlp,10,1950,0.05575537852507327,0.05575537852507327
mlp,10,1951,0.041836385210978516,0.0686836977326183
mlp,10,1952,0.04206052740192291,0.06791129064936578
mlp,10,1953,-0.007927950981265156,0.1160543344254731
mlp,10,1954,0.06123090859243106,0.1849303956178125
mlp,10,1955,-0.013357239971548772,0.02468559560486204
mlp,10,1956,0.15207127094690365,0.15207127094690365
mlp,10,1957,-0.07429661723124549,0.1384095894815744
mlp,10,1958,0.010090771577746543,0.1610412920408416
mlp,10,1959,0.06994281295346506,0.10218294123089892
mlp,10,1960,-0.12775779254460423,-0.012333572091751177
mlp,10,1961,-0.011108061715763132,0.03607690820654398
mlp,10,1962,-0.0031869471116713205,0.033350084478502254
mlp,10,1963,-0.10087774038997105,-0.03343159439640508
mlp,10,1964,0.010261673525895021,0.16565182602618073
mlp,10,1965,-0.04590551304635758,0.0770282349694262
mlp,10,1966,0.08029225022824509,0.08029225022824509
mlp,10,1967,-0.07287074521450428,0.057765063193731106
mlp,10,1968,0.03108565578330144,0.03108565578330144
mlp,10,1969,-0.008422240000484658,0.08415565833846443
mlp,10,1970,-0.03550845866742691,0.016155738237879746
mlp,10,1971,0.0802852842148062,0.17947715226076522
mlp,10,1972,0.02916947406788581,0.151969788239325
mlp,10,1973,-0.003522591549214263,0.09591757587164514
mlp,10,1974,-0.02477379087595545,0.0507680428590357
mlp,10,1975,-0.11236753702749402,0.04900048257003482
mlp,10,1976,0.02251198463393987,0.07339353274450049
mlp,10,1977,-0.03693929462821393,0.020733078457243218
mlp,10,1978,0.02878944907130189,0.07730067566292252
mlp,10,1979,0.07169864364038107,0.13904528453451698
mlp,10,1980,0.016762950970474103,0.1358110233779859
mlp,10,1981,-0.0060598993266443996,0.07120665326474986
mlp,10,1982,-0.03776581507011474,0.07841851747652727
mlp,10,1983,-0.08267221374588464,0.14050376127471176
mlp,10,1984,0.10758454564349605,0.10800109591455427
mlp,10,1985,-0.12740703719058932,0.001691705504952526
mlp,10,1986,0.031025826144956525,0.10289638868294824
mlp,10,1987,-0.017940034751908016,0.012678082211090375
mlp,10,1988,-0.17616171466216288,0.03886394861261347
mlp,10,1989,0.06370663138346354,0.09918839813067541
mlp,10,1990,0.025982129475418184,0.04337386151958278
mlp,10,1991,-0.1326785206762437,0.01909123210612447
mlp,10,1992,0.22702636111612912,0.22702636111612912
mlp,10,1993,-0.02892861914286439,0.10934833756244479
mlp,10,1994,-0.027938194797329903,0.04988867471564211
mlp,10,1995,0.09875093925427149,0.10997298419957964
mlp,10,1996,0.13129823328908174,0.2087490645261051
mlp,10,1997,0.04250656768144255,0.13715930652633296
mlp,10,1998,0.019592381613837,0.13896501252295856
mlp,10,1999,-0.029814842845543955,0.05108131847807014
rf,0,0,0.026456787628865913,0.04690196705443919
rf,0,1,-0.09664743487495878,0.0175882514200065
rf,0,2,-0.14320715832585232,0.049844462106478915
rf,0,3,0.044883882774943845,0.09836970729665326
rf,0,4,0.06804029868842545,0.09157433185408193
rf,0,5,0.09857005552725395,0.113612891900356
rf,0,6,0.029017472425680146,0.0839178811564801
rf,0,7,-0.03374627066214725,0.17014720723715737
rf,0,8,-0.037072682998422965,0.046474353366867754
rf,0,9,-0.06595406070676922,-0.062119450853987165
rf,0,10,0.08834597387930393,0.08834597387930393
rf,0,11,-0.04590038519576026,0.007867920223883829
rf,0,12,-0.1119794259691536,0.11904971553435412
rf,0,13,0.06045831231650095,0.06535048420131748
rf,0,14,-0.026394907026154324,-0.009801852036424558
rf,0,15,0.06980344766236915,0.1390473442984002
rf,0,16,0.0028854724123726083,0.16389023087145677
rf,0,17,0.02437195314402535,0.07570182106925177
rf,0,18,-0.04480840643530501,0.049766170692178785
rf,0,19,0.08110211260199318,0.08110211260199318
rf,0,20,0.0077137951323831555,0.07863527636903525
rf,0,21,-0.04446196990387612,0.018442953382590388
rf,0,22,-0.05223048457624849,0.0059407793207713055
rf,0,23,0.008151183110056692,0.06826814432313016
rf,0,24,-0.021929483551029888,0.04588351809111432
rf,0,25,0.042993599100655144,0.04302038901175739
rf,0,26,-0.038900859990481484,0.07789924489952088
rf,0,27,-0.0008178791270464225,0.1288157212311884
rf,0,28,0.06074409387003943,0.10418982814043329
rf,0,29,-0.019422122998546315,0.011157268954375493
rf,0,30,0.09281849622587182,0.10178027666896383
rf,0,31,-0.05669003945622052,0.1190832299612033
rf,0,32,0.05800572205445867,0.06426533086408232
rf,0,33,-0.0034141863313325305,0.06496268848586831
rf,0,34,-0.0013352137128845032,0.10255591520395818
rf,0,35,-0.023961871771002882,-0.01745185998605335
rf,0,36,0.012496813028573639,0.0525805832648544
rf,0,37,0.047531002841759956,0.07606449927194281
rf,0,38,0.04408761932451133,0.13626006739164725
rf,0,39,-0.011997779818307033,0.042871632839570906
rf,0,40,0.0020439803129871092,0.12707199779248846
rf,0,41,-0.09139098600907691,-0.012862013018573343
rf,0,42,-0.06610098470758177,0.009955406534549627
rf,0,43,-0.07619944696213427,0.009683139865466123
rf,0,44,-0.0025541390147048315,0.10281230798645088
rf,0,45,0.02720536353878078,0.041075282322449974
rf,0,46,-0.0176861884844471,0.17777114211334138
rf,0,47,-0.041668901451648505,-0.03711744582757524
rf,0,48,-0.04638331444633004,0.15775579900978887
rf,0,49,0.17945103967680254,0.17945103967680254
rf,0,50,0.005847915955509875,0.06436324608231636
rf,0,51,0.009647722308589873,0.0399230403602287
rf,0,52,-0.003231902082578786,0.051719200773380936
rf,0,53,-0.06027584898548395,-0.0353390674161589
rf,0,54,-0.037265076788932316,0.00073898354264193
rf,0,55,-0.050225365358808644,0.08606857961469566
rf,0,56,-0.12867032233824569,0.07025067886691608
rf,0,57,-0.14728697090346632,0.14959104553701652
rf,0,58,-0.08386826565732952,0.08995213705518673
rf,0,59,0.061036057929862914,0.09039369901305708
rf,0,60,-0.010209307781937571,0.11841945962366635
rf,0,61,-0.07169622690721493,0.006624691169310498
rf,0,62,0.0239258633719793,0.07372162915213443
rf,0,63,0.07368523341215638,0.11885043407252116
rf,0,64,0.003774509714768337,0.1537130635117478
rf,0,65,-0.12803230621846368,0.12624380491939563
rf,0,66,-0.08821265069663484,0.0141123764078466
rf,0,67,-0.006919741850719002,0.07403002421881219
rf,0,68,0.02289799736795503,0.0897036699824969
rf,0,69,0.003952971347240486,0.018454581880914145
rf,0,70,0.15659323701488148,0.15659323701488148
rf,0,71,0.024832693552196777,0.08000353150318476
rf,0,72,-0.027219402819302255,0.01033212565501973
rf,0,73,-0.10106595129683538,0.07021892346390199
rf,0,74,-0.02688141257631893,0.047561568782542474
rf,0,75,0.11954498450716339,0.11954498450716339
rf,0,76,0.018269404722391608,0.08082626044249039
rf,0,77,-0.008983318399208198,0.09801545439762166
rf,0,78,-0.03425582587795259,-0.025273956466579345
rf,0,79,-0.008696573556159243,0.05343244866577612
rf,0,80,-0.005711995615418325,0.08531513783602127
rf,0,81,0.017689101554841907,0.13519952317891426
rf,0,82,0.06070985308434354,0.28589204861252143
rf,0,83,-0.03506783599803445,0.018291143340746968
rf,0,84,-0.00798059706898556,0.1026597272480679
rf,0,85,-0.003176781993926514,-0.003176781993926514
rf,0,86,-0.08857956473820588,0.013508700097925569
rf,0,87,0.05792740363702498,0.05792740363702498
rf,0,88,0.14950711922459786,0.22739362728939394
rf,0,89,0.02905198321941893,0.04278302168896225
rf,0,90,-0.05531233742172667,0.034977760445912165
rf,0,91,0.17468228400235614,0.1934264657694138
rf,0,92,0.04989913192462503,0.04989913192462503
rf,0,93,-0.048249989841720506,0.039227232822934804
rf,0,94,0.03739144270896855,0.05245164884935363
rf,0,95,0.05761566773704399,0.0721254470130493
rf,0,96,0.054740834833394536,0.13175649542426365
rf,0,97,-0.0541676720591405,-0.020460938723467104
rf,0,98,0.01362282312826768,0.0633590620940716
rf,0,99,-0.0993069872943785,0.009409431013710112
rf,0,100,-0.07090574711758219,0.0218835854041666
rf,0,101,0.0011301735429120052,0.0796294412285754
rf,0,102,0.03158877603153426,0.09882911023019181
rf,0,103,-0.04093053349299677,0.048910752506286403
rf,0,104,-0.001623464356017762,0.12450167065315526
rf,0,105,-0.006753225818866837,0.045167218993351604
rf,0,106,0.10717887280398758,0.14155593783262338
rf,0,107,-0.021812370029220346,0.00018895499728163734
rf,0,108,0.0182036995997574,0.09437212920232554
rf,0,109,0.0184149707834243,0.047069166127955364
rf,0,110,0.07387927799988786,0.10224894255838879
rf,0,111,0.020578204085440144,0.06919424851227249
rf,0,112,-0.016980922573739843,0.06845352429382881
rf,0,113,-0.010658390618601521,0.07249270394798796
rf,0,114,0.04077369088206825,0.06055942633131753
rf,0,115,-0.021520466926510315,0.09848655017807093
rf,0,116,0.0011879891701113143,0.07799665248420593
rf,0,117,0.006746619187061265,0.07747653425217119
rf,0,118,-0.07753187277072683,0.05491182689589519
rf,0,119,-0.16488677479503805,-0.02554302206220707
rf,0,120,0.05259596567407207,0.12830169343276726
rf,0,121,0.049314398579597435,0.049314398579597435
rf,0,122,-0.1029903047374921,0.07127629740193828
rf,0,123,0.08271314947887995,0.09901895653685297
rf,0,124,0.03511571018907261,0.06508708478167718
rf,0,125,-0.09954408605861638,0.06746981032752236
rf,0,126,0.05455515107450237,0.07539338528702291
rf,0,127,0.024790157107794003,0.11943001748689136
rf,0,128,-0.010102858815236843,0.03117450355949597
rf,0,129,0.052851149313764806,0.10896919560347523
rf,0,130,0.03789975819168723,0.13884194991729953
rf,0,131,0.007111731235236951,0.14319797854379424
rf,0,132,0.02151410064314213,0.12316564961619275
rf,0,133,-0.0412260851750396,0.017507162850007585
rf,0,134,-0.004285585768623035,0.06794778462099721
rf,0,135,0.06309743639753435,0.10821154560922946
rf,0,136,0.02117195122867435,0.07813440644285019
rf,0,137,0.024198549922592877,0.058378575988463466
rf,0,138,-0.018184590691959046,0.09315486661174982
rf,0,139,0.08848968071318469,0.08848968071318469
rf,0,140,-0.037630620320501254,0.0516444784888439
rf,0,141,-0.039036449973399334,0.05926511734307646
rf,0,142,0.015374394759295723,0.07672061877282191
rf,0,143,-0.08982081607479789,0.048541533432010675
rf,0,144,0.029995510682903292,0.054652547853401956
rf,0,145,0.12847210661555214,0.1381799459448863
rf,0,146,0.051613461478398404,0.08297076449628732
rf,0,147,0.0004966171672173836,0.013317555118893959
rf,0,148,-0.04314942858926363,0.06477160514949568
rf,0,149,0.0002980482588018363,0.06816665263479646
rf,0,150,-0.05408365920194698,0.021089954436672886
rf,0,151,0.11540928107817677,0.11540928107817677
rf,0,152,0.03584405586653014,0.0406668257578027
rf,0,153,0.12772511853369117,0.12772511853369117
rf,0,154,-0.06999048488707738,0.025673614808436357
rf,0,155,-0.04675622069697155,0.005971051790297999
rf,0,156,-0.03457220617856516,0.009759596868985004
rf,0,157,0.06902328587894821,0.11446125613125141
rf,0,158,0.01821182422231507,0.07905488418056567
rf,0,159,-0.0032635545088185447,0.1334353846903843
rf,0,160,0.03288041045347159,0.04313106492625868
rf,0,161,-0.05566434238197236,0.04002333800905433
rf,0,162,0.025149761428831435,0.03309476298411049
rf,0,163,-0.0468680434436024,0.009253207007984515
rf,0,164,0.024690397200881037,0.042272062041079195
rf,0,165,0.032153856449672086,0.032153856449672086
rf,0,166,-0.0189254722647709,0.02296680192158157
rf,0,167,0.02571095078173169,0.07260314441705878
rf,0,168,0.0034430506525265914,0.07392783728575306
rf,0,169,-0.05781305843972952,0.08095691330482524
rf,0,170,-0.059115514520480195,0.09453123348694348
rf,0,171,-0.05346921198367112,-0.030602906580168343
rf,0,172,0.12631961402465008,0.13462811935074587
rf,0,173,-0.12259763949930769,0.07045291435837603
rf,0,174,0.0073050707024542305,0.17104435911141347
rf,0,175,0.017989789661794042,0.144193126564574
rf,0,176,-0.11251012234256311,0.006246027271719273
rf,0,177,-0.0653134187276027,-0.02886932395221639
rf,0,178,0.00803360467875025,0.01864990149414983
rf,0,179,-0.022483936893380435,-0.022483936893380435
rf,0,180,-0.02223146578632218,0.025179911647426917
rf,0,181,0.015590284219168665,0.015590284219168665
rf,0,182,-0.015379410655935774,0.009797866966216123
rf,0,183,-0.0036476454009021775,0.06100750355437304
rf,0,184,-0.02790829428593633,0.002341095482227301
rf,0,185,0.013417467506683323,0.06620277308526096
rf,0,186,0.05487352131866241,0.06487139353706803
rf,0,187,-0.06834092309664486,0.023115573216529295
rf,0,188,0.033688532534054794,0.24058303456292907
rf,0,189,-0.07147485882455881,0.0016439916408209632
rf,0,190,-0.03748533604927136,0.05666831381417883
rf,0,191,-0.042364036288662255,0.241990847143503
rf,0,192,-0.0014090656640659838,0.06083760111615166
rf,0,193,0.07819962494407412,0.08198696036004582
rf,0,194,-0.00026469046942756425,0.010441814782436165
rf,0,195,-0.004923611112453541,0.0754456059384874
rf,0,196,0.004033878327268453,0.02551575723427718
rf,0,197,-0.06350217697513222,0.0125058088295881
rf,0,198,0.0037394599519839367,0.007598625012548738
rf,0,199,0.05285684590032971,0.06557148767944504
rf,0,200,0.1108789149932502,0.18399003090163435
rf,0,201,-0.04007295425935915,0.029389074176001312
rf,0,202,0.061627494578066044,0.10066156481469271
rf,0,203,0.043390219268518104,0.043390219268518104
rf,0,204,0.044422570004347184,0.1459936866937968
rf,0,205,-0.11062747088396606,-0.06194367285541494
rf,0,206,-0.01557990838489158,0.030022693643490306
rf,0,207,0.09020937233218271,0.12245943856192404
rf,0,208,0.11713390266386398,0.11909018713437558
rf,0,209,0.02067603976802096,0.08533512453999492
rf,0,210,-0.07172937517495592,0.06286332550233681
rf,0,211,-0.05329396930365997,0.03791695515999424
rf,0,212,0.05905748405686473,0.05905748405686473
rf,0,213,-0.1149550131436987,0.06393634513755922
rf,0,214,0.040831062389099615,0.06721803345948255
rf,0,215,0.008504801892514069,0.029491328380699927
rf,0,216,-0.09815921556951884,0.09986539517992152
rf,0,217,0.05606767904744267,0.09779766426112171
rf,0,218,0.19114036546930607,0.19114036546930607
rf,0,219,-0.00529776481447039,0.16660537438510614
rf,0,220,-0.0911610020509124,0.034917633463683456
rf,0,221,0.028369989161570353,0.10518724968772006
rf,0,222,0.10842126836910959,0.12129555549641441
rf,0,223,0.04468093719897767,0.04468093719897767
rf,0,224,-0.020837313326694695,0.12351232630349485
rf,0,225,0.08634977927092893,0.1962247011282755
rf,0,226,-0.13273033205214468,0.011024728893047286
rf,0,227,0.04745066129597167,0.04745066129597167
rf,0,228,-0.0009171109692364121,0.052442424310247926
rf,0,229,0.008802942573974432,0.037606111311256823
rf,0,230,-0.10049250423124217,0.018270075553545484
rf,0,231,0.08022819017523838,0.1155497973799254
rf,0,232,0.09025984852513144,0.09025984852513144
rf,0,233,0.036765011479461845,0.06437363028363335
rf,0,234,0.02129023094046084,0.08158052558514764
rf,0,235,0.060581535275451126,0.07360357742117798
rf,0,236,-0.042856273959613694,-0.0005542995982230903
rf,0,237,0.015529496090758016,0.049177678561059535
rf,0,238,-0.01861807452521129,0.007452985335422324
rf,0,239,0.07357653072336928,0.14385294413244032
rf,0,240,-0.06848721275545279,0.08033285638130677
rf,0,241,0.06706037754288788,0.06706037754288788
rf,0,242,-0.09918837777604118,0.09060526656128057
rf,0,243,0.011793146004289767,0.05550899085065086
rf,0,244,0.04476448591863205,0.05872142403503533
rf,0,245,0.01711899448725962,0.06390225341990233
rf,0,246,0.025148586470739254,0.06676138878960777
rf,0,247,0.07048347918675632,0.07317823670085583
rf,0,248,-0.04367112220632724,-0.030285354612838752
rf,0,249,0.11906530479270111,0.12147337508492995
rf,0,250,0.04044673344579919,0.07377759151458996
rf,0,251,0.02924256404767528,0.11784465378132247
rf,0,252,-0.009936757241341881,0.10970016336066818
rf,0,253,0.04225223132477118,0.04225223132477118
rf,0,254,0.055696436467539134,0.055696436467539134
rf,0,255,0.13663774141689317,0.17310292759396517
rf,0,256,0.012353749789125318,0.1289517312621044
rf,0,257,-0.06545903659228464,0.09305658939567249
rf,0,258,-0.027672658174743264,0.013956501164301138
rf,0,259,-0.08438888487048915,0.00639631603298646
rf,0,260,-0.026756998039925234,0.13259236937411806
rf,0,261,0.017760688596306057,0.06079915368882258
rf,0,262,-0.07106597706449333,-0.006041958531418867
rf,0,263,-0.01864458395266115,0.007658110103033577
rf,0,264,0.038302968112320424,0.06259172680916014
rf,0,265,-0.06021370055567572,0.12902152289175262
rf,0,266,-0.05436020920840051,0.01737856934805973
rf,0,267,0.004795984366832429,0.1189480411178176
rf,0,268,-0.08232306647003787,0.044837829135088714
rf,0,269,0.12813064845756816,0.23612370883097517
rf,0,270,0.060018634634647516,0.0854620709023243
rf,0,271,0.08232303025243645,0.08232303025243645
rf,0,272,0.093323781819073,0.14844991186824164
rf,0,273,-0.004164613202556788,0.1087970582595674
rf,0,274,0.03850288311921987,0.06114298568858373
rf,0,275,0.044098086933945096,0.1240167092552199
rf,0,276,0.01708779790038331,0.017827069265615225
rf,0,277,0.02977321799656757,0.02977321799656757
rf,0,278,0.003963773199643639,0.03160160410460025
rf,0,279,0.012933224873416527,0.02352724018972302
rf,0,280,-0.028139661718794035,-0.015304052678731958
rf,0,281,0.0001950221933966212,0.09756646335434957
rf,0,282,-0.02536728605853303,0.18384287931625548
rf,0,283,0.004641497772695985,0.17841172069464756
rf,0,284,0.06421525620863233,0.09993349919829303
rf,0,285,-0.020920304059837025,0.051173285040776395
rf,0,286,0.09160687497040945,0.09160687497040945
rf,0,287,-0.1339406971302848,0.12644039511026145
rf,0,288,0.05961364958963486,0.1061886545901454
rf,0,289,-0.02742009766541828,0.1297267335522574
rf,0,290,0.04748169230783386,0.0787462540796568
rf,0,291,0.05613674318633777,0.07874962103650229
rf,0,292,0.03406562893654355,0.11823119748735567
rf,0,293,-0.09453362214830875,0.15812422602939918
rf,0,294,0.025290982109675175,0.07818901602945169
rf,0,295,0.010135427710314171,0.0391990476099385
rf,0,296,-0.05472684613061618,2.7201371713109213e-05
rf,0,297,0.09769677093102017,0.09769677093102017
rf,0,298,0.037942443770973056,0.05938462899838895
rf,0,299,0.04925907416103681,0.04925907416103681
rf,0,300,0.06302515379624404,0.06302515379624404
rf,0,301,0.07778579351677473,0.12025943247550941
rf,0,302,0.02458181496194861,0.06869867565732068
rf,0,303,0.11287714183189113,0.11287714183189113
rf,0,304,0.011978056543395288,0.08378614844364529
rf,0,305,-0.03839417489723215,0.09032788227715949
rf,0,306,-0.0639823170932455,-0.0639823170932455
rf,0,307,-0.04210938352404496,0.062202573144910595
rf,0,308,0.0812770410101572,0.10629303126919479
rf,0,309,-0.057976512298030816,0.10944872513780476
rf,0,310,0.04860625737238858,0.08608698349896865
rf,0,311,-0.0353504225276839,0.014275803885362814
rf,0,312,-0.04513624955733597,0.024191951767062292
rf,0,313,-0.052667319459078,0.1368800135532946
rf,0,314,0.046216596762175266,0.11574548759849468
rf,0,315,0.10793905295526074,0.10950374388406958
rf,0,316,0.03010418019561284,0.04136870539031734
rf,0,317,-0.10677361981155581,0.07993584680600627
rf,0,318,-0.09707362003548925,0.05369090765522347
rf,0,319,0.02861941013812158,0.05748584320305797
rf,0,320,-0.11111314363797474,0.14269611284822842
rf,0,321,-0.07905554175297477,0.07937314243900032
rf,0,322,-0.05740577547201514,0.0828275700474134
rf,0,323,0.010402823001989747,0.08273372887030228
rf,0,324,-0.008499981600767106,0.15556292119783494
rf,0,325,-0.012128070373894254,0.011823032310544601
rf,0,326,0.010801823989981724,0.06778400197244006
rf,0,327,-0.02101903823074794,0.0414443918740289
rf,0,328,0.038151564811356425,0.04440121255731899
rf,0,329,0.05367325370212653,0.05367325370212653
rf,0,330,-0.09139671336598401,0.016081270513843754
rf,0,331,-0.014539058913891192,0.15533840599255483
rf,0,332,-0.02668192206039982,0.08021955471139089
rf,0,333,0.03810437612889464,0.03810437612889464
rf,0,334,-0.015113418864189446,0.017041255548429307
rf,0,335,0.041563915537079,0.15416567351557708
rf,0,336,-0.054531580299588225,0.11121004473007964
rf,0,337,-0.035162446395739594,0.1431349117886429
rf,0,338,-0.05047399114894016,-0.019985271303645163
rf,0,339,0.035039527568833495,0.035039527568833495
rf,0,340,0.09034792302899305,0.1771393041853399
rf,0,341,0.1289977974380374,0.1289977974380374
rf,0,342,-0.08487460414831473,-0.04498331549739623
rf,0,343,-0.07362807968079485,0.054330954897756856
rf,0,344,-0.055712065410608455,0.062092876641097056
rf,0,345,-0.05358575482096199,0.05218466950570469
rf,0,346,-0.08309671345733773,0.19040088971809516
rf,0,347,0.03654811052039211,0.10175243497261999
rf,0,348,0.034510867749961205,0.07526212397931445
rf,0,349,-0.07757957550695979,-0.044984367520576704
rf,0,350,0.06762108493314276,0.09520056648203845
rf,0,351,-0.044247059333698435,0.018908684225233008
rf,0,352,0.11903851932183174,0.130452442546233
rf,0,353,-0.04237897090807945,0.044209076393774
rf,0,354,-0.08747650260415502,0.1723512963578886
rf,0,355,-0.03102397284090795,0.31693588204145323
rf,0,356,0.10622421647225944,0.1678867492724177
rf,0,357,0.008253107188631065,0.008253107188631065
rf,0,358,-0.09476834405146958,-0.002646915256255211
rf,0,359,0.04262333949764702,0.09386397530360005
rf,0,360,-0.05354620713181442,0.01783551313398085
rf,0,361,-0.04815015559863636,0.13855753329315235
rf,0,362,0.017353629103179224,0.12466179310870779
rf,0,363,-0.03964019679372299,0.06761825021683904
rf,0,364,0.020021575817627507,0.17472406650802014
rf,0,365,0.011650523059732215,0.02497351769083625
rf,0,366,0.19680016091804053,0.21870253176979015
rf,0,367,0.005218241439833876,0.1469501121797756
rf,0,368,-0.08047484437293717,0.051255057916208824
rf,0,369,0.05050604176038473,0.05050604176038473
rf,0,370,0.050375366928828214,0.07633056213235481
rf,0,371,-0.032098230520348936,0.04142046011311712
rf,0,372,-0.048398821591323346,0.01200446471313385
rf,0,373,0.012308102534716175,0.012308102534716175
rf,0,374,-0.030179963181362526,0.044942669173328315
rf,0,375,0.09795659966640605,0.10100565738403361
rf,0,376,0.010945547621034196,0.10055174637343631
rf,0,377,0.11434021043561962,0.11434021043561962
rf,0,378,0.06703345027509172,0.07926320975451323
rf,0,379,-0.07989692462260803,0.05196426966465237
rf,0,380,0.047258138880253375,0.051303154496672
rf,0,381,-0.05164139737760563,-0.015830820590561026
rf,0,382,0.022872538006648346,0.06810436337452555
rf,0,383,-0.025072887110174316,0.028934049195698752
rf,0,384,0.00407307150783337,0.00407307150783337
rf,0,385,-0.07154190958970308,-0.050123801596946085
rf,0,386,-0.01548449630471685,0.09329276373880782
rf,0,387,-0.004100437629706549,0.013732512076898212
rf,0,388,-0.006237722226660386,0.01724498731643942
rf,0,389,0.06643336682479514,0.11225869586084672
rf,0,390,0.03686236969591425,0.06063457654076229
rf,0,391,-5.7630574617495434e-05,0.07553606957852083
rf,0,392,0.07772654537057555,0.14264115006347738
rf,0,393,-0.10466407704574716,0.06277286861613407
rf,0,394,0.08409547256918953,0.11284446250333988
rf,0,395,0.007563329080908732,0.04311469660852632
rf,0,396,0.06844459113473228,0.1359879854739633
rf,0,397,0.11823037603302078,0.12102518419505237
rf,0,398,-0.11833491466025758,0.12970528151987631
rf,0,399,-0.11184145531168478,0.07754382504870669
rf,0,400,-0.024811148088812685,0.015834880337705692
rf,0,401,0.02525055862373604,0.13824631424697398
rf,0,402,0.05243488806937677,0.06659847823539705
rf,0,403,0.020640477768782223,0.02206407584861078
rf,0,404,0.06215790163977544,0.23877326265940313
rf,0,405,-0.155267994816188,0.026838672390626844
rf,0,406,-0.0022491183709723583,0.0936400591663333
rf,0,407,0.10514920028537439,0.12033384747789083
rf,0,408,-0.028098061287655296,0.03978500682475872
rf,0,409,-0.06584453473599954,0.12226193609245006
rf,0,410,-0.003884671814036622,0.002669576429262549
rf,0,411,-0.03506207603666443,0.033203335396475436
rf,0,412,-0.08056558722772691,0.017516059808218826
rf,0,413,-0.0064646817494142805,0.009189229858866499
rf,0,414,-0.160684701975377,0.012282106482904148
rf,0,415,-0.00400642050602687,0.15544515745967913
rf,0,416,0.0794757063920622,0.0794757063920622
rf,0,417,0.007699823393051752,0.0428977897590877
rf,0,418,-0.038314797656057775,0.05176241780711052
rf,0,419,-0.015493228385752914,0.126421141878986
rf,0,420,0.015123066774353239,0.04010763513641541
rf,0,421,-0.07312644007252159,0.04964642965399588
rf,0,422,-0.007796125939515924,0.026692400995046495
rf,0,423,0.012443474889736655,0.18897309231474407
rf,0,424,-0.02978250536999409,0.025988740512777275
rf,0,425,0.033577027499870266,0.09458110614993526
rf,0,426,-0.006208822566960426,0.16624802325758198
rf,0,427,0.0657770161799589,0.11836547510777512
rf,0,428,-0.05200611471622707,0.04744657553136428
rf,0,429,-0.050748470374413074,0.06939934442057075
rf,0,430,0.033183276936782136,0.03457169618319089
rf,0,431,0.08130997849044302,0.08314456911053067
rf,0,432,0.052051180123528745,0.10326450025190256
rf,0,433,0.149303311152997,0.19006613523130395
rf,0,434,-0.039794089019615245,0.02545880484968885
rf,0,435,-0.0217097459699198,0.05064854132652957
rf,0,436,0.06910634259495099,0.06910634259495099
rf,0,437,0.07421019271257215,0.08301560577082373
rf,0,438,-0.024149494462541,-0.001060387571356597
rf,0,439,-0.005774945892722316,0.0574547392328727
rf,0,440,0.029447199036679167,0.04917238604795221
rf,0,441,-0.029688214047055392,0.05775193760630859
rf,0,442,0.07647977512687198,0.13146965265856964
rf,0,443,0.05034817383661391,0.13017231271163315
rf,0,444,0.06837720164077818,0.13157879911429998
rf,0,445,-0.09902268280399218,0.024191766738693915
rf,0,446,0.06389039990034906,0.09660872002020696
rf,0,447,-0.014692013695344591,0.03549275595617965
rf,0,448,-0.008578074444426001,0.038801244067267204
rf,0,449,0.05552574986859676,0.13756082446068296
rf,0,450,-0.05479861842792247,0.01966848567584978
rf,0,451,-0.03237537209892927,-0.021212338177592993
rf,0,452,0.10238226817370413,0.11728616906464545
rf,0,453,-0.016486820365801957,-0.016486820365801957
rf,0,454,0.14785681919891758,0.14785681919891758
rf,0,455,-0.059445365787559906,-0.012013519689927615
rf,0,456,0.06850196405282258,0.11162013210940361
rf,0,457,0.0219324189046278,0.03687029904605296
rf,0,458,0.04012608832958767,0.0422146908705571
rf,0,459,-0.07170792677683374,0.04883368675539432
rf,0,460,0.10198763336654182,0.10198763336654182
rf,0,461,-0.06730481625485678,0.012028118992866876
rf,0,462,0.05425485506629038,0.14696423354954707
rf,0,463,0.0008799855342506435,0.0008799855342506435
rf,0,464,0.06630878350325331,0.07542186631039469
rf,0,465,0.011229399013478247,0.08113937176862301
rf,0,466,0.14234436384967003,0.14234436384967003
rf,0,467,0.10756747422464011,0.10756747422464011
rf,0,468,0.01488703639146935,0.1329460444252964
rf,0,469,0.08199173585029726,0.08199173585029726
rf,0,470,-0.0670424991494637,0.07059320461218549
rf,0,471,-0.03907312465018316,0.02726771758196217
rf,0,472,0.0008528664735885372,0.11130763769989108
rf,0,473,-0.022330239081700773,0.016669250943500774
rf,0,474,0.09891699136707482,0.15131036441732687
rf,0,475,0.015237924670507635,0.13494951302664204
rf,0,476,-0.054032330468170284,0.05806328087473883
rf,0,477,0.039315275766556856,0.05065643089914218
rf,0,478,-0.021150757074420504,0.07252708124211754
rf,0,479,0.06274624746775231,0.08567246347750007
rf,0,480,-0.010554903818111236,0.013261785403590659
rf,0,481,0.0655739980372308,0.08282406518036214
rf,0,482,-0.09183763427453362,0.0609317848602256
rf,0,483,-0.014810133341695425,-0.014810133341695425
rf,0,484,-0.01211142279124304,0.01543975725706781
rf,0,485,0.08880592728164374,0.16820351671438077
rf,0,486,-0.048419738718255806,0.028806125835789842
rf,0,487,-0.00236276044664549,0.06388545905179147
rf,0,488,0.01728508635266468,0.07095386936197212
rf,0,489,0.0535733106354607,0.08675305279151116
rf,0,490,-0.03988672514962226,0.15258548871546151
rf,0,491,0.010874886844947584,0.010874886844947584
rf,0,492,0.059369512336196306,0.06648183198342927
rf,0,493,-0.015737447528661894,0.057541533288411745
rf,0,494,-0.09030824988490224,0.1592337741264258
rf,0,495,0.04307184203581141,0.07998647283367985
rf,0,496,-0.03989896309803148,-0.031143680273319832
rf,0,497,-0.0501030863503346,0.09790957069046416
rf,0,498,-0.02850718014819993,0.04356509785635024
rf,0,499,-0.07288689870575049,0.02044010798087778
rf,0,500,-0.04543956283415938,0.2992471562443499
rf,0,501,0.010255422936298136,0.1593064298012969
rf,0,502,-0.0324725120785177,-0.02142714364458792
rf,0,503,0.07752111308892429,0.09748955939422888
rf,0,504,0.10721398616603889,0.10721398616603889
rf,0,505,0.1017924458843453,0.1017924458843453
rf,0,506,0.012653663533290532,0.03593158875389055
rf,0,507,-0.004282649113665243,0.004526412343198782
rf,0,508,-0.13611215531006854,-0.015671033343982455
rf,0,509,0.018948514714745956,0.018948514714745956
rf,0,510,0.03711169801174591,0.08315134586837838
rf,0,511,-0.026471949677654094,0.08735004603372401
rf,0,512,0.08471722358736722,0.08471722358736722
rf,0,513,0.05410190119117411,0.09997303037392347
rf,0,514,-0.028052743148080914,0.07309172312289647
rf,0,515,-0.03542062369300972,0.05242063569558325
rf,0,516,0.0017155341285649828,0.03266051968547842
rf,0,517,0.10210645394521009,0.1323851192606082
rf,0,518,-0.04477284427221043,0.07462505139556408
rf,0,519,0.014326261612728458,0.08756048779514158
rf,0,520,0.07477955631852107,0.14243725126747736
rf,0,521,-0.060975168214633474,0.06380715171533177
rf,0,522,0.11237962644645816,0.15058879139692888
rf,0,523,-0.004987483475665272,-0.004987483475665272
rf,0,524,0.09470206298015083,0.11915741371323679
rf,0,525,0.10395139930977751,0.12547028728026471
rf,0,526,0.038085652218297794,0.1924520546173782
rf,0,527,-0.08309851945185512,-0.00038738649231201405
rf,0,528,-0.01764404663661591,0.0869039736316852
rf,0,529,0.04114475494278208,0.09408780397916047
rf,0,530,0.04418003381069449,0.0937094591661787
rf,0,531,0.030821611912371233,0.03377217148017431
rf,0,532,0.0017100118240588047,0.12006323797549623
rf,0,533,0.10827178991783126,0.10827178991783126
rf,0,534,-0.13349246388053979,0.14814662367037196
rf,0,535,-0.16038257105106216,0.015803111367977407
rf,0,536,0.16587813342449004,0.1886278183053821
rf,0,537,0.08301578749752231,0.08301578749752231
rf,0,538,0.04137526567945346,0.061433438673345636
rf,0,539,0.03406974383612896,0.03406974383612896
rf,0,540,0.04357171505437782,0.044847875678791504
rf,0,541,-0.003907481042526945,0.018013145762102195
rf,0,542,-0.01778425995086301,0.0563617469431055
rf,0,543,-0.0070522770087305675,0.07467238149546054
rf,0,544,-0.04683680998486778,0.026361107079618723
rf,0,545,-0.05357963998972498,0.062156978663505585
rf,0,546,0.004988389934723753,0.004988389934723753
rf,0,547,0.03136773439891449,0.03136773439891449
rf,0,548,0.013927710968319545,0.22906922554756787
rf,0,549,0.11150181452217955,0.11988389047818593
rf,0,550,0.11712881116535892,0.11712881116535892
rf,0,551,0.02503049167583435,0.05285758374889937
rf,0,552,-0.09674721203624331,-0.011173336146043378
rf,0,553,-0.017772522617227476,0.20460496338971446
rf,0,554,0.06712412128549161,0.06712412128549161
rf,0,555,-0.08260687333540151,0.03979901051353227
rf,0,556,0.012785982884090191,0.1085755553314787
rf,0,557,0.03162645882368961,0.12033145218880276
rf,0,558,0.07227933099783465,0.13741825389695234
rf,0,559,0.051182984786152685,0.0833854116536408
rf,0,560,0.010519225763956058,0.023038636632912085
rf,0,561,-0.01817416439590641,0.03918415304935621
rf,0,562,0.01133748449046107,0.060361356727297755
rf,0,563,-0.013438580179347764,0.06818545658517494
rf,0,564,0.016708616945960902,0.21577781978534843
rf,0,565,-0.10540394152144233,0.08072104662871432
rf,0,566,-0.01774630449801,0.046361823587994344
rf,0,567,-0.007631563535416802,0.08450556560418712
rf,0,568,0.04397046251466449,0.11570171936362861
rf,0,569,-0.022270989274714575,0.02189227081900444
rf,0,570,0.030064540849743415,0.1267624889918414
rf,0,571,-0.030072406203721605,0.08790660205059264
rf,0,572,0.043944409927142075,0.05040868563509818
rf,0,573,0.08242647995112615,0.11166681286013252
rf,0,574,0.04599053135551079,0.1135432029008521
rf,0,575,-0.09352326264602838,0.004089132793868189
rf,0,576,-0.08457768590333618,0.10424418096580348
rf,0,577,0.003866225427970188,0.03555758339733128
rf,0,578,0.062056548333403766,0.09311362818236263
rf,0,579,0.0006540368764152982,0.20716095763442333
rf,0,580,-0.11225394537822918,0.11513050901404104
rf,0,581,0.09385346758614871,0.09385346758614871
rf,0,582,0.008492931435080009,0.06825826141106175
rf,0,583,0.003558055092708484,0.028833074310009393
rf,0,584,0.005710565711593479,0.009865938356713455
rf,0,585,0.0022579904271664286,0.028634258525584683
rf,0,586,0.032928705993866436,0.12703438490159513
rf,0,587,-0.009782872198530732,0.15151102930340526
rf,0,588,0.02456394112240548,0.09200424845541794
rf,0,589,0.0485959510098897,0.16167698827310756
rf,0,590,-0.16206460537374964,0.12489436713903551
rf,0,591,0.06613033215898095,0.1486346916319093
rf,0,592,-0.054385033115367395,-0.01548413419009774
rf,0,593,0.022899742153100727,0.022899742153100727
rf,0,594,0.04472828411578883,0.05995139294082455
rf,0,595,0.035813490737251596,0.035813490737251596
rf,0,596,-0.06216823497750611,0.020248386777325766
rf,0,597,-0.018925049677402758,0.03289066178593561
rf,0,598,-0.005099895550649186,0.09161059545531627
rf,0,599,0.015941073978495368,0.07712378668351513
rf,0,600,0.06751229844104434,0.06751229844104434
rf,0,601,-0.08298318134889321,-0.013133536661881454
rf,0,602,-0.05600559068549764,-0.0019715170524036985
rf,0,603,-0.0688930716929995,0.0053288175735825005
rf,0,604,0.01965353975081846,0.06428642158608663
rf,0,605,0.08105880447012481,0.08639209119344457
rf,0,606,0.11329662198341811,0.11329662198341811
rf,0,607,0.021907022861703568,0.115162615645761
rf,0,608,0.036750366580356436,0.17362222621703116
rf,0,609,-0.032155916249899816,0.04570920882077237
rf,0,610,-0.15434959940583656,0.1843495561145036
rf,0,611,0.02536925712343374,0.07826987798305923
rf,0,612,0.020948921697794276,0.08008233506041434
rf,0,613,-0.022485671384401634,-0.0004317863468067673
rf,0,614,-0.01149001826703773,0.08826785014340222
rf,0,615,-0.009029755762578723,0.05825703388665601
rf,0,616,0.022208044130267363,0.06238423982146235
rf,0,617,0.06742665542409287,0.14270029217928648
rf,0,618,-0.0053749335999350445,0.03785948359473662
rf,0,619,-0.03448640186437382,0.12277171539536141
rf,0,620,0.014274942623142384,0.014274942623142384
rf,0,621,0.06885040670145792,0.06885040670145792
rf,0,622,0.020364241527083354,0.16242383168989327
rf,0,623,-0.00819794851908845,0.11213065951158777
rf,0,624,-0.062307912844275226,-0.010204396589045331
rf,0,625,0.1515813974238709,0.1515813974238709
rf,0,626,-0.020571065780795678,0.036626374110024396
rf,0,627,0.0365144458763583,0.10555051061983911
rf,0,628,-0.004343424423659564,0.021952047744241254
rf,0,629,-0.01922314100191741,0.09533059021836027
rf,0,630,0.06981370177672724,0.0710446288128129
rf,0,631,-0.06611144485408806,0.008880749660420573
rf,0,632,0.023931214480874596,0.023931214480874596
rf,0,633,0.03148025203966581,0.0444134945713823
rf,0,634,0.037229237313236185,0.17018197290954917
rf,0,635,-0.07853172197937305,0.011785822347333441
rf,0,636,0.022923330132277042,0.029649674691458128
rf,0,637,0.012372024956841615,0.034593165398020126
rf,0,638,0.010923547271810524,0.058132683732668555
rf,0,639,-0.15014222151417722,-0.00031708508519401324
rf,0,640,-0.044312951411490206,0.09712678023481214
rf,0,641,-0.16554054090707765,0.0973418387162642
rf,0,642,0.07292186294079242,0.0931610450976465
rf,0,643,0.06193494163510893,0.15391266481128896
rf,0,644,0.0661159678368197,0.0661159678368197
rf,0,645,-0.021886241133591722,-0.01300382731432212
rf,0,646,-0.04345617936055772,-0.0010045634505094214
rf,0,647,0.022100099832898956,0.0412035252072831
rf,0,648,-0.08890789910132191,-0.014955019839940256
rf,0,649,0.058244677396981165,0.058244677396981165
rf,0,650,0.10705819028691568,0.17368149441309805
rf,0,651,0.09081042328725875,0.09272285290202936
rf,0,652,0.02152768880663386,0.04524538239262413
rf,0,653,0.010108589138253549,0.03280278326589453
rf,0,654,-0.014498443606419248,0.07474446086295816
rf,0,655,0.08093141638148543,0.0810433059348295
rf,0,656,0.056919361019696496,0.056919361019696496
rf,0,657,0.004317891772645133,0.045441710806201546
rf,0,658,0.018757335774821193,0.06302671890429792
rf,0,659,-0.02632392018622101,-0.019977409241022134
rf,0,660,0.04003233765590611,0.10024497963568862
rf,0,661,-0.12455424077340237,0.01476681990152326
rf,0,662,-0.027462518921999968,-0.0005801114899985083
rf,0,663,-0.013739595568854332,-0.006924743366078068
rf,0,664,0.10983249672437595,0.12062429175867206
rf,0,665,-0.0773648750698443,0.03374266525568706
rf,0,666,-0.0537216325622345,0.07977167658162579
rf,0,667,-0.046264989034035364,0.057699105299324455
rf,0,668,0.09260601316357475,0.09260601316357475
rf,0,669,0.09081976678915649,0.09081976678915649
rf,0,670,-0.032121390807170455,-0.012238236045614359
rf,0,671,0.03790033292082451,0.06773991799670484
rf,0,672,0.018511133715105127,0.06184002904370889
rf,0,673,-0.01289424724137836,0.07241882909981698
rf,0,674,0.030480510007635797,0.04646567673931751
rf,0,675,-0.08190948939704441,0.02792368959484612
rf,0,676,-0.05255106909437994,0.14526984462435094
rf,0,677,0.018782483438568504,0.07198764780007127
rf,0,678,0.0004000909590270163,0.03690795734913874
rf,0,679,0.049899931459617214,0.12399707143780653
rf,0,680,-0.0666758405563921,0.0020102757501893054
rf,0,681,0.03963392576908714,0.14496651435522578
rf,0,682,0.0944642771190877,0.12554929588912644
rf,0,683,-0.026532218139631095,0.059139604183332
rf,0,684,-0.08013761206304953,0.017555505721473297
rf,0,685,0.0502746084295419,0.0502746084295419
rf,0,686,0.09642088825566572,0.09642088825566572
rf,0,687,0.00922441323709014,0.08349326830418613
rf,0,688,-0.016718121222590365,0.0007067289066555182
rf,0,689,-0.026216758759646103,0.05488957798868871
rf,0,690,-0.03317463883886042,0.034347513213360215
rf,0,691,0.011957625689602819,0.05508883061573677
rf,0,692,-0.13887332563329177,0.07021343424818866
rf,0,693,0.046421410325571066,0.054836016028361884
rf,0,694,0.08738013187156973,0.08738013187156973
rf,0,695,-0.08332558212742733,0.007923933200965322
rf,0,696,-0.06985414762031114,0.01880170318394639
rf,0,697,0.0077129591923564,0.046701233970601996
rf,0,698,0.0497157023706736,0.1623784638832348
rf,0,699,0.07360761292307844,0.08831635027534337
rf,0,700,-0.04899455520272601,0.11726226408513682
rf,0,701,0.0019004553797076496,0.0019004553797076496
rf,0,702,-0.04468230817378252,-0.010775275219216354
rf,0,703,-0.037951247348301825,0.05096863124814674
rf,0,704,0.09423755346407917,0.09423755346407917
rf,0,705,-0.06214710147077815,0.10128626012291017
rf,0,706,-0.017715018729396972,0.057714034850117474
rf,0,707,0.1731784823982463,0.1731784823982463
rf,0,708,0.0892082408027575,0.11153668669629063
rf,0,709,0.05962086610185072,0.13160213622562777
rf,0,710,-0.13485206685214074,0.08785105557051423
rf,0,711,0.02785358297242585,0.12340475546007235
rf,0,712,0.07234503559709848,0.07234503559709848
rf,0,713,-0.020799471724781513,0.04294679863173326
rf,0,714,0.06494571819382822,0.12492383526612055
rf,0,715,-0.07420965642589702,0.03298737685927819
rf,0,716,0.03735587493077894,0.09692999333711311
rf,0,717,-0.045671509014038755,-0.015249321556385531
rf,0,718,0.07709724184334737,0.08869127757942047
rf,0,719,-0.002438219345043652,0.1936067480182207
rf,0,720,-0.12698199724698936,0.0642625924212954
rf,0,721,-0.006358988640373098,0.010047251423657505
rf,0,722,0.06842207216089344,0.21882240497180744
rf,0,723,0.06224461911022175,0.10921153727708693
rf,0,724,-0.04682908024656553,0.18064058981624465
rf,0,725,0.0581483140042412,0.06799069093756482
rf,0,726,0.08410081379830162,0.13788379215538998
rf,0,727,-0.09816820271860924,0.053624284206733625
rf,0,728,-0.1007300552270189,-0.0015931619179543888
rf,0,729,-0.10414833570306035,0.035833728883884
rf,0,730,0.06401611858218365,0.11036217816382804
rf,0,731,0.010736193489694928,0.13562317823352976
rf,0,732,0.13123585791466408,0.13559100978944577
rf,0,733,-0.10937125473100691,-0.02008527785839985
rf,0,734,0.014220601177195896,0.03512592288547475
rf,0,735,-0.04930198751490078,-0.004525582122424515
rf,0,736,-0.010023280270615248,0.0901546718642196
rf,0,737,-0.11814695316545146,-0.01548928573314079
rf,0,738,0.021613384749545578,0.021613384749545578
rf,0,739,-0.08454634709278408,0.09506643437260975
rf,0,740,-0.007225201959443983,0.03676702981762997
rf,0,741,-0.04857403038976231,0.08121875588547642
rf,0,742,-0.038483606174814944,0.017271813053922447
rf,0,743,0.00030353242997122054,0.03622811231258477
rf,0,744,-0.061217590754230056,-0.013418878662575573
rf,0,745,0.025918177793903152,0.0619487566553541
rf,0,746,-0.018868137234623786,0.10171021108760861
rf,0,747,-0.045985046898999765,0.17532536375299634
rf,0,748,-0.012529306470452695,-0.01077550587036552
rf,0,749,-0.08160064857121699,0.18611322539968628
rf,0,750,-0.0004707487540998867,0.015044964826746332
rf,0,751,-0.09690693746172173,0.08314650022513811
rf,0,752,-0.12378226622307477,0.07320064051058112
rf,0,753,0.0002895349402688707,0.04750657976045963
rf,0,754,0.14437138094636198,0.14753334197021817
rf,0,755,-0.040824774851430365,-0.00937692833512449
rf,0,756,-0.13871649386234386,0.1384887144683435
rf,0,757,-0.07690348242863398,-0.022525891139579673
rf,0,758,-0.16076204084334877,0.03687792267491016
rf,0,759,-0.02669965960605393,0.09014348145717188
rf,0,760,0.05094037074031729,0.11402450077851539
rf,0,761,0.05383033363051981,0.05383033363051981
rf,0,762,0.1305746684035886,0.1899715765399409
rf,0,763,0.013441768998776138,0.04259604418333493
rf,0,764,0.04344020717203986,0.19177283825949776
rf,0,765,-0.038966159854840685,-0.009862574227253382
rf,0,766,0.0069516859349060545,0.05107782683337719
rf,0,767,0.029531683738942188,0.0360702148660082
rf,0,768,-0.015221037831113657,-0.015221037831113657
rf,0,769,0.017444698090605948,0.17343326206012266
rf,0,770,0.02901352358732051,0.02901352358732051
rf,0,771,-0.05920820829440003,0.10684604978969989
rf,0,772,0.09404495123292217,0.09404495123292217
rf,0,773,0.10932440216232908,0.11098019232103734
rf,0,774,0.01607878616982114,0.025245007415790055
rf,0,775,0.032770281800372114,0.062096435219046536
rf,0,776,-0.007958171671617678,0.13360005361213306
rf,0,777,-0.042417056483416565,0.06175481691163498
rf,0,778,0.00940405418555701,0.036356961963618734
rf,0,779,-0.08215607708734571,0.007014150388278573
rf,0,780,-0.02800590534790988,-0.022210105136031846
rf,0,781,-0.04122122377818187,0.00736375765682748
rf,0,782,0.06061275186082152,0.10318342197068628
rf,0,783,-0.015801521283186654,0.02855616928016
rf,0,784,-0.027484472963236098,-0.014399322067623066
rf,0,785,-0.008938961043511995,0.0702005117684262
rf,0,786,0.03378733216611143,0.04832777051823989
rf,0,787,0.015145466889061904,0.015145466889061904
rf,0,788,0.03878354304664999,0.03878354304664999
rf,0,789,-0.013575225060345877,0.07636608929171082
rf,0,790,-0.01891632429240571,0.12815444434006434
rf,0,791,0.022070036065837684,0.07218067433534098
rf,0,792,-0.03660159936515639,0.05846252931883841
rf,0,793,-0.06558386126565717,0.0326059291700089
rf,0,794,0.06169558870046071,0.1438658305353715
rf,0,795,0.016764514518873508,0.016764514518873508
rf,0,796,0.20004318173267227,0.20004318173267227
rf,0,797,0.12450297353154954,0.21873069101537213
rf,0,798,-0.062220262936581075,-0.017649117294496447
rf,0,799,0.08363036336889568,0.09860620973632753
rf,0,800,0.1023775484555084,0.1023775484555084
rf,0,801,0.010768798416297076,0.010768798416297076
rf,0,802,0.054659090505457586,0.054659090505457586
rf,0,803,-0.12204005476007558,0.05674567760327656
rf,0,804,-0.09284223340781693,0.07676976099261107
rf,0,805,0.019635940535818325,0.14933146321673474
rf,0,806,-0.005513054022006192,0.17927356877970685
rf,0,807,-0.031335408810298185,0.03763594400663123
rf,0,808,0.08835089023067955,0.10779387800372925
rf,0,809,0.06473500811863792,0.11104021689936272
rf,0,810,0.051894613640192516,0.08253194472721564
rf,0,811,-0.05156385661647006,0.11964448810558681
rf,0,812,0.04675274584883124,0.04675274584883124
rf,0,813,0.066398866938119,0.06830550837068819
rf,0,814,0.07836128683995736,0.12285656569021935
rf,0,815,-0.04323275468322807,-0.016716508014966505
rf,0,816,0.023149383153758363,0.07854946919745814
rf,0,817,0.016019409129337248,0.04610101082779017
rf,0,818,0.007155961945280648,0.09446105084731737
rf,0,819,-0.04432936995483916,0.014480788812412965
rf,0,820,0.04064270106090165,0.05622953008935078
rf,0,821,-0.0012910329926469621,0.02279744301316869
rf,0,822,0.026375668703224386,0.07895133534110732
rf,0,823,0.02102377996403737,0.12340819462324276
rf,0,824,0.00819110372459525,0.2661540952884041
rf,0,825,0.053868058392488566,0.0567360997311227
rf,0,826,0.002865724336305081,0.1263611006910096
rf,0,827,-0.0019972813984440174,0.06675060000564742
rf,0,828,0.0740241376896405,0.15795237799027084
rf,0,829,0.0796983114638968,0.0796983114638968
rf,0,830,0.07649508745526395,0.22103440068152463
rf,0,831,-0.03863067270468955,0.026852233503910944
rf,0,832,0.05993856559694957,0.05993856559694957
rf,0,833,0.12872020835297637,0.1588401092693444
rf,0,834,0.009441762858185848,0.029649412137037423
rf,0,835,0.06907263202345734,0.19070880099265491
rf,0,836,0.05035365430971708,0.0556198863051908
rf,0,837,0.04268719545507019,0.12334860576962614
rf,0,838,0.02433061750807672,0.07100466534184097
rf,0,839,0.03350068500211098,0.1489772616973854
rf,0,840,-0.027870722889779695,0.02847185703174296
rf,0,841,-0.026173766208628102,0.08489721554059526
rf,0,842,-0.05403564291838378,0.20369929246425833
rf,0,843,-0.010481653642535504,-0.007151518080713404
rf,0,844,0.1354519745532476,0.1354519745532476
rf,0,845,-0.016221004617339663,0.10284315982634001
rf,0,846,-0.13035211001614794,0.10286672559450327
rf,0,847,-0.09694913460412831,0.026799264149952984
rf,0,848,-0.03558209966042547,0.0014190115243389034
rf,0,849,-0.02677347204030485,0.05757056704462041
rf,0,850,0.04803430483612095,0.05197535612716342
rf,0,851,0.06319488902236406,0.14534345153735218
rf,0,852,0.03537233294116268,0.03537233294116268
rf,0,853,-0.020612448332464048,0.0032050901834760337
rf,0,854,0.1962727124389403,0.26711792154345104
rf,0,855,0.12534624863764005,0.12534624863764005
rf,0,856,-0.01896893751105512,0.03134014525169762
rf,0,857,0.014458343868765239,0.15462904587678078
rf,0,858,-0.017461445676034068,0.03798840746746898
rf,0,859,0.09857934678904345,0.21459650153173482
rf,0,860,0.13278521098351842,0.15404073258918716
rf,0,861,-0.036662424304020044,0.041776203938319295
rf,0,862,-0.023811604660936916,0.14072731093720303
rf,0,863,-0.019306806792535797,0.016157143702264426
rf,0,864,0.07780568618779965,0.07999753758269393
rf,0,865,0.07091508119723144,0.07091508119723144
rf,0,866,0.05499063222941636,0.13239223838640607
rf,0,867,0.0007027133935819108,0.03787525973541056
rf,0,868,0.04871188502518309,0.2837909342846315
rf,0,869,0.0914450986834088,0.10330900967574663
rf,0,870,-0.0523265517991746,0.005113068901674206
rf,0,871,-0.06263428465954864,0.05386971699752141
rf,0,872,-0.044117861031183925,0.03560672909219281
rf,0,873,0.030681831723559566,0.18696923677708327
rf,0,874,-0.020794081187257424,0.054447108513124454
rf,0,875,-0.1749240498388739,-0.011969047929711055
rf,0,876,0.03619202334595717,0.04713371915820344
rf,0,877,0.016157306935137034,0.14967936946467458
rf,0,878,0.017774704548962794,0.07800305464681498
rf,0,879,-0.017851331456670325,0.010933083118309428
rf,0,880,-0.11001211137866368,0.019097221333166076
rf,0,881,-0.05420285887661598,0.021615798596736624
rf,0,882,0.0596593210763918,0.181781859268617
rf,0,883,-0.026190981372650496,0.08023620116349583
rf,0,884,0.03416126110488296,0.03416126110488296
rf,0,885,-0.019089558513103164,0.0867381926229571
rf,0,886,0.13155581524221316,0.1323323338511288
rf,0,887,0.031477589161215236,0.16862602126127507
rf,0,888,-0.11622643192609948,-0.010588543259854824
rf,0,889,0.11994567257366345,0.12336840958331946
rf,0,890,0.01734750529726778,0.09048205435507423
rf,0,891,-0.06191268598881759,0.0165694995422149
rf,0,892,0.00975095445620805,0.027545952307925448
rf,0,893,-0.01230509920111618,-0.011306856285585004
rf,0,894,-0.06443772028816368,0.006334844808472351
rf,0,895,0.0006350512870239577,0.043648935454282556
rf,0,896,0.03503254992721236,0.07024656258585915
rf,0,897,-0.14524877963855776,0.13034360370214632
rf,0,898,-0.05640757744568088,-0.013341855859773544
rf,0,899,-0.013081433081945273,0.11676766967279276
rf,0,900,-0.01977181364445811,0.1536727418694464
rf,0,901,-0.041103224599134555,0.0999775208226627
rf,0,902,-0.04027835513857922,0.1472754630010386
rf,0,903,0.03584852356687293,0.059344827261388705
rf,0,904,0.02922888760507511,0.08800532480756296
rf,0,905,0.03633499397658349,0.0685164380268013
rf,0,906,-0.06109072722688293,-0.00864404785167057
rf,0,907,-0.005448119602518869,0.01310800521430705
rf,0,908,0.021740382839782052,0.11982912102859988
rf,0,909,0.057619200730735565,0.057619200730735565
rf,0,910,0.04917874336632366,0.08668598732308261
rf,0,911,-0.03774644893883876,-0.03774644893883876
rf,0,912,-0.059961750118760926,0.12039800747847007
rf,0,913,-0.0053285809057599665,0.13359101536577433
rf,0,914,-0.023202757271096608,-0.003221337211208264
rf,0,915,-0.07066768912654019,0.04061937813422706
rf,0,916,0.09974659521263929,0.10860429707441163
rf,0,917,0.014610319858800708,0.027267057894764662
rf,0,918,0.00832022699776544,0.17705116218479855
rf,0,919,0.09268866237143697,0.10355487385515727
rf,0,920,0.01089582969310074,0.12276137493392042
rf,0,921,-0.041585332065599084,-0.030292641170270182
rf,0,922,-0.04464193724238644,0.16179663783297565
rf,0,923,0.020208303478261497,0.03604145347962473
rf,0,924,0.019635097752447705,0.04985419231565033
rf,0,925,0.004175435205984013,0.10141751170835758
rf,0,926,-0.06872636490774484,0.07587237546145187
rf,0,927,0.029812764235948447,0.029812764235948447
rf,0,928,0.05819903397792622,0.2041574478598015
rf,0,929,0.006950779443914035,0.09814488970345803
rf,0,930,-0.006179001605986695,0.04459512140832389
rf,0,931,0.09634382529407617,0.1798963262408097
rf,0,932,-0.025621090251592843,0.0356213266468636
rf,0,933,-0.05950508617411311,-0.006659935211335677
rf,0,934,-0.01107370328936888,0.03671880787383322
rf,0,935,-0.00419388212295721,-0.0008471027259343566
rf,0,936,0.009287457189618042,0.013718158083459248
rf,0,937,0.01749487236319966,0.1340746048596238
rf,0,938,-0.05622797616116884,0.14701338940494535
rf,0,939,0.040397069115459205,0.20312447276493734
rf,0,940,0.02140808265910174,0.07141243024516819
rf,0,941,-0.009979441542486034,0.04375266613490841
rf,0,942,-0.04441078629144417,0.21613345140639278
rf,0,943,-0.09325557938821111,0.019386925624328782
rf,0,944,-0.1657784211763257,0.0580739231294731
rf,0,945,0.06628801791888106,0.09517791137088516
rf,0,946,-0.0036115598228860235,0.015829455252830832
rf,0,947,0.0003387847625583862,0.045478395556120266
rf,0,948,-0.054930664413600325,0.035733049729544886
rf,0,949,-0.04731843395077617,0.011963182397220301
rf,0,950,0.08924984383476967,0.12829281523181768
rf,0,951,0.10083646455229289,0.10083646455229289
rf,0,952,-0.01359477584355169,0.07337610012502624
rf,0,953,-0.011580325065476946,0.07542320966785429
rf,0,954,0.08647355681714369,0.09690763709210559
rf,0,955,-0.06408041580847383,0.09777640453159347
rf,0,956,-0.02994019897208039,-0.004192245813937873
rf,0,957,-0.06195924836121412,-0.0356259630136502
rf,0,958,-0.03305600144386932,-0.011155634607973003
rf,0,959,-0.0014920799480033498,0.10621582060616283
rf,0,960,0.03249538734208715,0.03249538734208715
rf,0,961,-0.06749526735176692,0.07035528075690181
rf,0,962,0.1433166586824759,0.1433166586824759
rf,0,963,-0.00017095345148535057,0.03454210541239888
rf,0,964,-0.10934594939537359,0.04490310932352179
rf,0,965,-0.08172626340884381,0.02711172229569117
rf,0,966,0.022303388567074672,0.10141578999755843
rf,0,967,0.02933118545529234,0.02933118545529234
rf,0,968,-0.06970451476980599,0.013179103936926895
rf,0,969,0.026198124390004407,0.04348273837720232
rf,0,970,-0.03519456699957367,0.21418859698204462
rf,0,971,-0.07825613929252595,0.03201989267073199
rf,0,972,-0.016849679608423304,0.01936220598851443
rf,0,973,0.10098077010135925,0.10098077010135925
rf,0,974,-0.0011915270194159666,0.004287298603369932
rf,0,975,0.02183540570200826,0.03775549093168096
rf,0,976,0.09176736705293734,0.09759110741055194
rf,0,977,0.06925059555285304,0.06925059555285304
rf,0,978,-0.05906445051183225,0.018943446054669355
rf,0,979,-0.08677265578699545,0.04381505412976369
rf,0,980,0.036701339519365495,0.036701339519365495
rf,0,981,0.01772299788802187,0.02727581310784255
rf,0,982,-0.0862232195119807,0.06490893710006973
rf,0,983,-0.0012809808695786462,0.057379374467608824
rf,0,984,0.09630058211438469,0.09630058211438469
rf,0,985,-0.011119213329031083,0.0833245549109995
rf,0,986,0.07138369223668994,0.0983795212553405
rf,0,987,0.04079048412095074,0.04239265346612339
rf,0,988,-0.014601134429101922,0.05048313467380172
rf,0,989,0.09278211889917662,0.1481042931799943
rf,0,990,-0.12156266766071215,0.09199397249945016
rf,0,991,-0.10567379385339323,0.011152867594991844
rf,0,992,-0.03000827392348271,0.02406916428787656
rf,0,993,0.08144647527580207,0.14467719924828493
rf,0,994,-0.11950135257693068,-0.017725844562577572
rf,0,995,-0.0458966407708275,0.046796314977123665
rf,0,996,-0.006789399382323313,0.12379533676341709
rf,0,997,-0.19037695537924382,0.01595660313468983
rf,0,998,0.03908175408714687,0.03908175408714687
rf,0,999,-0.1664291446085344,0.06424706746517655
rf,0,1000,0.11617013108756633,0.12973287264072142
rf,0,1001,0.03921735617572619,0.14571929658363186
rf,0,1002,0.007835442279295446,0.1299695968816093
rf,0,1003,0.08917435294001927,0.08917435294001927
rf,0,1004,-0.005684518872409061,0.02070004649106827
rf,0,1005,0.06755872215077441,0.06755872215077441
rf,0,1006,-0.004561141996795776,0.053726573130659455
rf,0,1007,-0.04019920441112862,-0.021483202341470664
rf,0,1008,0.007323616620431211,0.11243047362150221
rf,0,1009,-0.017982101454762853,0.044732742687963206
rf,0,1010,-0.05863546406836899,-0.018089755153020262
rf,0,1011,-0.13728024086421986,-0.010051444632033085
rf,0,1012,0.07794665322187319,0.08925786775921551
rf,0,1013,0.02472583048013613,0.09199967256371402
rf,0,1014,0.09128947201388804,0.09128947201388804
rf,0,1015,-0.009483099072391268,-0.009483099072391268
rf,0,1016,0.0012104906007238125,0.08139505799129829
rf,0,1017,0.041484693461084465,0.10276411659124224
rf,0,1018,-0.10043720036271944,0.05311467749980742
rf,0,1019,-0.0019718006232413154,0.05097047695804924
rf,0,1020,-0.03083137323403412,0.04457196379984252
rf,0,1021,0.045933281341798665,0.045933281341798665
rf,0,1022,0.01982443416643731,0.10036047294159006
rf,0,1023,-0.05530366306642491,0.054952778729548846
rf,0,1024,0.0923163461249179,0.09437600877748972
rf,0,1025,-0.10554505542172321,0.006166065281329042
rf,0,1026,-0.004553690830426449,0.0968207585121347
rf,0,1027,0.0528579717334787,0.14507895478588984
rf,0,1028,0.11757409844457017,0.12302171930446537
rf,0,1029,0.017342598405506587,0.07016792991132362
rf,0,1030,-0.05709039911832388,0.0348930780744823
rf,0,1031,-0.042526045233532844,0.03254849937381504
rf,0,1032,0.08167816988807633,0.0926024414615686
rf,0,1033,0.047829626026974936,0.0851780604725913
rf,0,1034,-0.08783650859218389,0.025533925113631728
rf,0,1035,-0.04104153143849536,0.08026485952107307
rf,0,1036,-0.11042024453149765,-0.02938656230785615
rf,0,1037,0.027484035306243104,0.02820081771691632
rf,0,1038,0.14796733200131107,0.17055076422771082
rf,0,1039,0.11553624285212363,0.11961950301468999
rf,0,1040,0.00980205207919388,0.04101773437251238
rf,0,1041,0.05479255660598037,0.10340347053698554
rf,0,1042,-0.07419158888378458,0.08968270788014107
rf,0,1043,-0.021336713728563272,0.10403235446264697
rf,0,1044,0.018210704169759978,0.035226991077594166
rf,0,1045,0.06448367234763738,0.06448367234763738
rf,0,1046,-0.043262289878363655,-0.0038360142118264995
rf,0,1047,0.060463199079866914,0.060463199079866914
rf,0,1048,-0.08486128140055454,-0.010607741937798273
rf,0,1049,0.03725303226639473,0.10602251599249521
rf,0,1050,-0.04126047291519494,0.0660885212356504
rf,0,1051,-0.021389571755456374,0.08774905471859273
rf,0,1052,-0.017336488379189607,0.04780000720506636
rf,0,1053,-0.006476202353685984,0.06004459631887604
rf,0,1054,-0.019953740924393157,0.02402422134489035
rf,0,1055,0.03656641849571132,0.03798878171662784
rf,0,1056,-0.12987133897076136,0.007512402572594584
rf,0,1057,-0.03990856207495566,-0.020879110109739363
rf,0,1058,-0.03689489782743355,0.008488211553630415
rf,0,1059,-0.03642009751608215,-0.01743837701118177
rf,0,1060,-0.03230426739406379,0.02806495646825785
rf,0,1061,-0.010588701128147082,0.009976987025937134
rf,0,1062,-0.01008350287123444,-0.002885127523244685
rf,0,1063,0.12591793041783977,0.13068527397869667
rf,0,1064,0.05159312044611328,0.052404413426215296
rf,0,1065,-0.018507958338984748,0.1625316848263138
rf,0,1066,0.03452413481856592,0.03452413481856592
rf,0,1067,0.007773176125684733,0.009798539066739637
rf,0,1068,-0.021485576103750015,0.036325726667928326
rf,0,1069,-0.01121704311376924,0.006638473545608009
rf,0,1070,0.14605641032974193,0.27325737812499357
rf,0,1071,-0.04367001367716482,0.041950485848737284
rf,0,1072,0.13032498378281482,0.17869322270378507
rf,0,1073,0.03245872129612881,0.10650033143861529
rf,0,1074,-0.009438821013511803,0.07910078852479244
rf,0,1075,-0.035313882857864395,0.004553303842639411
rf,0,1076,0.04490903143810146,0.07668006104419947
rf,0,1077,-0.021236246262196945,0.012254245263091657
rf,0,1078,-0.03392934251518932,0.08929946334313071
rf,0,1079,-0.07958246038438593,0.0471642995604957
rf,0,1080,0.028334223971684364,0.08360066802203234
rf,0,1081,-0.02494277926960159,0.022780837020892564
rf,0,1082,0.05903656770457966,0.05903656770457966
rf,0,1083,-0.0557720583629534,0.1142626081686419
rf,0,1084,0.0571560230676568,0.0571560230676568
rf,0,1085,0.050157857126990196,0.12479751283732388
rf,0,1086,-0.06538366587349945,0.010319313373033406
rf,0,1087,0.025226454129591985,0.06436023149415807
rf,0,1088,-0.009397432710757672,0.24196302560007404
rf,0,1089,0.06587687981875573,0.12295957385288947
rf,0,1090,0.1591555262012893,0.1591555262012893
rf,0,1091,-0.06968503229826555,-0.0025469683954446043
rf,0,1092,-0.0183869285270922,0.006113073523681789
rf,0,1093,0.04150427431112952,0.043461162342832094
rf,0,1094,-0.018251920344522513,0.20306344796743292
rf,0,1095,-0.03087045333323253,0.046792809693212506
rf,0,1096,0.14811471681714716,0.1656948315858297
rf,0,1097,0.03579100352562578,0.0684542503910534
rf,0,1098,-0.002471776846348306,0.07602177331422805
rf,0,1099,-0.0034203748568333303,0.1415901665197744
rf,0,1100,0.05749245329232411,0.06350093257882711
rf,0,1101,-0.028062754641362486,0.08315475858980464
rf,0,1102,0.0015873409415943507,0.025940694911078394
rf,0,1103,0.004526863249831925,0.07628898298303755
rf,0,1104,-0.05020707608452442,-0.02968148398126677
rf,0,1105,-0.07530426037358896,0.08492414857929617
rf,0,1106,0.04519551743282246,0.11575905328892627
rf,0,1107,0.002915104216854314,0.14180897400800063
rf,0,1108,-0.07495943666232313,0.02896775619442593
rf,0,1109,-0.10096897089990864,0.03806336566896831
rf,0,1110,0.024891706483476522,0.024891706483476522
rf,0,1111,0.024109477388509548,0.02432371495826488
rf,0,1112,0.00222430125885259,0.033564883626922115
rf,0,1113,-0.054314328643596185,0.054040339547748534
rf,0,1114,0.056384500096179874,0.12151754427500017
rf,0,1115,0.0008850936786034824,0.02870894433200899
rf,0,1116,-0.10449159308353541,0.009344552364638603
rf,0,1117,0.024280471921880264,0.09499012057868295
rf,0,1118,0.10481707911822688,0.17189202771131196
rf,0,1119,-0.0021819333893594584,0.05808493327016581
rf,0,1120,-0.01690014557451941,0.05115631255676786
rf,0,1121,-0.01742981339933218,0.09448335787468556
rf,0,1122,-0.016663604160148282,0.1452710247251684
rf,0,1123,0.11555811362776566,0.11555811362776566
rf,0,1124,-0.02097258100286259,0.12233947583173788
rf,0,1125,-0.12564065074846065,-0.06792205749525859
rf,0,1126,0.0297011796851116,0.03271438268281429
rf,0,1127,-0.009209979710780941,0.18030303246581697
rf,0,1128,0.13393801935887933,0.13393801935887933
rf,0,1129,0.023815627703964087,0.023815627703964087
rf,0,1130,-0.07216661237365049,0.0888805735386354
rf,0,1131,0.08887631858813463,0.11195035215152102
rf,0,1132,0.06821071998789988,0.0847277945670015
rf,0,1133,0.04282298536728471,0.04768745647818168
rf,0,1134,-0.05802457639590082,0.026960481898414018
rf,0,1135,0.0009230625414616556,0.07464530329955851
rf,0,1136,0.02974702622086947,0.17353293053133995
rf,0,1137,-0.011710541917755168,0.041168978743019974
rf,0,1138,-0.07325483517640166,-0.014256437365091301
rf,0,1139,0.01333970451766936,0.13746256128668366
rf,0,1140,-0.057046725327748876,-0.027700335600307477
rf,0,1141,0.06243096807459256,0.06243096807459256
rf,0,1142,0.012882232351258321,0.07564278707179575
rf,0,1143,-0.10744244708780096,-0.017852347187478232
rf,0,1144,-0.10347324599596401,0.038924937600062715
rf,0,1145,-0.023333030721344156,0.03660750629692319
rf,0,1146,-0.02177444672984323,0.013687786949428488
rf,0,1147,0.05376553699054415,0.23748546162720208
rf,0,1148,-0.019679662917239577,0.053126833368987436
rf,0,1149,-0.10176742156553346,0.012568371878619783
rf,0,1150,0.10302649869055625,0.14828658090120178
rf,0,1151,-0.01686460524097151,0.042053329567780684
rf,0,1152,-0.12598574239852997,0.013037692762862235
rf,0,1153,-0.07358150787406945,0.034393159891315944
rf,0,1154,0.027979095193264997,0.20892662074561152
rf,0,1155,0.057980017484173696,0.1259568178482139
rf,0,1156,-0.1761337306590986,0.024663008719904206
rf,0,1157,0.005482601019979189,0.005482601019979189
rf,0,1158,-0.05447640039151279,0.1190028723487433
rf,0,1159,0.04328716432917745,0.04328716432917745
rf,0,1160,-0.11471917748562925,0.02518060713791334
rf,0,1161,0.02627334267318096,0.02627334267318096
rf,0,1162,0.008406758220803612,0.08008441576840566
rf,0,1163,-0.0750834539167381,0.11596511190220407
rf,0,1164,-0.030895436820506147,0.053876845807674684
rf,0,1165,0.07221550468518637,0.1421209037883111
rf,0,1166,-0.01930379019580812,0.04529523123178905
rf,0,1167,-0.08125616228819629,0.029636849702796952
rf,0,1168,-0.04171756276561947,-0.02850030541425834
rf,0,1169,0.028620057035120106,0.09022157359631075
rf,0,1170,-0.02327026943936482,0.0717775062124007
rf,0,1171,0.07537979640847212,0.16588120075011048
rf,0,1172,0.027248108459024756,0.21368713761909158
rf,0,1173,0.1332778487594224,0.17360235773487626
rf,0,1174,-0.07149063167769829,0.021736617910219858
rf,0,1175,0.00948150181535759,0.15302771636030532
rf,0,1176,-0.07665893987277729,0.05442379048703294
rf,0,1177,-0.0789949062695122,0.0215620159845705
rf,0,1178,0.07826985162897324,0.08436497933767301
rf,0,1179,0.060568512529977886,0.060568512529977886
rf,0,1180,-0.08033523910099699,0.004308762004144123
rf,0,1181,-0.07611314377766884,0.10790733788720852
rf,0,1182,0.1128633437742225,0.15372242048664153
rf,0,1183,0.0941814217813329,0.15227637967437269
rf,0,1184,0.04709534827399264,0.09497928469856359
rf,0,1185,0.042962075667094424,0.08236354222552483
rf,0,1186,0.08817635470141033,0.15049645747311918
rf,0,1187,-0.09819940861502169,0.1259216328105438
rf,0,1188,0.10115624154116026,0.12156556782923955
rf,0,1189,-0.036184664364378075,-0.036184664364378075
rf,0,1190,0.08248108698820286,0.08675934268084326
rf,0,1191,0.0926519091056256,0.0926519091056256
rf,0,1192,0.009519277183857727,0.15531439606227343
rf,0,1193,0.021870408237116112,0.026185215055731348
rf,0,1194,0.06927359171100628,0.06927359171100628
rf,0,1195,0.03831783874553785,0.0674809482835606
rf,0,1196,0.027150826180726173,0.09722071960713508
rf,0,1197,-0.03637204753863353,0.09560886641018254
rf,0,1198,-0.09164751015152497,0.050922626456333
rf,0,1199,-0.04742448494972634,0.11782039957217866
rf,0,1200,0.033256272306560225,0.12126285592011027
rf,0,1201,-0.0011487521320808491,0.04808120015812503
rf,0,1202,0.11880179913694477,0.16848035240561215
rf,0,1203,0.03211889856728331,0.11720981229910979
rf,0,1204,0.03198344979278692,0.03198344979278692
rf,0,1205,-0.07163754793811401,0.05256162156577335
rf,0,1206,0.0359162432228273,0.11689988812279739
rf,0,1207,-0.06019624111315583,-0.04590934935417103
rf,0,1208,0.01114541164337357,0.05962011008830173
rf,0,1209,0.05725682771719451,0.06339686614415069
rf,0,1210,-0.16960394676446766,0.03730748597147282
rf,0,1211,0.08023620261573958,0.11854583620006909
rf,0,1212,0.08882129766344418,0.15842228666308644
rf,0,1213,0.045709537602807576,0.14157091879274547
rf,0,1214,0.05609537845118184,0.05609537845118184
rf,0,1215,0.03209060357842508,0.05100147914981068
rf,0,1216,0.014542596998139118,0.028586731946288968
rf,0,1217,0.005911683844928101,0.026841724294957514
rf,0,1218,0.05422175597900383,0.08211685232398658
rf,0,1219,0.028419489038234436,0.028419489038234436
rf,0,1220,-0.04521414547474535,0.10157132106278285
rf,0,1221,-0.04220620642560714,0.0236836609810403
rf,0,1222,-0.0958931667307491,-0.009630633576802689
rf,0,1223,0.023803492617193084,0.06397219400910084
rf,0,1224,-0.007371275231569219,0.22615585329957644
rf,0,1225,0.018240259118178864,0.039903500074927184
rf,0,1226,0.0256273807397234,0.11880733454655407
rf,0,1227,0.025889718202326106,0.07950626407993788
rf,0,1228,-0.08247574546627895,0.03903970225758005
rf,0,1229,0.04402698633256624,0.07420695981658146
rf,0,1230,0.04297658085139841,0.06775401452952554
rf,0,1231,0.0786153257516776,0.2185066500252582
rf,0,1232,-0.018703654709415582,-0.014085926348631858
rf,0,1233,0.08920048315560658,0.19511430985722344
rf,0,1234,-0.014946325830755738,0.034632333855865394
rf,0,1235,0.07966104212799704,0.08333260445427548
rf,0,1236,-0.08252502397586628,0.16576092840560935
rf,0,1237,0.032938577925000156,0.10906417673598329
rf,0,1238,0.06937217437055032,0.1191262023185834
rf,0,1239,-0.0055966078465342906,0.13917079616947797
rf,0,1240,-0.08330248296540196,0.0835506528538506
rf,0,1241,-0.00748236284622146,0.03601531218652457
rf,0,1242,-0.07288210550773656,0.027288909102949566
rf,0,1243,-0.04321871107723155,-0.0029480156347148068
rf,0,1244,-0.11482359034100044,0.11508015508846067
rf,0,1245,-0.045321421436081186,0.014190264397281244
rf,0,1246,-0.06714331721921524,0.09526091221421235
rf,0,1247,-0.040785035523492746,0.12139294075401008
rf,0,1248,0.044965687383830055,0.09056645239196243
rf,0,1249,-0.017252624932385968,0.05462259478235906
rf,0,1250,-0.03009616800763551,0.2025633855221758
rf,0,1251,-0.05486112761682914,-0.025146204804612618
rf,0,1252,-0.01381253660312802,0.1321232044234994
rf,0,1253,0.04615881151061135,0.10071018040985044
rf,0,1254,0.12933691294552774,0.12933691294552774
rf,0,1255,0.016664729316080762,0.06719961610034766
rf,0,1256,-0.017691747111494682,0.07392663110602563
rf,0,1257,0.09079369624240244,0.15402817503003186
rf,0,1258,0.05470299825466188,0.05470299825466188
rf,0,1259,-0.04371683097307483,0.03705671192955512
rf,0,1260,-0.05472443264816404,-0.039561601550677894
rf,0,1261,-0.08097187924704194,-0.007711213827843233
rf,0,1262,0.016317873328558025,0.01927789213827924
rf,0,1263,-0.02207951121611733,0.03828807698159034
rf,0,1264,-0.03391491905320326,0.06658338762737157
rf,0,1265,0.09313090187724149,0.13580441477994176
rf,0,1266,0.10448168590935797,0.11364607623151196
rf,0,1267,-0.09332934331824323,-0.040934292216719945
rf,0,1268,0.005208539919774324,0.009470982461519978
rf,0,1269,-0.10320660737136289,-0.03649391267114227
rf,0,1270,-0.025394626362306022,0.026658162163478216
rf,0,1271,-0.024430440247872345,0.07621126578299506
rf,0,1272,0.018152720751760887,0.14191294346801958
rf,0,1273,0.14047838730356926,0.1644612205503273
rf,0,1274,0.08580960411799779,0.08580960411799779
rf,0,1275,-0.0712095678548295,0.043730534565646295
rf,0,1276,-0.05538350958325901,0.14629374405829726
rf,0,1277,0.012010645580475682,0.012010645580475682
rf,0,1278,-0.008514998439320243,0.06867384257541323
rf,0,1279,0.013490009001679654,0.0983145044342876
rf,0,1280,0.006854448231345511,0.047864764080807226
rf,0,1281,0.09985827969526037,0.11533368668349975
rf,0,1282,-0.09955662289413186,0.03801659191114637
rf,0,1283,-0.04068115796187155,-0.01151443554231138
rf,0,1284,-0.008564825708900103,0.035192256618222645
rf,0,1285,-0.040713683460772046,0.0217872968669742
rf,0,1286,-0.01863827491871102,0.010083002012189424
rf,0,1287,-0.007265554377626743,-0.007265554377626743
rf,0,1288,0.006885935727264592,0.08838063247727096
rf,0,1289,-0.038202460413224726,-0.0032927351586556908
rf,0,1290,-0.09325063759994007,0.050781775666633944
rf,0,1291,0.020221850295629062,0.1752792642578161
rf,0,1292,0.0735956605427314,0.09983825033676214
rf,0,1293,-0.10242754789872127,-0.01193640795053523
rf,0,1294,-0.009690562212159748,0.07601275275033129
rf,0,1295,0.08735232278146304,0.15987082408187148
rf,0,1296,0.022975102021805638,0.11810870464701484
rf,0,1297,0.0794221109372146,0.08019364896040734
rf,0,1298,-0.049642765403866654,0.027297204247268836
rf,0,1299,0.010303882021345745,0.01927726612621103
rf,0,1300,0.009272325486528787,0.038569201531523656
rf,0,1301,0.06988207988587666,0.09204493553785881
rf,0,1302,-0.02122823715299113,0.004506667520651486
rf,0,1303,0.05789711682989079,0.12299421533462618
rf,0,1304,0.0004675521231158608,0.16543817509535352
rf,0,1305,0.03950267604843699,0.0616372109554402
rf,0,1306,-0.0604083029696702,0.03061395987327825
rf,0,1307,-0.03412408547998258,0.015177580764203086
rf,0,1308,0.00184706857342129,0.16679053895679702
rf,0,1309,-0.04323109002526042,-0.005724212700713882
rf,0,1310,0.010427890861466838,0.010427890861466838
rf,0,1311,-0.02611837517728373,0.017920773415138896
rf,0,1312,-0.064029067952601,-0.05067452027814601
rf,0,1313,-0.14205055327575317,-0.0651106945592466
rf,0,1314,0.09146200908337515,0.14239200881637581
rf,0,1315,0.07326911087392457,0.08380763577275135
rf,0,1316,-0.03135151569683922,-0.021372600893708127
rf,0,1317,6.786880201373191e-05,0.027003019705299003
rf,0,1318,-0.02438782355768758,0.041656602965313566
rf,0,1319,-0.01611141841477598,0.028397106175923087
rf,0,1320,-0.1422120746264409,0.17044168547669292
rf,0,1321,-0.02752809930784872,-0.005581800327115388
rf,0,1322,0.06350098967979126,0.15679763370657723
rf,0,1323,0.006010400934231108,0.006010400934231108
rf,0,1324,-0.05823940396330865,-0.05823940396330865
rf,0,1325,0.07159635008817741,0.12950920117073805
rf,0,1326,0.04165640846372959,0.1448815424661405
rf,0,1327,-0.06696696987050052,0.045630625768628474
rf,0,1328,-0.19280040111294747,-0.02858273934374221
rf,0,1329,-0.0764348947672912,0.07793564505658745
rf,0,1330,0.020549332443846408,0.10475798995209343
rf,0,1331,-0.05035920882912995,-0.01967378793153178
rf,0,1332,0.1334384738891753,0.1334384738891753
rf,0,1333,-0.005219878267189726,0.0009031867455296938
rf,0,1334,-0.04548726967726617,0.04596011500629657
rf,0,1335,0.0567947267615618,0.0567947267615618
rf,0,1336,-0.03715059912935585,-0.02075408360717948
rf,0,1337,-0.00015501971694739658,0.07101467236464284
rf,0,1338,-0.009381749427845879,0.0356010385760272
rf,0,1339,-0.06132762403392368,-0.06132762403392368
rf,0,1340,0.06483860540293668,0.08403416408305275
rf,0,1341,0.027918506175560298,0.08907609588158183
rf,0,1342,-0.004527369793149133,0.04469043793323679
rf,0,1343,0.037726352771909,0.06000698539941593
rf,0,1344,-0.04704016036254513,0.02300364740411351
rf,0,1345,0.054750193532807384,0.11644036129414145
rf,0,1346,0.0018281713798461718,0.017692102464110737
rf,0,1347,0.024891996891639484,0.15211400190711694
rf,0,1348,0.002820504859926687,0.07940207699638993
rf,0,1349,0.039284617040252295,0.11619938451307477
rf,0,1350,-0.04803370065911909,0.0666654405143251
rf,0,1351,0.013518106839644134,0.08531949788334506
rf,0,1352,0.1801337698247395,0.19832150884594318
rf,0,1353,-0.04668494341189666,0.0671732493630886
rf,0,1354,0.060033551312705546,0.14354232396558908
rf,0,1355,0.07288882859569376,0.08206346849089613
rf,0,1356,-0.07866887519003962,0.12999882916339178
rf,0,1357,-0.03156840810393724,0.09746638741192792
rf,0,1358,0.014187671211193742,0.0942648238626638
rf,0,1359,-0.11658527703766489,0.12980223693988813
rf,0,1360,-0.046852806538285316,0.04974778253161016
rf,0,1361,0.2136905570033974,0.23102692207783165
rf,0,1362,-0.05293955340545614,0.008319588345667372
rf,0,1363,0.09613152238730308,0.13557844026920862
rf,0,1364,0.030038905215732464,0.06585943032363867
rf,0,1365,0.053819908693023,0.12323002744825723
rf,0,1366,-0.08201843816014787,0.11845695676503248
rf,0,1367,-0.06339155735467127,0.04516314313166089
rf,0,1368,-0.023800550176706986,0.04459567506762996
rf,0,1369,0.011586695188853163,0.09116526565445288
rf,0,1370,0.12707858187129867,0.1728126498357052
rf,0,1371,0.045527251059530316,0.14284148027256194
rf,0,1372,-0.02426394934194981,0.033258280747673036
rf,0,1373,0.03619994807315577,0.13569919189039537
rf,0,1374,-0.07662281200633696,0.11099849206746873
rf,0,1375,-0.06218276509502664,-0.017289229471924905
rf,0,1376,-0.022060202092687137,-0.01621785768051849
rf,0,1377,-0.07485345144634548,0.022717911800163637
rf,0,1378,0.045030266274189656,0.1478128169173551
rf,0,1379,-0.041820335843002085,0.04322426949870803
rf,0,1380,-0.0016805937238821567,0.07022307850216858
rf,0,1381,-0.023304000670181763,0.014475469598028562
rf,0,1382,-0.046733478302613735,-0.029476252950790538
rf,0,1383,-0.014127525736629606,0.09129123929016253
rf,0,1384,0.007591870478409479,0.03551184639777011
rf,0,1385,-0.039158085597118406,0.074353025078327
rf,0,1386,-0.04775961580009949,0.006510262275866041
rf,0,1387,-0.07532188270915186,0.14016845795302685
rf,0,1388,-0.033818632884809435,0.008242178900761316
rf,0,1389,0.07012014920428952,0.07012014920428952
rf,0,1390,-0.06588149728913528,0.14755471227492528
rf,0,1391,0.016811464905776174,0.162332061575727
rf,0,1392,-0.008927729580998037,0.0387162314471369
rf,0,1393,-0.07192637351134108,0.07927959766217282
rf,0,1394,-0.019419297824823004,0.05312859852733315
rf,0,1395,0.009678710332536866,0.1534462797514915
rf,0,1396,0.00489548559330566,0.1324175555420085
rf,0,1397,0.07946009713994759,0.10552245710987915
rf,0,1398,0.010159537228206172,0.0472666294999714
rf,0,1399,-0.013831050559075436,0.08021414841794891
rf,0,1400,-0.1392225859766668,0.09649601222255552
rf,0,1401,0.13384423626361874,0.14591977494078234
rf,0,1402,-0.09980879994240117,0.055309138889099774
rf,0,1403,-0.08802659799801985,0.07211965012120222
rf,0,1404,0.08288523014395094,0.10757629882757364
rf,0,1405,-0.001484841346857807,0.07274100269260819
rf,0,1406,0.12895046842214497,0.13239403559502572
rf,0,1407,0.038802072244540214,0.038802072244540214
rf,0,1408,-0.019150641513163577,0.13989845215024782
rf,0,1409,0.14300192171487586,0.14300192171487586
rf,0,1410,0.024623760521828103,0.048348585647848163
rf,0,1411,-0.0938665700681826,-0.02619641395131357
rf,0,1412,-0.022820723447122812,0.05913620607915038
rf,0,1413,0.044960092733870416,0.0693138309489999
rf,0,1414,0.07389944670903689,0.07389944670903689
rf,0,1415,0.026981987036139216,0.04561520445377046
rf,0,1416,0.04482602057727744,0.04482602057727744
rf,0,1417,0.022211328009420606,0.053984717298700274
rf,0,1418,-0.018604428377273927,0.1239141203612667
rf,0,1419,0.0008576375995396346,0.07365588017088359
rf,0,1420,0.053287149622339575,0.07547704016518789
rf,0,1421,0.03289063482353574,0.06067896483041141
rf,0,1422,0.04892827813308867,0.14363015394365458
rf,0,1423,0.08455416730645601,0.1325703550018883
rf,0,1424,0.010695071555512803,0.08472114425895785
rf,0,1425,0.1241704160794958,0.1241704160794958
rf,0,1426,0.13759615381332374,0.17810120305504956
rf,0,1427,-0.09708954408130777,-0.036953907861261084
rf,0,1428,-0.07156750949160956,0.12159102059893029
rf,0,1429,-0.03376422796315537,0.12703957459694704
rf,0,1430,-0.021063042177457802,0.004286689451855924
rf,0,1431,0.03952941608268859,0.15713720853668622
rf,0,1432,0.062156822616775076,0.15996284502478497
rf,0,1433,0.05224372275248129,0.05224372275248129
rf,0,1434,-0.07283561489307819,0.03892692207716991
rf,0,1435,-0.028453021916514165,0.08938107198593029
rf,0,1436,0.08652170515176455,0.08652574382615916
rf,0,1437,-0.1231446777561302,-0.03544957203524786
rf,0,1438,-0.008217136172463127,0.05995709542006211
rf,0,1439,-0.033527090714775803,0.07979326213971524
rf,0,1440,0.10300046286987719,0.10300046286987719
rf,0,1441,-0.0067200824808720805,0.1121325921889986
rf,0,1442,-0.042416978969535155,0.09742840498307834
rf,0,1443,0.04202048077385878,0.04202048077385878
rf,0,1444,0.05338675090959749,0.058670718313879516
rf,0,1445,0.017601636603044646,0.08032107141719155
rf,0,1446,-0.09663687827855624,0.10505885770992368
rf,0,1447,0.005979721867972548,0.16834945962126469
rf,0,1448,-0.2174197629433236,0.09225399740181656
rf,0,1449,-0.08266628701829762,-0.012061490725967378
rf,0,1450,0.015742271625603932,0.03519979840423745
rf,0,1451,-0.03137070250898491,0.07429568542525006
rf,0,1452,0.002590732864898221,0.08097018651302687
rf,0,1453,-0.051402227919125604,0.0941313296095774
rf,0,1454,0.0068001271442162115,0.07030746490688203
rf,0,1455,0.06906897056871508,0.20231235360406546
rf,0,1456,0.05772284108801867,0.1828244221112003
rf,0,1457,0.08514802193005619,0.08514802193005619
rf,0,1458,-0.17677859560425221,-0.0020300479026581775
rf,0,1459,-0.04202513500827057,0.04809211153497947
rf,0,1460,0.04015925944669435,0.04015925944669435
rf,0,1461,-0.04184459714335652,0.11061325015560489
rf,0,1462,0.04518124898992332,0.11684898775824756
rf,0,1463,0.08667387683060765,0.09316821250914142
rf,0,1464,0.01416326617556482,0.032217116980655935
rf,0,1465,0.02659434989329043,0.08976506072678811
rf,0,1466,-0.00730251181441266,0.08941085318101777
rf,0,1467,0.10739879234425553,0.1426113390120079
rf,0,1468,-0.06796215146276523,0.06702727373157713
rf,0,1469,0.10597811756854739,0.12561508599451826
rf,0,1470,-0.03698448772950945,0.06235501535707019
rf,0,1471,-0.07180804311535646,0.04296484677481255
rf,0,1472,0.03897063399879849,0.16228051888306955
rf,0,1473,-0.12339469932039156,0.024284105385345478
rf,0,1474,-0.03256256062325266,-0.01105240175232429
rf,0,1475,-0.004207293678978263,0.12090983633659941
rf,0,1476,-0.0018269963321412008,0.03144899476043375
rf,0,1477,-0.10736237826614134,0.06579176269383735
rf,0,1478,0.014162233044458433,0.08104007593374751
rf,0,1479,0.052124349735983344,0.10496861090141976
rf,0,1480,0.006320424272221237,0.04988173912024793
rf,0,1481,-0.0790214847792336,0.011510080622869262
rf,0,1482,0.10039849570783319,0.1266367172285357
rf,0,1483,0.06997272115433514,0.07668382409796565
rf,0,1484,-0.0026876869624019306,0.16445577596981759
rf,0,1485,-0.15983642487377195,0.012455333247183953
rf,0,1486,-0.03203686054266697,0.10897928977096605
rf,0,1487,-0.07530975957623484,0.0890778240433418
rf,0,1488,-0.037695932463957416,0.004843203078248121
rf,0,1489,0.11514760475293914,0.11514760475293914
rf,0,1490,-0.016436186420736854,0.020508118472376352
rf,0,1491,-0.033676043856335214,0.0061982867924683105
rf,0,1492,-0.02513387774593359,0.1058043354973093
rf,0,1493,-0.05317347564909418,-0.01436674297327567
rf,0,1494,0.017053946326558017,0.04207755443031219
rf,0,1495,0.11899039835936598,0.19018182622339724
rf,0,1496,-0.030698903366112223,-0.007090733186300158
rf,0,1497,-0.009019382548241472,0.048431456430616915
rf,0,1498,-0.012947412245626927,0.025611020424733205
rf,0,1499,-0.07948228240853204,0.004292054778536419
rf,0,1500,-0.054706500821824655,0.19112411573875338
rf,0,1501,0.04941975726996087,0.060217472552670515
rf,0,1502,0.012386289861981759,0.08478218562886267
rf,0,1503,0.046248898629280805,0.046248898629280805
rf,0,1504,-0.03435294161153797,0.02561210689505533
rf,0,1505,-0.0193594993675978,0.04014628608724777
rf,0,1506,-0.01883272784353103,-0.015544462054248684
rf,0,1507,-0.09200363458335385,0.08806643760790014
rf,0,1508,-0.07042081497723238,0.016332515755808352
rf,0,1509,-0.21968407633455694,0.03766901097727973
rf,0,1510,-0.06058052775788335,-0.014031402774909135
rf,0,1511,-0.049263303548781265,0.12261625453925162
rf,0,1512,-0.000352349237019961,0.17428162578702466
rf,0,1513,-0.04250050864782541,0.05235236174797839
rf,0,1514,0.04325284876776189,0.11395942883103316
rf,0,1515,0.0851445982287532,0.1334438844178546
rf,0,1516,0.06260318955031483,0.08627830047311197
rf,0,1517,-0.0027355667615781842,0.06326764096493082
rf,0,1518,-0.10279536567650308,0.02395612417184234
rf,0,1519,-0.02530480750074017,0.0092023068823755
rf,0,1520,-0.01779674823400766,0.041415165370553536
rf,0,1521,-0.04262124765948545,0.030902591046485905
rf,0,1522,-0.04146763452912443,0.0451421582879504
rf,0,1523,0.07233471819213566,0.07233471819213566
rf,0,1524,0.027315474855595295,0.08438383652099815
rf,0,1525,-0.028101728688497904,0.01624655793122265
rf,0,1526,-0.014013531108858335,-0.008637469288128946
rf,0,1527,-0.014371869820145114,0.033274079065445605
rf,0,1528,-0.0013218108985667554,0.013726524358526865
rf,0,1529,0.07184873912990672,0.07184873912990672
rf,0,1530,0.008860816065849264,0.01857562456748521
rf,0,1531,0.1276955881504036,0.1276955881504036
rf,0,1532,-0.06319157168560173,0.02153156490469585
rf,0,1533,0.1185988410278781,0.1185988410278781
rf,0,1534,0.15922427864733413,0.16874838233436024
rf,0,1535,0.0416700188636675,0.1484881623272663
rf,0,1536,-0.023482561404475702,0.0139612372941888
rf,0,1537,-0.05454826322756702,0.05247579543986705
rf,0,1538,-0.11929133769881396,-0.03722793357182215
rf,0,1539,0.12911612504736492,0.2146322174571162
rf,0,1540,0.03952673297910422,0.04473184200196281
rf,0,1541,-0.001807440634941565,0.11554099960462957
rf,0,1542,-0.10646200308237674,0.06377403985171032
rf,0,1543,0.007095159815625002,0.017300329794464858
rf,0,1544,-0.0402787110196801,0.07989167183726306
rf,0,1545,0.043721539361509826,0.15116663020352789
rf,0,1546,-0.0010059704435208816,0.06429412404817511
rf,0,1547,-0.031939942084057316,0.044164458359187364
rf,0,1548,0.006187885832936502,0.06663810412217408
rf,0,1549,0.10159088102504157,0.11288415062898463
rf,0,1550,0.025185931128833855,0.07538510843451582
rf,0,1551,0.04210704256301742,0.04338327384496701
rf,0,1552,-0.1250349492373481,-0.007177311337485337
rf,0,1553,-0.011570263240573711,0.04644045152482368
rf,0,1554,-0.005311207073637414,0.057432448120143975
rf,0,1555,-0.06720561622906436,0.01754658217093269
rf,0,1556,0.07069310224271866,0.14357041348864297
rf,0,1557,-0.025417740421253707,0.21066933161461576
rf,0,1558,0.053073231705798,0.053073231705798
rf,0,1559,0.01619518855985111,0.1774279921610084
rf,0,1560,0.01232891194947311,0.09293630681148163
rf,0,1561,-0.008031525240746532,0.01303869829647386
rf,0,1562,0.03739631418483494,0.06905345224970297
rf,0,1563,0.002787248647614232,0.085886697249868
rf,0,1564,0.01729414761652867,0.030588093087812407
rf,0,1565,0.04379648645572981,0.04379648645572981
rf,0,1566,-0.04998553656995079,0.010699563588352251
rf,0,1567,0.05567068703812367,0.056437537108649516
rf,0,1568,-0.05783197416512635,0.026383221885782848
rf,0,1569,-0.0556706603842753,0.09543960302758664
rf,0,1570,-0.09138795495344226,-0.005403648168598091
rf,0,1571,-0.02575758553424079,0.040980751278194866
rf,0,1572,-0.02347137958746115,0.11453012835044354
rf,0,1573,0.018629231762085335,0.027263906578277042
rf,0,1574,-0.006744073878252016,-0.006744073878252016
rf,0,1575,-0.06774733311303831,0.18418421982162453
rf,0,1576,0.10013422982269177,0.10013422982269177
rf,0,1577,-0.02251691785435392,0.011807246226117285
rf,0,1578,-0.0013010301177094064,0.05195931328158243
rf,0,1579,0.14755908828560055,0.15335452280829381
rf,0,1580,-0.03938268085338066,0.038836553002071394
rf,0,1581,-0.005066821273444766,0.09639730560142143
rf,0,1582,-0.08293747815815165,0.014031177544095164
rf,0,1583,-0.09749564742084624,-0.044103818452632754
rf,0,1584,-0.0726678679370484,0.06811317278617382
rf,0,1585,0.015052476974609375,0.04672619256112423
rf,0,1586,-0.06769990650862719,0.02276080643399056
rf,0,1587,0.039603896418526796,0.06865138877940594
rf,0,1588,0.012215501250139565,0.05160716410141186
rf,0,1589,-0.001397709758935911,0.06700843924986949
rf,0,1590,0.018280425144504064,0.06716072271633106
rf,0,1591,-0.05504102238293061,0.10806628826555575
rf,0,1592,0.027670628026166932,0.05949679116656845
rf,0,1593,0.07456570539005145,0.20090363982220338
rf,0,1594,-0.037853497359798524,0.08862428731971239
rf,0,1595,0.008314555436632287,0.0633276957647683
rf,0,1596,0.09511384786240556,0.1395390518700404
rf,0,1597,-0.07012320353702506,-0.02846884551935093
rf,0,1598,0.09226978227716409,0.09774303321180769
rf,0,1599,0.11227160868035788,0.11227160868035788
rf,0,1600,0.08686643643565364,0.08686643643565364
rf,0,1601,0.0182555475501594,0.1168987522081952
rf,0,1602,-0.025361815272592333,0.04009513711830612
rf,0,1603,0.03528772800871971,0.08953833556858445
rf,0,1604,0.0062449271690529495,0.05591894938900413
rf,0,1605,0.025111372924260356,0.056706442909386784
rf,0,1606,-0.06650388813941344,-0.005486215120864918
rf,0,1607,0.07511793633936911,0.13026990245697584
rf,0,1608,0.1146140314252159,0.1563494969339465
rf,0,1609,-0.003712469432247456,0.04218904715193866
rf,0,1610,-0.03407775083490652,0.1137504082584839
rf,0,1611,-0.022839743173411933,0.09358360485303518
rf,0,1612,-0.005325098177307558,0.012668251385823559
rf,0,1613,-0.03761212636116272,0.10381823442019208
rf,0,1614,0.04853708263524312,0.13315374658232648
rf,0,1615,0.07292736630596608,0.1260750168379382
rf,0,1616,0.031615108514930296,0.031615108514930296
rf,0,1617,-0.1200280359325393,-0.015556864470887347
rf,0,1618,-0.03948096242538718,-0.03948096242538718
rf,0,1619,0.0803131120236206,0.20748235571711648
rf,0,1620,0.05521673571496291,0.05521673571496291
rf,0,1621,-0.10470536290270194,0.07599022958900314
rf,0,1622,0.0005316324709854214,0.05853533434557728
rf,0,1623,0.043190339380151516,0.09815282878261947
rf,0,1624,0.08741697526902031,0.08741697526902031
rf,0,1625,0.10389299050989975,0.10847536440491212
rf,0,1626,0.0197857305020126,0.053197208131066626
rf,0,1627,0.12459608414172013,0.12459608414172013
rf,0,1628,0.019768966282107475,0.02140071033033175
rf,0,1629,0.09903608997095156,0.17220746352051208
rf,0,1630,-0.06918654071939585,0.005891684788325108
rf,0,1631,-0.01827821133958482,0.006112479377947844
rf,0,1632,0.04871140389383097,0.05098907788366383
rf,0,1633,-0.005645199278267454,0.013510233638425406
rf,0,1634,-0.0005900911153722266,0.005462173929259934
rf,0,1635,-0.03825384487332249,0.029856919390103848
rf,0,1636,0.036579841037193556,0.052270512134115044
rf,0,1637,-0.036785330441202135,0.08606675320443272
rf,0,1638,-0.004210893255475051,0.12162139467611849
rf,0,1639,0.04654241411616919,0.05528934728826487
rf,0,1640,-0.037482114992263046,-0.025369221828325017
rf,0,1641,-0.060694090194399766,0.04575063626161113
rf,0,1642,-0.07163635476250219,-0.025388564532385763
rf,0,1643,0.0580879654981343,0.07221351762254338
rf,0,1644,0.06220106488453356,0.11847708297114623
rf,0,1645,-0.059311696553868365,0.032346131309056475
rf,0,1646,-0.0022535858145582566,0.11980475384745859
rf,0,1647,-0.07590437240075212,0.006796483884419474
rf,0,1648,-0.019926258735274233,0.03943171755921793
rf,0,1649,0.06928844908588308,0.09766416276986709
rf,0,1650,-0.07613364229756374,0.005589741062730358
rf,0,1651,-0.10911068167178035,0.006595931201719529
rf,0,1652,0.05167757081978236,0.18205062800469085
rf,0,1653,-0.009407629908031886,0.03475157059768691
rf,0,1654,0.0013972586739090243,0.016850853208009997
rf,0,1655,0.07124361155792164,0.07124361155792164
rf,0,1656,0.05931682042978936,0.14415868110913377
rf,0,1657,0.04669194640270655,0.05737031118584557
rf,0,1658,0.0873203115471739,0.15505939408632363
rf,0,1659,0.05394731103215997,0.0630940335995962
rf,0,1660,0.032741491827282004,0.07042483143721362
rf,0,1661,0.03523631913627068,0.07421954130419706
rf,0,1662,0.04865482583635286,0.07080421687076377
rf,0,1663,0.09568778049352974,0.09568778049352974
rf,0,1664,0.012354364643702709,0.07893631564770959
rf,0,1665,0.048307607249504086,0.11720008525785008
rf,0,1666,0.10213545456506029,0.10820190664159973
rf,0,1667,-0.1130950747413401,0.031373210914209665
rf,0,1668,0.06671877943042959,0.09815146324509527
rf,0,1669,-0.014221728454291052,0.033714167859567185
rf,0,1670,0.07336477264849356,0.07336477264849356
rf,0,1671,-0.00150895797787437,0.04892197550338895
rf,0,1672,0.04220690492035356,0.04220690492035356
rf,0,1673,0.08153737823494056,0.14080764809507057
rf,0,1674,0.029260876091494692,0.043809867936936225
rf,0,1675,-0.07837694720731446,0.034563392841686386
rf,0,1676,-0.021736570093723054,0.15740615093907323
rf,0,1677,0.03668720128335723,0.03668720128335723
rf,0,1678,0.05991738335027402,0.25192634334963415
rf,0,1679,0.04968294268785001,0.08810321584137748
rf,0,1680,0.03875867176301129,0.04126589331874647
rf,0,1681,0.03498987906722692,0.07940797130999663
rf,0,1682,0.0074975716740978415,0.16748859549926276
rf,0,1683,-0.009209335474418975,0.037910336977171166
rf,0,1684,-0.010594313646290196,-0.009540815125606755
rf,0,1685,0.02610124050132337,0.04190296770569557
rf,0,1686,0.018775641248159003,0.021140532155516395
rf,0,1687,0.040942154363015376,0.04869698069250894
rf,0,1688,0.018509134731077292,0.06016546351123053
rf,0,1689,0.06736904423135792,0.0818858616481638
rf,0,1690,-0.003620965126482245,0.10041043386877907
rf,0,1691,-0.03358034839281518,0.006794551760611833
rf,0,1692,-0.07991933880679539,-0.01622001703459794
rf,0,1693,-0.028219988943402052,0.0032873893841521007
rf,0,1694,-0.007096691185025705,0.0887817289615635
rf,0,1695,-0.032166428942170575,-0.0068677979559689795
rf,0,1696,0.0032579870589198867,0.15277580607876257
rf,0,1697,0.018461897961742524,0.018461897961742524
rf,0,1698,0.0818111420192793,0.09086035326261543
rf,0,1699,-0.005696184622637768,0.07561074199769885
rf,0,1700,-0.10420092687483866,0.046284041580966245
rf,0,1701,-0.017379849164436564,0.008950707199689684
rf,0,1702,0.03135102604922521,0.03135102604922521
rf,0,1703,-0.05451660234125,0.10513952802700952
rf,0,1704,0.08723954708206011,0.20109770132616417
rf,0,1705,0.050626157825584495,0.05193704354780468
rf,0,1706,0.09676559347130811,0.09676559347130811
rf,0,1707,-0.0887556453694609,-0.03800514895592394
rf,0,1708,0.010499369026193417,0.02288208381089671
rf,0,1709,-0.06905770404093288,0.04813929875233419
rf,0,1710,-0.1172267355612556,-0.05547185522885756
rf,0,1711,0.0365071373586566,0.0365071373586566
rf,0,1712,-0.016436184697985787,0.05442088250894078
rf,0,1713,0.11586517985734182,0.11922043794326465
rf,0,1714,-0.040638529432599546,0.02613094139421754
rf,0,1715,-0.05395323273952565,0.2924003508892444
rf,0,1716,0.13217235101502012,0.18194968442973036
rf,0,1717,-0.10018184848324033,0.025980641749361433
rf,0,1718,-0.04994392078284586,0.12165393689449444
rf,0,1719,0.03256977370633793,0.0765392460615896
rf,0,1720,0.027631832715880267,0.0287264227448
rf,0,1721,-0.14178191545345445,0.12254831463420024
rf,0,1722,-0.09868364827282833,0.012712305679055347
rf,0,1723,0.051820102250392935,0.22296624982326185
rf,0,1724,-0.05454579006388806,0.10985860512231971
rf,0,1725,-0.0905810293747531,0.09754401999597304
rf,0,1726,0.022371073143901465,0.12314386256767135
rf,0,1727,0.040515610028653504,0.06272238910636516
rf,0,1728,0.03969343101759962,0.047730847379879565
rf,0,1729,-0.04825615718886249,0.02125836209006038
rf,0,1730,-0.09776382497486265,0.09025281714481961
rf,0,1731,-0.13668745394637621,0.09047403877912044
rf,0,1732,0.04692206661786849,0.11380520478603448
rf,0,1733,0.018960834750625793,0.08492929561721793
rf,0,1734,-0.05692465725685979,0.11085563513707383
rf,0,1735,0.04331355297996678,0.08414228944574248
rf,0,1736,0.06863507266169405,0.07757469818895646
rf,0,1737,-0.020848677881171035,0.058268869003813506
rf,0,1738,0.06565066362359867,0.06923835062161623
rf,0,1739,0.07810891102653089,0.07810891102653089
rf,0,1740,-0.06697560590894314,0.024644546342011686
rf,0,1741,0.0006283054963693857,0.017416611757736178
rf,0,1742,0.04041475596206662,0.12605270474503644
rf,0,1743,0.01846167987235961,0.044506329696244296
rf,0,1744,0.048597040272081865,0.23046403461908993
rf,0,1745,0.05111729271680657,0.07310424797728679
rf,0,1746,-0.11159373953050358,0.008627259595398118
rf,0,1747,-0.025054005867536325,0.002559175913867562
rf,0,1748,-0.006981159888310828,0.15160524087671468
rf,0,1749,0.07962456732389794,0.21136711702529715
rf,0,1750,0.19339363598711468,0.21114083011266127
rf,0,1751,0.0899867048026802,0.09162711988903757
rf,0,1752,-0.07279359298577623,0.03904586392331927
rf,0,1753,0.10908496687482763,0.10908496687482763
rf,0,1754,0.031096498507545783,0.12761863118709738
rf,0,1755,0.0694949496778775,0.08006714908431348
rf,0,1756,0.04831104419551388,0.06684539113259624
rf,0,1757,-0.009899393762478906,0.12005746916307203
rf,0,1758,-0.04831811443255504,0.005359477519934791
rf,0,1759,0.011848695752924465,0.13648595773998856
rf,0,1760,-0.03403084042221635,0.0534492837928483
rf,0,1761,0.022290221509812497,0.0255207805640586
rf,0,1762,-0.05357617063424866,0.03523372519476087
rf,0,1763,-0.018812187087557677,0.03082745093306652
rf,0,1764,-0.037528744537190004,0.06368884222802623
rf,0,1765,0.07954593830675236,0.0806795425702328
rf,0,1766,-0.0490570754421025,0.2193441803713141
rf,0,1767,0.03646497257470552,0.04957554476184084
rf,0,1768,-0.012109357882945829,-0.012109357882945829
rf,0,1769,0.08521708072768061,0.12872604678907734
rf,0,1770,0.04041331415326874,0.07888413854277343
rf,0,1771,-0.010194314474035168,0.005800964600507108
rf,0,1772,0.07840950081954934,0.1012528399797597
rf,0,1773,-0.0682173760046737,0.0703534272473734
rf,0,1774,-0.052642289434617934,-0.052642289434617934
rf,0,1775,0.07494496555704092,0.07494496555704092
rf,0,1776,0.14773867482367142,0.14773867482367142
rf,0,1777,0.02505113671879791,0.14174778595240634
rf,0,1778,0.03192260916769912,0.08580617316236691
rf,0,1779,-0.02848112260488901,0.0085088721411824
rf,0,1780,0.03855224132524998,0.09107796343261387
rf,0,1781,0.027117809134651005,0.03682822463234145
rf,0,1782,0.004815600399974335,0.03752279934531144
rf,0,1783,0.02910879076237441,0.02910879076237441
rf,0,1784,-0.06704483791173264,0.05722953127788244
rf,0,1785,0.006727993115037523,0.14949394975654778
rf,0,1786,0.07770669871399194,0.07770669871399194
rf,0,1787,-0.002023121484086593,0.04895033012311739
rf,0,1788,0.04003536846444039,0.06519491905523594
rf,0,1789,0.0015522087614975866,0.041647709735518734
rf,0,1790,0.04253682076222151,0.08938991469846236
rf,0,1791,-0.01818078053196412,0.028852967772737215
rf,0,1792,-0.08152708931496674,0.005455520165000977
rf,0,1793,0.007573819060358727,0.08192523141380059
rf,0,1794,0.05979477448785603,0.05979477448785603
rf,0,1795,-0.025833775731504693,-0.006867177521412887
rf,0,1796,-0.015473071959231671,0.016709246098094738
rf,0,1797,-0.08309663677313112,0.11955833108646596
rf,0,1798,0.04302890532689463,0.11926662216750833
rf,0,1799,0.03822020594560163,0.19813507868498914
rf,0,1800,-0.07588298698382578,0.10201601081796849
rf,0,1801,-0.01959040319234838,0.014076885370154446
rf,0,1802,-0.07878755519241906,-0.043090412332883826
rf,0,1803,-0.03471788274811838,-0.009320996511435323
rf,0,1804,0.03530548018453711,0.07628834103330068
rf,0,1805,-0.018900044066983104,0.052100006625908135
rf,0,1806,-0.09135815780913238,0.04781595014662246
rf,0,1807,0.003546870129701757,0.057630217583328314
rf,0,1808,-0.04061339793114202,0.10252149006628442
rf,0,1809,-0.0059900610696477785,0.01910977776726719
rf,0,1810,-0.01737605067370082,0.040441749475918776
rf,0,1811,0.04270947156124125,0.04270947156124125
rf,0,1812,-0.09568596258906846,0.1462950428240768
rf,0,1813,-1.9525226066519075e-06,0.035468348750801015
rf,0,1814,-0.005744999046719296,0.031766483357022174
rf,0,1815,0.02750584824719529,0.05388877984770349
rf,0,1816,0.02881197894237536,0.10174035375802795
rf,0,1817,0.02110842785111297,0.09647119842292873
rf,0,1818,-0.07126516067753849,-0.007313436318072186
rf,0,1819,0.026600475443238875,0.02887759055681391
rf,0,1820,-0.07082476612022635,-0.03526519820478542
rf,0,1821,0.031098220673235116,0.08250181283615957
rf,0,1822,-0.06901460389689476,-0.023536645255184827
rf,0,1823,-0.006430404222643793,0.04253995089502283
rf,0,1824,-0.10578761954697433,0.07719574426241974
rf,0,1825,-0.022566745113804965,0.030436820061643555
rf,0,1826,0.033965456303942904,0.10380270027183511
rf,0,1827,0.03831362526582882,0.07808534932165229
rf,0,1828,0.017148389020678667,0.04497930913691142
rf,0,1829,-0.08295325476966861,0.02423721954601843
rf,0,1830,-0.0690294897610963,0.0917167740103925
rf,0,1831,0.1242131714327856,0.1242131714327856
rf,0,1832,0.09631929825736499,0.1343475155486717
rf,0,1833,-0.015400823401293104,0.09791300008624254
rf,0,1834,-0.04225107509701001,0.07594676784345625
rf,0,1835,-0.006654515249705173,0.00015315064571561066
rf,0,1836,-0.004599837365398346,0.03308930953381861
rf,0,1837,0.12121869606306518,0.2219246052253082
rf,0,1838,-0.006452994500399711,0.00561244186727472
rf,0,1839,0.005103260429763362,0.061127887904908224
rf,0,1840,-0.043378957014088004,0.1330876548304435
rf,0,1841,0.07875855452195576,0.07875855452195576
rf,0,1842,0.019374114459966563,0.054702465895465624
rf,0,1843,-0.07976752716357642,0.17615610243550028
rf,0,1844,-0.003081245475073463,0.09069046015677121
rf,0,1845,-0.04678702024364269,0.018454752438096994
rf,0,1846,0.005066081756489427,0.005066081756489427
rf,0,1847,0.04723309032764528,0.05532807973312809
rf,0,1848,0.001454559373080977,0.07884382571464538
rf,0,1849,-0.02995818431410012,-0.02995818431410012
rf,0,1850,0.0479250533194745,0.07344931438528568
rf,0,1851,0.01374133389680443,0.01374133389680443
rf,0,1852,0.024342828477927236,0.06017677559817192
rf,0,1853,-0.11602914468635082,0.007389830940616876
rf,0,1854,-0.025532613177445318,0.10809332038424249
rf,0,1855,-0.06320619819732853,-0.013530792232163844
rf,0,1856,0.0008403442560422636,0.029282201723954043
rf,0,1857,0.010814109463573168,0.08850761388767464
rf,0,1858,-0.028603555255756488,0.011748912570149012
rf,0,1859,-0.039048660153650716,0.048356251077012635
rf,0,1860,0.02365239154348428,0.023879515748938568
rf,0,1861,-0.05883800527861996,-0.034294522225036775
rf,0,1862,0.01540090382075679,0.023022896107890573
rf,0,1863,-0.0320046443001685,0.006841189488182076
rf,0,1864,-0.015767693769610736,0.09013062184474549
rf,0,1865,0.10447548470082957,0.10447548470082957
rf,0,1866,0.023364798501215728,0.08054860426694424
rf,0,1867,-0.009197635779728638,0.11064166112135151
rf,0,1868,-0.05448692122202073,0.004819439285856708
rf,0,1869,0.02440192799350524,0.02440192799350524
rf,0,1870,0.0457886134249301,0.11970502749543149
rf,0,1871,-0.004713497900731167,0.055922230020640784
rf,0,1872,-0.022264609701182797,0.10789723443728408
rf,0,1873,-0.027229412560689642,-0.016175734873883005
rf,0,1874,-0.10563003507473712,-0.015476445047144696
rf,0,1875,-0.046895155409357625,-0.03374124591193703
rf,0,1876,-0.1559668806308089,0.09802333442493474
rf,0,1877,-0.0792581747487063,0.07772657527571214
rf,0,1878,-0.01406761235190214,0.14428991139157832
rf,0,1879,0.031158155691252465,0.031158155691252465
rf,0,1880,-0.007110652093437059,0.06313978832076178
rf,0,1881,0.10684223569080623,0.1313760627296442
rf,0,1882,-0.0039927645503659015,0.02523807654777732
rf,0,1883,0.0359307430272795,0.07612081422244904
rf,0,1884,0.05527478766236665,0.06137866055116059
rf,0,1885,-0.06848856679095575,-0.00962515571641985
rf,0,1886,-0.001801813366083177,0.027686958166556225
rf,0,1887,0.06172175820867365,0.06817942878356023
rf,0,1888,-0.010266201106607975,0.16494246911749944
rf,0,1889,0.17200331895790594,0.1774329265699392
rf,0,1890,0.07522593400696415,0.11654064400250516
rf,0,1891,0.044370229449259835,0.044370229449259835
rf,0,1892,-0.019901949470606403,0.14543560844718417
rf,0,1893,-0.033622581644187924,0.002805523845243907
rf,0,1894,-0.07096190279578002,0.1463451203355145
rf,0,1895,0.02837800102175969,0.07342089809951788
rf,0,1896,0.0023117084409857713,0.07630962385461157
rf,0,1897,0.06480524955483996,0.08193707906445905
rf,0,1898,0.016715943309218523,0.07535776858821205
rf,0,1899,0.11698221794787911,0.12642525897054008
rf,0,1900,0.06962837898578783,0.06962837898578783
rf,0,1901,0.00435007244924282,0.00435007244924282
rf,0,1902,-0.029591655424712413,0.03669214371863355
rf,0,1903,-0.05970394020080526,0.03921750678389796
rf,0,1904,-0.05058886777035361,0.061155077237248195
rf,0,1905,0.01643542900059239,0.04640101935257099
rf,0,1906,0.007416727177216226,0.0652982565914835
rf,0,1907,0.02393307801162345,0.05111054473222723
rf,0,1908,-0.0010966255225958454,0.015146823904539863
rf,0,1909,0.0017922295865026305,0.07165731213375498
rf,0,1910,0.03083533699848018,0.08475163564356672
rf,0,1911,0.014648748820440177,0.16341866323807214
rf,0,1912,0.11402354735753364,0.11740215789193525
rf,0,1913,-0.014954013957198642,0.0028088282240995577
rf,0,1914,0.04257851030275148,0.09165424637233
rf,0,1915,0.03895004428135579,0.09194293428400602
rf,0,1916,-0.06465753318021097,-0.027270508855212483
rf,0,1917,-0.059538878991804,0.05615085148862581
rf,0,1918,0.006529645479175422,0.03494536825169986
rf,0,1919,0.0520482207331997,0.16497574300230067
rf,0,1920,7.05377116891337e-05,0.09263424676852205
rf,0,1921,-0.15268232832504866,0.1024569753144865
rf,0,1922,-0.06436643541965267,-0.022849071782275035
rf,0,1923,-0.09479605414005887,-0.006524290038181502
rf,0,1924,0.017073932901173428,0.05969842401734432
rf,0,1925,-0.07851675194267395,0.029438309258065565
rf,0,1926,-0.014323724208266483,0.0932164756519821
rf,0,1927,0.002028346744211096,0.07633446955050782
rf,0,1928,0.032010419223535036,0.08326779625751024
rf,0,1929,-0.0036904259422755326,0.022591893499205817
rf,0,1930,0.04732341751838326,0.0496415044605798
rf,0,1931,0.005086579163853161,0.04122908289812671
rf,0,1932,-0.07469044752915661,0.07326767858702135
rf,0,1933,0.0011389261075264445,0.018955422791893356
rf,0,1934,-0.06651185492208525,0.008120850457296186
rf,0,1935,-0.0257768959656781,-0.02065233269612346
rf,0,1936,-0.07560991291069535,0.02974161619092386
rf,0,1937,-0.07074759105314077,0.02301109690058667
rf,0,1938,-0.049181531007919915,-0.049181531007919915
rf,0,1939,-0.04990054657242103,0.09776069652294522
rf,0,1940,-0.0025949467686506023,0.07435506005140274
rf,0,1941,-0.056286045623927444,0.09380447830053937
rf,0,1942,-0.1082044864598346,0.03499945726647624
rf,0,1943,-0.07446514365305872,-0.019101837059275775
rf,0,1944,0.08803201387039564,0.08803201387039564
rf,0,1945,0.04896375694490898,0.1095622108634482
rf,0,1946,0.033857485915049446,0.07945052227971103
rf,0,1947,0.013834201294525367,0.013834201294525367
rf,0,1948,-0.002335597895261027,0.12837290946438662
rf,0,1949,-0.0728330256223853,-0.06878242354448308
rf,0,1950,0.07698146261936328,0.07698146261936328
rf,0,1951,-0.021986917014387528,-0.0010708162945162192
rf,0,1952,0.016386033287434904,0.1486307837199986
rf,0,1953,0.08940244875239292,0.17409384445689347
rf,0,1954,-0.058926589032108734,0.1913256743562533
rf,0,1955,-0.07083419530690682,0.07931916757681456
rf,0,1956,-0.13128844094666908,-0.07497877039532899
rf,0,1957,0.05259289329488598,0.11992951546543851
rf,0,1958,0.20311774497477902,0.4097371241231424
rf,0,1959,0.03311859050831678,0.05230601471574581
rf,0,1960,-0.10882299056994457,0.08033722843367977
rf,0,1961,-0.08647845255529689,0.03939444991736543
rf,0,1962,-0.04783591618558254,0.02978947582414504
rf,0,1963,-0.02450704202976857,0.11538673744440148
rf,0,1964,0.07715569285377016,0.0781273032588228
rf,0,1965,-0.013795302239014637,0.028829881091512383
rf,0,1966,0.01387763056078703,0.0647698063990752
rf,0,1967,-0.032626523387097275,-0.019630689507308993
rf,0,1968,0.03350623840863254,0.07685607491726523
rf,0,1969,0.09466734274188945,0.10880825223592949
rf,0,1970,0.023766324157507485,0.10960530129283985
rf,0,1971,0.09006058525155006,0.09006058525155006
rf,0,1972,-0.12412923736054526,0.07101917636654703
rf,0,1973,0.052258432222486634,0.057930654790484204
rf,0,1974,0.004848168022908855,0.048621025369003396
rf,0,1975,0.05441924134561818,0.16040144591454691
rf,0,1976,-0.08757574299075874,0.08167567554868896
rf,0,1977,0.09140192511859516,0.13444573602026755
rf,0,1978,0.013106949962817305,0.21359295461417227
rf,0,1979,0.02011917747343228,0.10824539821827875
rf,0,1980,-0.052484313918864614,-0.024385318128124278
rf,0,1981,-0.1153169732793412,0.09851954472726243
rf,0,1982,0.13398137991889986,0.22062929327265318
rf,0,1983,-0.016393550176211524,-0.007463523709902289
rf,0,1984,0.016402648626514665,0.12979266360958058
rf,0,1985,0.05562572267933355,0.05562572267933355
rf,0,1986,-0.034805429073411984,-0.003631575488312111
rf,0,1987,-0.004197218030124267,0.010881720133157274
rf,0,1988,0.040993667032405395,0.040993667032405395
rf,0,1989,-0.000564453221451322,0.11395554529065458
rf,0,1990,0.040966831968617085,0.11517340984613755
rf,0,1991,-0.02734000345641631,0.05482934938424022
rf,0,1992,0.0501367789600371,0.08845473805992085
rf,0,1993,-0.09347389983476868,0.0393249742669633
rf,0,1994,0.08977599809908049,0.09687569784126424
rf,0,1995,-0.11158161769076624,0.08360397620630283
rf,0,1996,-0.05360164285971328,0.12264139903333798
rf,0,1997,0.05947244802771748,0.08139357054806326
rf,0,1998,-0.19239497965985514,0.011265625712434196
rf,0,1999,-0.09906660716842328,0.028375583623672124
rf,5,0,0.02948285178441043,0.049706115935711365
rf,5,1,-0.09928561753388065,0.01899558042505771
rf,5,2,-0.14634287703148158,0.04074257983317378
rf,5,3,0.03771135826498809,0.09903124770353205
rf,5,4,0.06884052027532092,0.0935801446933408
rf,5,5,0.10183879769667023,0.11688539010341181
rf,5,6,0.031218404417584666,0.08521981546184396
rf,5,7,-0.041148950573557226,0.1577095324416002
rf,5,8,-0.039955686892379855,0.04809707960219095
rf,5,9,-0.06270979444104269,-0.057298196496170316
rf,5,10,0.08732882885985208,0.08732882885985208
rf,5,11,-0.041757563750112005,0.014216932361423004
rf,5,12,-0.12019635795841095,0.11871953422054399
rf,5,13,0.06099569367827695,0.06610172115335708
rf,5,14,-0.022503216695213754,-0.007765023814229721
rf,5,15,0.07169476920521387,0.14032934966893543
rf,5,16,0.006126060197592251,0.1643805181325349
rf,5,17,0.025267824565347347,0.06841882239525834
rf,5,18,-0.04016732407599851,0.05234468817457599
rf,5,19,0.08409942313363239,0.08409942313363239
rf,5,20,0.004382781271241254,0.07004920756138597
rf,5,21,-0.041408965395975786,0.018848710056255172
rf,5,22,-0.05967946938449745,-0.0005591954572055635
rf,5,23,0.01145941703396991,0.07026413664983308
rf,5,24,-0.026825526355852336,0.04796543782597998
rf,5,25,0.04368249104535449,0.045677828336362664
rf,5,26,-0.04092244897172515,0.08023141647070806
rf,5,27,-0.008108848744871958,0.13152554016683263
rf,5,28,0.05226616873063672,0.0968310486432715
rf,5,29,-0.021715446324350726,0.008083797368172108
rf,5,30,0.07977708036316172,0.08877096628342959
rf,5,31,-0.0681667100296338,0.1049567750527404
rf,5,32,0.0587183374408472,0.06538626360338085
rf,5,33,-0.00011632062096028628,0.06938270748041764
rf,5,34,0.0026271171920371483,0.10625757823450313
rf,5,35,-0.0224192589990809,-0.017291719528010494
rf,5,36,0.016095858919229794,0.057642250708690806
rf,5,37,0.04865646027055018,0.07610272846795144
rf,5,38,0.04393464369484634,0.12766029129194695
rf,5,39,-0.009558126751619822,0.04544080625078442
rf,5,40,-0.005177823101791115,0.11820753808261816
rf,5,41,-0.08843958341694633,-0.008251826418102876
rf,5,42,-0.06828751747970907,0.011634851945008198
rf,5,43,-0.07895408761015688,0.010717528775801483
rf,5,44,-0.0022137247015088096,0.09188305760870258
rf,5,45,0.028212441520295395,0.04100513878433154
rf,5,46,-0.021461717706509204,0.16972227319017802
rf,5,47,-0.03751283856847418,-0.03178587852667568
rf,5,48,-0.05196292404924883,0.14846587140647535
rf,5,49,0.17044277406596853,0.17044277406596853
rf,5,50,0.00787959585411889,0.06746210352899262
rf,5,51,0.0060521610003665405,0.041039409835871704
rf,5,52,0.0002623345586184045,0.05436244778559518
rf,5,53,-0.0631398963081776,-0.03326783445022412
rf,5,54,-0.03356881504947805,0.002367498945913718
rf,5,55,-0.05236452526808113,0.07558528878497003
rf,5,56,-0.12526123626532024,0.07263487768602972
rf,5,57,-0.1506513304369218,0.1501478615007769
rf,5,58,-0.08780917677867943,0.08187278129111558
rf,5,59,0.0649008309432747,0.09285544283825284
rf,5,60,-0.005936344956761361,0.11904931252947243
rf,5,61,-0.07980647647532153,-0.0009651407118578537
rf,5,62,0.024751330566256863,0.07485722688237265
rf,5,63,0.0619026442132217,0.11609742230716968
rf,5,64,0.0070565809040276095,0.15611174420318447
rf,5,65,-0.1316775229993712,0.1284589702927309
rf,5,66,-0.08541842423718461,0.01829483770419167
rf,5,67,-0.004896312757811536,0.0758935647775014
rf,5,68,0.025490659681102035,0.0914712226233036
rf,5,69,0.007095752540552863,0.020710036134614987
rf,5,70,0.1467780314932422,0.1467780314932422
rf,5,71,0.025448709372417555,0.07991010459274822
rf,5,72,-0.023681375140201008,0.014941556662525127
rf,5,73,-0.10422366758418376,0.06239774386164129
rf,5,74,-0.030631436670429363,0.03908949066575612
rf,5,75,0.11017851410637328,0.11017851410637328
rf,5,76,0.02158206613194072,0.08489777325191566
rf,5,77,-0.004702304896791118,0.10112156423024396
rf,5,78,-0.030170076487838093,-0.02114509427787596
rf,5,79,-0.0050086428727468685,0.048752647612725436
rf,5,80,-0.008177670992668293,0.07782921794833064
rf,5,81,0.007908964982562383,0.12241828810029787
rf,5,82,0.05298326108267709,0.27591833649982056
rf,5,83,-0.031163901546681708,0.020900341364127314
rf,5,84,-0.004802640537672681,0.09437638702712234
rf,5,85,0.0002027808282631799,0.0002027808282631799
rf,5,86,-0.0924488755550099,0.014890303933158211
rf,5,87,0.060557100505878564,0.060557100505878564
rf,5,88,0.14973038591324483,0.22883304956371536
rf,5,89,0.030513315098826127,0.04440495087797469
rf,5,90,-0.05102895417804788,0.03579317964098519
rf,5,91,0.16287536717217743,0.18116909030273387
rf,5,92,0.05145605707620102,0.05145605707620102
rf,5,93,-0.045504927633005,0.03159904724161214
rf,5,94,0.03874822039496492,0.0541922605462635
rf,5,95,0.06098124574339628,0.07723003153208771
rf,5,96,0.05627726206808831,0.13422081523988658
rf,5,97,-0.05776782969512881,-0.024249037874710055
rf,5,98,0.017084307227273707,0.06823188658926121
rf,5,99,-0.10328687688431404,0.010495275733933496
rf,5,100,-0.07729403924967598,0.022722377127820742
rf,5,101,0.0030128362133781394,0.08138676315894547
rf,5,102,0.034311217220806545,0.1020829287911991
rf,5,103,-0.037680319319867886,0.051071187672770885
rf,5,104,-0.004770081880858701,0.1156548610752326
rf,5,105,-0.003587326848673439,0.03610513679428007
rf,5,106,0.10820871711906854,0.14331092354243302
rf,5,107,-0.01957891235122962,0.004365858909408812
rf,5,108,0.021295042286018542,0.0967744179863497
rf,5,109,0.019244337538137368,0.03911502945553935
rf,5,110,0.07389809777797007,0.1048663917083062
rf,5,111,0.023977482487693658,0.0714273008428547
rf,5,112,-0.02295440606840797,0.06296432890446543
rf,5,113,-0.018888229455006608,0.06535857720175381
rf,5,114,0.03864301156838429,0.0585570970120938
rf,5,115,-0.020495059158066875,0.10073522815299188
rf,5,116,-0.0019886479504704346,0.08184255092341444
rf,5,117,0.0031513041785562468,0.06877878183806188
rf,5,118,-0.08123144800427355,0.05674608861839617
rf,5,119,-0.1688546215079429,-0.02966087288462156
rf,5,120,0.053815033310422256,0.12991382549410377
rf,5,121,0.051019957460406884,0.051019957460406884
rf,5,122,-0.10540509611958292,0.07330983692452711
rf,5,123,0.08290513777396338,0.09839555682380371
rf,5,124,0.03885855276459682,0.06982205971744118
rf,5,125,-0.09491178646431975,0.05970374747639068
rf,5,126,0.05600226028134786,0.07639879400337296
rf,5,127,0.016841414272047342,0.10932685173188095
rf,5,128,-0.006963591394284527,0.03508648278595222
rf,5,129,0.05620875198398037,0.11085858549299032
rf,5,130,0.0373218867817417,0.1395558705901731
rf,5,131,0.008370986972552216,0.14550874348585344
rf,5,132,0.012458988012913536,0.12331347139005436
rf,5,133,-0.048693467514544626,0.020675030916280313
rf,5,134,-0.00216156805852373,0.07235672525604483
rf,5,135,0.06445596464785164,0.11045059890558312
rf,5,136,0.011889851716288757,0.08032558688673538
rf,5,137,0.026793746479012365,0.06216971423416637
rf,5,138,-0.021404769790888706,0.08084922478335962
rf,5,139,0.08939005508449088,0.08939005508449088
rf,5,140,-0.03385210371867134,0.05322958290424051
rf,5,141,-0.04520172159633523,0.05275798621805425
rf,5,142,0.01866627594212751,0.0786327520640979
rf,5,143,-0.09370807534914243,0.05157588532814486
rf,5,144,0.032882501445736456,0.05893393619288384
rf,5,145,0.12758020507022128,0.1313863716467101
rf,5,146,0.05482553441073751,0.08649661571563833
rf,5,147,0.0035457163496258742,0.016566733641533757
rf,5,148,-0.04055117963226974,0.06565372157309737
rf,5,149,-0.007124403390249584,0.07050026948044222
rf,5,150,-0.050050668359259816,0.022287279744548402
rf,5,151,0.11565756138826752,0.11565756138826752
rf,5,152,0.02809439089735563,0.04107656771325974
rf,5,153,0.12806105391919567,0.12806105391919567
rf,5,154,-0.07702232961311795,0.016805188744829835
rf,5,155,-0.04989614096472212,0.0022354089381286385
rf,5,156,-0.030986967416532868,0.010883259038454232
rf,5,157,0.07187302911668297,0.11563939325572584
rf,5,158,0.021477876988320793,0.08105994853651238
rf,5,159,1.9124338506135152e-05,0.12356838444227333
rf,5,160,0.036247434274719215,0.04682159625852894
rf,5,161,-0.052196926952156754,0.04057922599933608
rf,5,162,0.026589366515173102,0.03486307485036358
rf,5,163,-0.05373309017304412,0.0012152342966759572
rf,5,164,0.017324826247055364,0.03666893395507223
rf,5,165,0.033460683254900314,0.033460683254900314
rf,5,166,-0.014243232551244794,0.025453040432045992
rf,5,167,0.028798287680087492,0.07615266622635591
rf,5,168,-0.0004426303588039304,0.06609240824917376
rf,5,169,-0.054306950748686585,0.0707179931678584
rf,5,170,-0.06353038788255712,0.09691638362985686
rf,5,171,-0.05081033247059719,-0.026746008746849598
rf,5,172,0.12624741241705983,0.13476806072507036
rf,5,173,-0.12643717947391062,0.07125332256911068
rf,5,174,-0.0012842085257555036,0.15928234772790745
rf,5,175,0.02119974719150361,0.13382383089382893
rf,5,176,-0.10901285514544011,-0.0007884734807852012
rf,5,177,-0.061159205860594444,-0.027448717523720342
rf,5,178,0.00824926605305766,0.01867016868366432
rf,5,179,-0.02615866972592519,-0.02615866972592519
rf,5,180,-0.029280541949934666,0.02627094843615091
rf,5,181,0.018628255419396528,0.018628255419396528
rf,5,182,-0.018136020405262243,0.011413664122971498
rf,5,183,-0.0056535999191208025,0.06247050638211271
rf,5,184,-0.02409247120529033,0.0032476400334276873
rf,5,185,0.015530542610659184,0.06706772777371786
rf,5,186,0.04419656818009218,0.0671250657333202
rf,5,187,-0.06581959902321123,0.027109427283978332
rf,5,188,0.03478987431423394,0.24141630987739565
rf,5,189,-0.06734658292317494,-0.006461920260942486
rf,5,190,-0.03986948679271408,0.054126821060166974
rf,5,191,-0.0480784785930905,0.23045297865610193
rf,5,192,-0.005356558145724652,0.055394809727650596
rf,5,193,0.07917758881257342,0.08433734627340836
rf,5,194,0.00205902799257085,0.013274546396466469
rf,5,195,-0.01104356052618359,0.07982208099614732
rf,5,196,0.007476509360804601,0.027720961192766624
rf,5,197,-0.06498832991901282,0.014691465075002241
rf,5,198,-0.001687551902667353,0.010031334558860655
rf,5,199,0.05373750178365033,0.06638577036016358
rf,5,200,0.11128500110668299,0.186069684551885
rf,5,201,-0.039476494299712894,0.03299769483021606
rf,5,202,0.06545963563855312,0.10473257168076028
rf,5,203,0.0467774347633072,0.0467774347633072
rf,5,204,0.04616648845722848,0.13567798745009876
rf,5,205,-0.11427934445395035,-0.06585878299120751
rf,5,206,-0.024580162692979343,0.019377765429172453
rf,5,207,0.08072725841157821,0.1148167817184152
rf,5,208,0.10873433644106076,0.11098728593845522
rf,5,209,0.015049506637348622,0.07397304339121527
rf,5,210,-0.06847174941560116,0.056368338849273336
rf,5,211,-0.06252904876319415,0.03676294618807757
rf,5,212,0.06124539190677378,0.06124539190677378
rf,5,213,-0.11325704057689082,0.055694382499483275
rf,5,214,0.041110923907184516,0.06872352775476948
rf,5,215,0.004575390296444284,0.017435662116791012
rf,5,216,-0.10246643329986037,0.09260726878143094
rf,5,217,0.05782553910345184,0.09936589927332182
rf,5,218,0.19151706695991133,0.19151706695991133
rf,5,219,-0.002921063715008665,0.1567389005827513
rf,5,220,-0.09371685867576313,0.025440906682085873
rf,5,221,0.030927190584801728,0.10625807373195847
rf,5,222,0.10960455705861405,0.1230518072054907
rf,5,223,0.047198626686750955,0.047198626686750955
rf,5,224,-0.024163527761596276,0.11435944865845774
rf,5,225,0.08623869254756797,0.19734425425133467
rf,5,226,-0.1363722848458585,0.005848570298908423
rf,5,227,0.0502498376914835,0.0502498376914835
rf,5,228,-0.004869395232984075,0.056441764613755524
rf,5,229,0.001969813224881267,0.030896223233611075
rf,5,230,-0.09660045416262972,0.01797128960794367
rf,5,231,0.08495056576120594,0.11994452186320684
rf,5,232,0.09106486856417603,0.09106486856417603
rf,5,233,0.038058354554134366,0.06322572808335047
rf,5,234,0.021295682744185834,0.08325654643048105
rf,5,235,0.06255637827242977,0.07587910652591848
rf,5,236,-0.04020754671931837,-0.0002929218776403786
rf,5,237,0.0073613356804806684,0.04834769194920929
rf,5,238,-0.014808908088438585,0.009279803072059944
rf,5,239,0.07644672235844274,0.14583383857146812
rf,5,240,-0.06484195774572643,0.07066298857142736
rf,5,241,0.06707297505021456,0.06707297505021456
rf,5,242,-0.10307208314375677,0.09336113230837315
rf,5,243,-0.00010203237999985293,0.04527817509502241
rf,5,244,0.04725570991983402,0.06136144001966126
rf,5,245,0.019718957047435315,0.06724656475840429
rf,5,246,0.014295923257230947,0.06636064283317267
rf,5,247,0.07287332704935379,0.07586594829134435
rf,5,248,-0.04056143023246629,-0.02832560952162004
rf,5,249,0.11989321411615708,0.12253147760395902
rf,5,250,0.0433586522239163,0.07820272835650552
rf,5,251,0.03306298897021853,0.1203174718698079
rf,5,252,-0.005476545656039319,0.11067974493017149
rf,5,253,0.04453895384221648,0.04453895384221648
rf,5,254,0.05886122291946469,0.05886122291946469
rf,5,255,0.1374316931291656,0.1735463620961406
rf,5,256,0.015457791842921037,0.11911347628809235
rf,5,257,-0.068686499352002,0.08528418340198829
rf,5,258,-0.024445249634630822,0.015151356104937147
rf,5,259,-0.0809144894155873,0.008819190826892837
rf,5,260,-0.023693052211581606,0.1346614362531771
rf,5,261,0.017438667686044323,0.059943101217631495
rf,5,262,-0.07545361397213954,-0.01040861710716287
rf,5,263,-0.0163774614806175,0.009061392540710173
rf,5,264,0.029784148019125184,0.06326779188317311
rf,5,265,-0.06407583014620744,0.1230090081378789
rf,5,266,-0.06542377467597682,0.019904506166533525
rf,5,267,0.005217710743807266,0.1184468367562343
rf,5,268,-0.08170153170229813,0.047223759873948834
rf,5,269,0.12935908432073903,0.2380222620076699
rf,5,270,0.06047233015265627,0.08771055490214413
rf,5,271,0.08429095466906025,0.08429095466906025
rf,5,272,0.08257098654992712,0.13979752385999197
rf,5,273,-0.013693398111560062,0.09977188949711946
rf,5,274,0.03926980895420851,0.06447224578682106
rf,5,275,0.03470968904938043,0.12435634120226274
rf,5,276,0.02121198610214038,0.022344481435591645
rf,5,277,0.03191908083402009,0.03191908083402009
rf,5,278,0.007243424580673369,0.03335762128342051
rf,5,279,0.0043550525994816985,0.013886340994618426
rf,5,280,-0.03205200556344158,-0.014142854926809723
rf,5,281,-0.007592914285600161,0.0996042353252497
rf,5,282,-0.02229031224569164,0.17446203490158696
rf,5,283,0.007542153739762761,0.17991329040537918
rf,5,284,0.064278435378678,0.10146103272799353
rf,5,285,-0.028537018025457384,0.04267557209248371
rf,5,286,0.09229905341932615,0.09229905341932615
rf,5,287,-0.13617803508308163,0.12099987318199104
rf,5,288,0.06065347272529609,0.10880037687035515
rf,5,289,-0.024316780316859465,0.12157428824476046
rf,5,290,0.039435276627353105,0.07053864729980591
rf,5,291,0.057337287225082884,0.07631953538203662
rf,5,292,0.02359158759640101,0.10880534615879692
rf,5,293,-0.09726294333794916,0.14779895609284566
rf,5,294,0.015957141214446677,0.07779835216330866
rf,5,295,0.013124752616514482,0.04001234064714118
rf,5,296,-0.05838047673978901,0.0012939355105518746
rf,5,297,0.09872656419498718,0.09872656419498718
rf,5,298,0.03815675839743046,0.05916189374989089
rf,5,299,0.05051851808481675,0.05051851808481675
rf,5,300,0.06397452035902121,0.06397452035902121
rf,5,301,0.08076792351722284,0.12275269641542372
rf,5,302,0.027445067762525976,0.07351391553770825
rf,5,303,0.11465735435539465,0.11465735435539465
rf,5,304,0.01294432127308874,0.08456475002733022
rf,5,305,-0.036877011718941186,0.09211581172109384
rf,5,306,-0.0722163482857821,-0.06948569200558741
rf,5,307,-0.03953176238213826,0.06260794584806972
rf,5,308,0.07312125170931946,0.10512300075800998
rf,5,309,-0.0655220822744694,0.0986310299924365
rf,5,310,0.0483849925223305,0.087721062334428
rf,5,311,-0.031720520632454965,0.015801144978073722
rf,5,312,-0.04877905255821356,0.027868711471560198
rf,5,313,-0.05811205496922438,0.13886397007703002
rf,5,314,0.04996628326448463,0.10657628726112489
rf,5,315,0.10886363680440314,0.1109058169432742
rf,5,316,0.03395506738338849,0.03496866867685294
rf,5,317,-0.11814696301499669,0.08177198328425683
rf,5,318,-0.10153548605528363,0.05637001545200371
rf,5,319,0.028986259298999367,0.05872931453309713
rf,5,320,-0.11673521830189494,0.13578848200922958
rf,5,321,-0.08229302364158037,0.07080368390130298
rf,5,322,-0.06262930488226504,0.07598185289443599
rf,5,323,0.01268608895175563,0.0856868799174586
rf,5,324,-0.005268443217499377,0.15768030644095127
rf,5,325,-0.009852762068304377,0.012362485806806017
rf,5,326,0.011574435135817268,0.06873155630374095
rf,5,327,-0.018410158030370036,0.04230986461718003
rf,5,328,0.042169540665036365,0.04852121759784128
rf,5,329,0.05536614188123687,0.05536614188123687
rf,5,330,-0.09858797306807206,0.014994253935316532
rf,5,331,-0.010865358387553592,0.15610938704137256
rf,5,332,-0.0327010593458871,0.08065120335123727
rf,5,333,0.04082176001314172,0.04082176001314172
rf,5,334,-0.012708804019992068,0.01962943579764513
rf,5,335,0.04344074120619548,0.13934184055617233
rf,5,336,-0.05145321255498478,0.11302840755061136
rf,5,337,-0.032175658484712974,0.14432739394482613
rf,5,338,-0.046464599603541636,-0.01870302954260053
rf,5,339,0.029934474959929763,0.029934474959929763
rf,5,340,0.09362177613736211,0.17750537795004417
rf,5,341,0.12979203346124923,0.12979203346124923
rf,5,342,-0.08185333299919653,-0.04016072986796032
rf,5,343,-0.07702171436814893,0.054744641910054154
rf,5,344,-0.05962992674359589,0.0522035927984828
rf,5,345,-0.06286752856118803,0.04493692762129345
rf,5,346,-0.09084656820948675,0.17817035956235577
rf,5,347,0.036916082567825276,0.0919288927663417
rf,5,348,0.03749600324908031,0.0774983626839158
rf,5,349,-0.0756689519226882,-0.045081125397969636
rf,5,350,0.07110136509447332,0.09747267577728169
rf,5,351,-0.04097561346828212,0.02419505483307123
rf,5,352,0.11869479161130189,0.13047115643068288
rf,5,353,-0.0392381301505429,0.04633942473413985
rf,5,354,-0.08934657856490605,0.16061277850376482
rf,5,355,-0.027291000220524442,0.30637376777679654
rf,5,356,0.10759440709030724,0.17043503965231205
rf,5,357,-0.0005583954175444605,0.006950803709078052
rf,5,358,-0.09822056284190103,-0.0016520538239211124
rf,5,359,0.04343056609400331,0.09523770236469936
rf,5,360,-0.05393399868265039,0.016656234752498625
rf,5,361,-0.04446536681717155,0.1289768572778578
rf,5,362,0.007670078079473147,0.11315574918561644
rf,5,363,-0.037059729263541785,0.05738765232395143
rf,5,364,0.022163789499134612,0.176136998538998
rf,5,365,0.013191754500300482,0.025960031134062478
rf,5,366,0.19750715854721462,0.2204958922890619
rf,5,367,0.00759681768806833,0.14750774870107813
rf,5,368,-0.07689057933729596,0.05582079586070196
rf,5,369,0.05333802754063488,0.05333802754063488
rf,5,370,0.04233672935947019,0.06881299784518563
rf,5,371,-0.036022135406718905,0.04373865047163952
rf,5,372,-0.04447370323787132,0.013566566535404986
rf,5,373,0.015365229838033317,0.015365229838033317
rf,5,374,-0.03399725855600222,0.04986292343877902
rf,5,375,0.10138224951729344,0.10447311164310844
rf,5,376,0.006294205137302625,0.10351416101770194
rf,5,377,0.11474000754033487,0.11474000754033487
rf,5,378,0.06797592210445386,0.08125579700038571
rf,5,379,-0.07680384046922899,0.05474306517363228
rf,5,380,0.05133780730803886,0.05567358634066624
rf,5,381,-0.04825660498631543,-0.013663467663556583
rf,5,382,0.02411903602848539,0.06856719441452191
rf,5,383,-0.021519567657862712,0.03278139127865376
rf,5,384,0.005915411350857408,0.007892892038252872
rf,5,385,-0.07671866600938619,-0.052781152393610045
rf,5,386,-0.02256352115184461,0.08488811889285036
rf,5,387,-0.0007762936434979467,0.008904323899159544
rf,5,388,-0.009099466190874608,0.01312484510264407
rf,5,389,0.06535733718388004,0.11418082232833157
rf,5,390,0.040400716848878054,0.061726846165396865
rf,5,391,0.003267078261340761,0.06905304255558714
rf,5,392,0.07883076711933854,0.14328335697510103
rf,5,393,-0.1073329672295398,0.053196973722170526
rf,5,394,0.08518459093404798,0.11598498381527686
rf,5,395,0.011199432314125207,0.04749925343761505
rf,5,396,0.07087066140212334,0.1270932293753435
rf,5,397,0.11757604437271121,0.12043049741997627
rf,5,398,-0.12078288544535241,0.13026616425266851
rf,5,399,-0.11527722295102308,0.07869492418583016
rf,5,400,-0.030308213587324842,0.0115211552735901
rf,5,401,0.026504575610316994,0.1404332040141624
rf,5,402,0.054535530219540634,0.06663734844769253
rf,5,403,0.022513413610057445,0.024193853105660273
rf,5,404,0.06505003063781328,0.22848933469975719
rf,5,405,-0.15891869373209616,0.03287044988393051
rf,5,406,-6.995538451361194e-05,0.09279611495010551
rf,5,407,0.10625776703745332,0.12079262727715545
rf,5,408,-0.036823799316605954,0.040609045615074946
rf,5,409,-0.07213047391109967,0.11350015633667862
rf,5,410,-0.0008797398609326629,0.00606079740190027
rf,5,411,-0.03799504489900564,0.034868004392290264
rf,5,412,-0.08874648134314117,0.008827111112270275
rf,5,413,-0.003674050431081252,0.004994157631606808
rf,5,414,-0.16867728018376904,0.004502394871801596
rf,5,415,0.0005546858845739966,0.15838252258640156
rf,5,416,0.08058229509904649,0.08058229509904649
rf,5,417,0.010975547929085908,0.04754523705324057
rf,5,418,-0.03557866231264645,0.05384762797689699
rf,5,419,-0.020372670336958804,0.11551260582022593
rf,5,420,0.003836913215946383,0.04020948074647615
rf,5,421,-0.08044855126689966,0.05290465105761935
rf,5,422,-0.004801599519603822,0.028169970014040674
rf,5,423,0.015793870438062865,0.18944299469954878
rf,5,424,-0.027331771294109256,0.02704371977682099
rf,5,425,0.02368417358576251,0.0873033182158526
rf,5,426,-0.016353384741525506,0.1565307518843964
rf,5,427,0.06869685567128303,0.12166951955205388
rf,5,428,-0.05848430939174046,0.04991159900231662
rf,5,429,-0.05542235538958796,0.07385570060131624
rf,5,430,0.02840395650311006,0.030028900377469248
rf,5,431,0.08323573262098316,0.08528359650520403
rf,5,432,0.05501696207232462,0.10490220745042642
rf,5,433,0.13772697785490662,0.1786938868940247
rf,5,434,-0.03616656095996974,0.02851494691554951
rf,5,435,-0.026049901944115078,0.04256622409725014
rf,5,436,0.07088273021457606,0.07088273021457606
rf,5,437,0.0768868192425799,0.0858173706718339
rf,5,438,-0.021513636495025454,0.00015589637833336722
rf,5,439,-0.009478013666031848,0.058716092052357255
rf,5,440,0.03267493261003823,0.0467301280898223
rf,5,441,-0.0332958564436648,0.06119511752706208
rf,5,442,0.06616266373531521,0.1335297205111354
rf,5,443,0.05191763296635579,0.13204122393778767
rf,5,444,0.06989312008314616,0.1318486730866913
rf,5,445,-0.10028717635358365,0.026389960317728167
rf,5,446,0.06373340258913934,0.08755253614728675
rf,5,447,-0.017839143725003268,0.028856967212161078
rf,5,448,-0.005762317186405422,0.04233234102385591
rf,5,449,0.05820451760683157,0.12878888326272095
rf,5,450,-0.051184804595502904,0.021271052338969462
rf,5,451,-0.02836265640016647,-0.01694417011376119
rf,5,452,0.09333520666930106,0.11505664406392024
rf,5,453,-0.01334955497362253,-0.01334955497362253
rf,5,454,0.1387600233080931,0.1387600233080931
rf,5,455,-0.05724267033572849,-0.008343430790476586
rf,5,456,0.06870535330985492,0.11078168701884716
rf,5,457,0.014870906730619443,0.029224413513539743
rf,5,458,0.02969465623188619,0.045173711471485745
rf,5,459,-0.07984180519707268,0.04099172286780234
rf,5,460,0.09760330792263014,0.09760330792263014
rf,5,461,-0.07142666352841988,0.014464900433845726
rf,5,462,0.05726769586526537,0.14801756707715277
rf,5,463,-0.0016269793423095563,-0.0016269793423095563
rf,5,464,0.06209906067539686,0.07117810525859686
rf,5,465,0.010723042351308096,0.082211154292602
rf,5,466,0.14290711040084625,0.14290711040084625
rf,5,467,0.09778051807051205,0.09778051807051205
rf,5,468,0.017892850601825522,0.13432582541361518
rf,5,469,0.07127563106224277,0.07127563106224277
rf,5,470,-0.06974235901412987,0.05981156062157811
rf,5,471,-0.04810886956220618,0.029354560407690772
rf,5,472,-0.004564046277479625,0.10011120165989842
rf,5,473,-0.028265422644581803,0.006617840283550586
rf,5,474,0.1001871106956328,0.1528031482954174
rf,5,475,0.01725598571534198,0.12562649786587604
rf,5,476,-0.05866728703964505,0.05058756790805932
rf,5,477,0.04120805455678833,0.052968806009817376
rf,5,478,-0.017956971504528338,0.07565867032592782
rf,5,479,0.0659343046022404,0.09011435664733727
rf,5,480,-0.006945186740629883,0.01706775741453928
rf,5,481,0.0663536123183098,0.08446048136067433
rf,5,482,-0.09572276152142566,0.06281834495729952
rf,5,483,-0.021830381492943765,-0.021830381492943765
rf,5,484,-0.008984131139638557,0.016658292093030422
rf,5,485,0.09079082574496905,0.16970513691479
rf,5,486,-0.051407571206109504,0.030421749680334786
rf,5,487,-0.005615377861509355,0.0681915910737732
rf,5,488,0.020878866856156073,0.07564078862850548
rf,5,489,0.055317345336487106,0.08632201579997148
rf,5,490,-0.03562546217053336,0.15416030067929104
rf,5,491,0.013570747761011082,0.013570747761011082
rf,5,492,0.05037090252893192,0.06669373255342498
rf,5,493,-0.012748542460666215,0.058511999404209675
rf,5,494,-0.09402835240519256,0.159920817735351
rf,5,495,0.04514737240797875,0.0811371311527326
rf,5,496,-0.03652224429832954,-0.03297784918885428
rf,5,497,-0.04597684850070394,0.09912890759165707
rf,5,498,-0.026689210514937473,0.044971809630407145
rf,5,499,-0.07534467272733465,0.011647768982059215
rf,5,500,-0.049074901039387796,0.2868865376337107
rf,5,501,0.01286930721167276,0.1478710064435402
rf,5,502,-0.02852551449934969,-0.01876863212300281
rf,5,503,0.0781418340788177,0.10101794677835377
rf,5,504,0.09880019850093641,0.09880019850093641
rf,5,505,0.1021673386784932,0.1021673386784932
rf,5,506,0.015701827898132514,0.04152604438766552
rf,5,507,-0.013229061082626253,-0.003950625942333877
rf,5,508,-0.1392438570077275,-0.011627474513447103
rf,5,509,0.012029885223923245,0.012029885223923245
rf,5,510,0.04006841372998643,0.08746647667392715
rf,5,511,-0.022425288350581704,0.08035683266325294
rf,5,512,0.08466957169886158,0.08466957169886158
rf,5,513,0.053954351992621,0.09931117481924687
rf,5,514,-0.031308538969296834,0.06692334757821983
rf,5,515,-0.03228857205981785,0.0542082739223346
rf,5,516,0.004736649298864831,0.03574210311248624
rf,5,517,0.1026950553008695,0.11955258764120971
rf,5,518,-0.04953628033095123,0.07566164674228895
rf,5,519,0.014575865845938021,0.088815321252905
rf,5,520,0.07850657547967613,0.14307431356719957
rf,5,521,-0.07174691242107141,0.05288736743922562
rf,5,522,0.11381845532073823,0.1515694827297352
rf,5,523,-0.00029587867597842543,-0.00029587867597842543
rf,5,524,0.09574777508037716,0.11980347069843772
rf,5,525,0.10451961069057919,0.12689144377474734
rf,5,526,0.040964070373018885,0.19255057789490165
rf,5,527,-0.09247547431423705,0.0006067936632895843
rf,5,528,-0.022083416930198885,0.08928673479269306
rf,5,529,0.042410167801826854,0.09870259638569201
rf,5,530,0.04057518104418503,0.09086802824518075
rf,5,531,0.0344600393802095,0.03817227833172551
rf,5,532,0.004600504658628823,0.11436254557449724
rf,5,533,0.09874596404533703,0.09874596404533703
rf,5,534,-0.13736846451017445,0.15054742711247465
rf,5,535,-0.16482034925172656,0.019162505347057324
rf,5,536,0.16576230605133763,0.18855538474009864
rf,5,537,0.08385121277262911,0.08385121277262911
rf,5,538,0.031002941928569755,0.06481710861153464
rf,5,539,0.03621251749724619,0.03621251749724619
rf,5,540,0.04512480269026653,0.04512480269026653
rf,5,541,-0.0005110317739575598,0.02170167728883496
rf,5,542,-0.014409545365122262,0.05989919185010467
rf,5,543,-0.00418710407931476,0.07702354393065303
rf,5,544,-0.04341033917958011,0.028771702844369557
rf,5,545,-0.05657783453986076,0.055212537191289185
rf,5,546,-0.0033984065462950713,-0.0033984065462950713
rf,5,547,0.03397499216055358,0.03397499216055358
rf,5,548,0.004855342153479797,0.23086633328264183
rf,5,549,0.11192310577834869,0.1228920678133609
rf,5,550,0.10625471918907656,0.10625471918907656
rf,5,551,0.028484925854925736,0.05840460207810022
rf,5,552,-0.09317208640016512,-0.005337576732021718
rf,5,553,-0.015970102589026314,0.20645612967467597
rf,5,554,0.06355796279467199,0.06355796279467199
rf,5,555,-0.08757953501790326,0.03212669392930814
rf,5,556,0.0055193402706432415,0.10928273036968608
rf,5,557,0.03451339566365805,0.12341107299900059
rf,5,558,0.07279936313645496,0.14089329538213374
rf,5,559,0.0505216736999769,0.08405357095099714
rf,5,560,0.005784383804112989,0.021444534190099063
rf,5,561,-0.023340332218359697,0.03561314116469619
rf,5,562,0.014418800300545848,0.05212023861512172
rf,5,563,-0.009419773253927233,0.07205368670114545
rf,5,564,0.01968622453758495,0.20693700520797348
rf,5,565,-0.10758346427091042,0.07592450874844875
rf,5,566,-0.014883432155330167,0.0483643205140549
rf,5,567,-0.011964032937897912,0.07993102571330363
rf,5,568,0.043687987504444165,0.10563206823282034
rf,5,569,-0.018826986634240428,0.024125116944690092
rf,5,570,0.02331869368600914,0.11912956627085314
rf,5,571,-0.03615583320121253,0.07827941068115049
rf,5,572,0.03903543895119338,0.045690850834577246
rf,5,573,0.08287709603065133,0.11349072193882781
rf,5,574,0.04933025395141699,0.11492246332151287
rf,5,575,-0.09740029087304763,-0.0013500631617735653
rf,5,576,-0.09375238974683643,0.09410547060166716
rf,5,577,0.007938022394419056,0.03838404894631364
rf,5,578,0.05721621011526137,0.08704766204720854
rf,5,579,0.0018229558894321402,0.2083445226778161
rf,5,580,-0.11569767813980174,0.1045681999181528
rf,5,581,0.0952161903576198,0.0952161903576198
rf,5,582,0.011726078386806657,0.07232254197896126
rf,5,583,0.007645234828632705,0.033442191050691183
rf,5,584,0.007317544077022967,0.011759389410527524
rf,5,585,0.005203401459742088,0.029534347488580776
rf,5,586,0.03501382733361502,0.12789691329109953
rf,5,587,-0.013369553706857482,0.13848656839851814
rf,5,588,0.016642798687835275,0.08392282522924735
rf,5,589,0.05236198136355863,0.1627265175933258
rf,5,590,-0.1659754037921889,0.12530876293718912
rf,5,591,0.06603308171737113,0.15008224003059056
rf,5,592,-0.0651559896767375,-0.02518312197731848
rf,5,593,0.026762868894453062,0.026762868894453062
rf,5,594,0.04695426502997954,0.06263185934900917
rf,5,595,0.02614767955388078,0.02614767955388078
rf,5,596,-0.0671012070484934,0.015230293696965339
rf,5,597,-0.015967792223603727,0.034932935033732265
rf,5,598,-0.0007064162189259066,0.09420940262400701
rf,5,599,0.012485178269171282,0.08121295555761646
rf,5,600,0.06251551759159885,0.06251551759159885
rf,5,601,-0.08677493109581305,-0.022141706973981753
rf,5,602,-0.05264325272047368,0.00011543380448870988
rf,5,603,-0.07332486896884444,0.006989173744868835
rf,5,604,0.02000621784430591,0.06487450673047393
rf,5,605,0.08150756938110762,0.08706926243480712
rf,5,606,0.11471667082986378,0.11471667082986378
rf,5,607,0.025403519242083117,0.1158440115894663
rf,5,608,0.038391574704586595,0.17563896245849558
rf,5,609,-0.029850868351785714,0.03590327335079263
rf,5,610,-0.15754563677001931,0.1852755725148441
rf,5,611,0.027174911652797618,0.06674080921275405
rf,5,612,0.021410444020246985,0.08121040620901857
rf,5,613,-0.01847943448761598,0.002351565193312602
rf,5,614,-0.00950564214602967,0.08077522470678689
rf,5,615,-0.01814446883326934,0.05797691966153723
rf,5,616,0.02478688187290215,0.06620881758328082
rf,5,617,0.06989850684011123,0.14263334093166313
rf,5,618,-0.0031613926386878377,0.031239667509394525
rf,5,619,-0.03060134445617675,0.1248641227912905
rf,5,620,0.016813638800874192,0.016813638800874192
rf,5,621,0.059084618671317785,0.059084618671317785
rf,5,622,0.02201159452627667,0.16303417019272448
rf,5,623,-0.004905794723992565,0.10275275616403037
rf,5,624,-0.06501329517433505,-0.008199489628775328
rf,5,625,0.14355003193695015,0.14355003193695015
rf,5,626,-0.01628798899248074,0.04016467947996155
rf,5,627,0.03770973250360024,0.1077866457339346
rf,5,628,-0.0015515464889016423,0.024722873356042868
rf,5,629,-0.016025291319626683,0.08751482252551221
rf,5,630,0.07001661662704017,0.07151214369678285
rf,5,631,-0.07024799631868105,0.01145837306978155
rf,5,632,0.025613278898906633,0.025613278898906633
rf,5,633,0.03258759758671026,0.0465878348914982
rf,5,634,0.032606922853020054,0.17176695665834418
rf,5,635,-0.08191389570512972,0.016149144570312107
rf,5,636,0.024121376741204334,0.034212446298701904
rf,5,637,0.014651911919598234,0.03742549808739323
rf,5,638,0.014730096516685498,0.06270163321287489
rf,5,639,-0.15270740502235977,0.004953116206322869
rf,5,640,-0.04131075892456399,0.09791850043430142
rf,5,641,-0.17005734888500226,0.09073336521452055
rf,5,642,0.07445808656474293,0.09513134594303868
rf,5,643,0.055341969605581465,0.14322865656983644
rf,5,644,0.06746081339943247,0.06746081339943247
rf,5,645,-0.0182293119889788,-0.010994991876034269
rf,5,646,-0.05118985608532075,0.00048289003417369136
rf,5,647,0.023954240945025268,0.030825382498059273
rf,5,648,-0.08466514851326479,-0.013320832486554426
rf,5,649,0.05902199889248458,0.05902199889248458
rf,5,650,0.11027693958056384,0.17463290408539417
rf,5,651,0.09179412033403894,0.09466859150469328
rf,5,652,0.023106693238009304,0.04637485160604091
rf,5,653,0.007156775573860907,0.030672673298306502
rf,5,654,-0.013131443893560815,0.07668300802296996
rf,5,655,0.08332000615481927,0.08365776142356399
rf,5,656,0.05750970795245311,0.05750970795245311
rf,5,657,0.006226901574905366,0.04887524600128043
rf,5,658,0.021333957725851407,0.056423351166711155
rf,5,659,-0.031017972904631055,-0.024025193403567152
rf,5,660,0.04297431918920813,0.09139972367571089
rf,5,661,-0.12654874876317845,0.019340120510961012
rf,5,662,-0.035269104294163384,0.0009711219309018471
rf,5,663,-0.0179594697429538,-0.011468024081288206
rf,5,664,0.09895701360304407,0.10989088658556909
rf,5,665,-0.07988876458591647,0.03609053071830587
rf,5,666,-0.0573723962928292,0.08218595893830566
rf,5,667,-0.04400606643670016,0.05921323207572288
rf,5,668,0.09448265064590178,0.09448265064590178
rf,5,669,0.09249639084012212,0.09249639084012212
rf,5,670,-0.02747528796232357,-0.01767020255019311
rf,5,671,0.04111698341973341,0.06983633403753575
rf,5,672,0.02213068621746439,0.06642306017085278
rf,5,673,-0.016483396667638595,0.07716079861494618
rf,5,674,0.021448438711903384,0.03724138288558848
rf,5,675,-0.07795958773869165,0.021861775873057793
rf,5,676,-0.05591990501597202,0.13296495146306395
rf,5,677,0.019825104191723647,0.07677260661927704
rf,5,678,-0.004593642425390981,0.028954582100978066
rf,5,679,0.05107920694700177,0.12587059651210075
rf,5,680,-0.07201793085895475,0.004595430522140134
rf,5,681,0.03973334104035453,0.14532625590690612
rf,5,682,0.0947323356749184,0.12589408131891336
rf,5,683,-0.022863664377940657,0.0632856755194322
rf,5,684,-0.08293003448021657,0.013095456522646473
rf,5,685,0.05099384715696473,0.05099384715696473
rf,5,686,0.08586631885092086,0.08586631885092086
rf,5,687,0.010607692809342845,0.08548084147615675
rf,5,688,-0.01288842661373378,0.0026622896118227574
rf,5,689,-0.02835977578586632,0.05171548944359905
rf,5,690,-0.041717170439346495,0.033877140114231236
rf,5,691,0.007909476178479022,0.04806680680475414
rf,5,692,-0.14326614034028437,0.07143253899377652
rf,5,693,0.04668904713023189,0.054131821255378826
rf,5,694,0.08802186625668376,0.08802186625668376
rf,5,695,-0.07948385958209261,0.01153638204705755
rf,5,696,-0.07901046378305634,0.009350473218315614
rf,5,697,0.011297166062878033,0.052166963897087165
rf,5,698,0.04322435024230964,0.15333207934670184
rf,5,699,0.07426539762833059,0.08963416607142927
rf,5,700,-0.04602574548238017,0.11019663353085826
rf,5,701,0.004349895654149005,0.004349895654149005
rf,5,702,-0.052916331664817594,-0.009633458009599985
rf,5,703,-0.04121299058288242,0.05595030533114079
rf,5,704,0.08430701007759919,0.08430701007759919
rf,5,705,-0.05909049091345365,0.09014729741134345
rf,5,706,-0.01393103131847373,0.06032117427738212
rf,5,707,0.17436444880892704,0.17436444880892704
rf,5,708,0.09189239212368994,0.11587037365854078
rf,5,709,0.06164728766283073,0.13181306503648144
rf,5,710,-0.13903764246682565,0.09116362233779715
rf,5,711,0.030153478880864032,0.12542444697421978
rf,5,712,0.07493186286931316,0.07493186286931316
rf,5,713,-0.01690572627439471,0.03505294722143237
rf,5,714,0.0666533023305638,0.12803312766967118
rf,5,715,-0.08193705796855719,0.027636802077185024
rf,5,716,0.027523680087656432,0.09842876403954023
rf,5,717,-0.04182515050135618,-0.013344147991395452
rf,5,718,0.07678182876760178,0.08860571875849807
rf,5,719,0.0019156308440916175,0.18246829755356803
rf,5,720,-0.12932093358700197,0.06578761440976866
rf,5,721,-0.0025207084584632777,0.011217738261878302
rf,5,722,0.05529006009122622,0.20576455257615545
rf,5,723,0.06285178165832345,0.1087360257197465
rf,5,724,-0.05614750845334903,0.17321849035259296
rf,5,725,0.059146847453892815,0.06979610059140182
rf,5,726,0.08840526512401514,0.1400957650116517
rf,5,727,-0.10107909341622948,0.0558673104642915
rf,5,728,-0.1035067114080907,-0.005154687025014509
rf,5,729,-0.10662648389208348,0.0379099156968398
rf,5,730,0.06631947625332676,0.11447101216373701
rf,5,731,0.0071732383189076765,0.1281488693485312
rf,5,732,0.13181533696209044,0.13873454317565911
rf,5,733,-0.11255455274100751,-0.01949650381644795
rf,5,734,0.010643868249667982,0.039812785571095965
rf,5,735,-0.044213476088352244,-0.0014438695502870247
rf,5,736,-0.006563837784638829,0.092587510283337
rf,5,737,-0.12128137737005502,-0.012206898601553273
rf,5,738,0.024951209911810407,0.024951209911810407
rf,5,739,-0.0812285930993136,0.08374923368836804
rf,5,740,-0.010199399052161731,0.03292104717563574
rf,5,741,-0.05448666305251564,0.07340862945664542
rf,5,742,-0.03380811219068884,0.021578712196960323
rf,5,743,-0.0010203510353560402,0.03873559772875207
rf,5,744,-0.06585975444772127,-0.012438175286472508
rf,5,745,0.023066968879750405,0.0557155820437607
rf,5,746,-0.015527877255597844,0.10192202643487619
rf,5,747,-0.05204012316242574,0.16853498426696795
rf,5,748,-0.009494493530671111,-0.009494493530671111
rf,5,749,-0.07727186862111453,0.17466682829368319
rf,5,750,0.0035328109849104145,0.01993919017066259
rf,5,751,-0.09881164829617659,0.0737477530146598
rf,5,752,-0.1280353608091535,0.07380106937888745
rf,5,753,0.003875780522000022,0.04895784763935926
rf,5,754,0.14404776801959723,0.1491184867798058
rf,5,755,-0.037782864756125634,-0.004426213312486646
rf,5,756,-0.14127901930588646,0.13907664567160097
rf,5,757,-0.08019150666145682,-0.021037757853868744
rf,5,758,-0.16460033672050767,0.03852294723593694
rf,5,759,-0.029413290862225508,0.08538008728546001
rf,5,760,0.052361662173568385,0.11575211588062514
rf,5,761,0.057458170978545636,0.057458170978545636
rf,5,762,0.12006549931039173,0.178775131217478
rf,5,763,0.01445971458171147,0.04736189594074183
rf,5,764,0.04571503802412108,0.19387959507314945
rf,5,765,-0.03622401150358874,-0.006964782552866103
rf,5,766,0.010284030935629171,0.04378250563236305
rf,5,767,0.029779835242081915,0.03781000407754109
rf,5,768,-0.020716356941795633,-0.011502359609319043
rf,5,769,0.01998752571463408,0.16576227616839767
rf,5,770,0.029509708496675835,0.029509708496675835
rf,5,771,-0.06811500705302542,0.09776406224142523
rf,5,772,0.09355360168189752,0.09355360168189752
rf,5,773,0.11051551750827582,0.11239474088094101
rf,5,774,0.012141390979950817,0.013744139884153642
rf,5,775,0.03424598573492446,0.061998348509336776
rf,5,776,-0.006325776190296256,0.1337439200122377
rf,5,777,-0.03834865374729213,0.055509527314065166
rf,5,778,0.00026289764520821823,0.027672428704014207
rf,5,779,-0.08668830662851011,0.01080179626798329
rf,5,780,-0.03332431864027138,-0.021070299418317492
rf,5,781,-0.04377723878747709,0.003897661191143903
rf,5,782,0.06345787086342208,0.10685294906581891
rf,5,783,-0.02201071254285318,0.0299279741472972
rf,5,784,-0.024130729595215505,-0.012202994131975148
rf,5,785,-0.0066764581486642854,0.07441386836936223
rf,5,786,0.036422509998025376,0.052890619888851825
rf,5,787,0.018633520180919183,0.018633520180919183
rf,5,788,0.04074062299118983,0.04074062299118983
rf,5,789,-0.020690255575240707,0.06790343483017344
rf,5,790,-0.019385276176149255,0.13026824329691497
rf,5,791,0.02286236669216317,0.07255628079498103
rf,5,792,-0.04263134700958604,0.05823763907064755
rf,5,793,-0.07138744752310248,0.028905900595629808
rf,5,794,0.05391182542553774,0.13527874167397935
rf,5,795,0.01225733707635826,0.01225733707635826
rf,5,796,0.2002078281889842,0.2002078281889842
rf,5,797,0.12443297945333986,0.22012562274512015
rf,5,798,-0.06714106243494125,-0.016497565035125755
rf,5,799,0.08525795399401978,0.1001730607559708
rf,5,800,0.10442496714757946,0.10442496714757946
rf,5,801,0.012556498457885229,0.012556498457885229
rf,5,802,0.05646612557869332,0.05646612557869332
rf,5,803,-0.1253674009592735,0.05116597800177888
rf,5,804,-0.09693383455388177,0.07866582612768261
rf,5,805,0.023590582224364803,0.15147120245290613
rf,5,806,-0.0024291348039581218,0.17931052419723054
rf,5,807,-0.02929068336068376,0.034804875642074073
rf,5,808,0.0893821306960936,0.10858479421637413
rf,5,809,0.0683019629940324,0.11428337782689188
rf,5,810,0.05416401483698491,0.08592988456747264
rf,5,811,-0.05900714472372518,0.11314644465235288
rf,5,812,0.04831861209615068,0.04831861209615068
rf,5,813,0.06758462770572388,0.06967436466810464
rf,5,814,0.06851894725026036,0.12519194618798576
rf,5,815,-0.04026286359829116,-0.01549746446045741
rf,5,816,0.025980729732213104,0.08051237668416342
rf,5,817,0.018687015149050593,0.047015954887230454
rf,5,818,0.009502992136921531,0.0960217030985912
rf,5,819,-0.041089835891048185,0.01656856004292548
rf,5,820,0.04398498684890756,0.058706884216771504
rf,5,821,1.9018686972974153e-05,0.023895232030147998
rf,5,822,0.028950077761517146,0.07951656472666974
rf,5,823,0.02430302382618023,0.12618570028549772
rf,5,824,0.012188321875018851,0.25592978407077943
rf,5,825,0.05412847462119308,0.05878074102529504
rf,5,826,0.005551023370478067,0.12714311400357634
rf,5,827,-0.008546302740002315,0.058530436752149057
rf,5,828,0.07004247300158026,0.16018026831133803
rf,5,829,0.0808297134339318,0.0808297134339318
rf,5,830,0.07127463732890835,0.21183359735257773
rf,5,831,-0.03588709289604823,0.025719248474631334
rf,5,832,0.06102000760732823,0.06102000760732823
rf,5,833,0.12855455207050412,0.16051431465321725
rf,5,834,0.001795491846353317,0.03160912969532731
rf,5,835,0.06978503833786598,0.19142651256845905
rf,5,836,0.04250105768370155,0.04776244325700482
rf,5,837,0.038068722365559,0.1137096467844704
rf,5,838,0.01170453415496174,0.06111999339267071
rf,5,839,0.03392370510023607,0.14976155553518272
rf,5,840,-0.023794602047550253,0.031201772919139892
rf,5,841,-0.02149962704109311,0.0803301131365661
rf,5,842,-0.051795325033932936,0.1950925881931581
rf,5,843,-0.006405188742080209,-0.0028473945671144973
rf,5,844,0.1262299528848046,0.1262299528848046
rf,5,845,-0.013113016803845329,0.09293590177248015
rf,5,846,-0.1327390365676922,0.10442402415226398
rf,5,847,-0.10458847310905797,0.026751244972623683
rf,5,848,-0.031277782859108524,0.005841595736643571
rf,5,849,-0.03182133867591752,0.04743400371600204
rf,5,850,0.04901242470487335,0.052382977404916736
rf,5,851,0.06716787418193065,0.1492732175257773
rf,5,852,0.03773808040828322,0.03773808040828322
rf,5,853,-0.02429961001525592,-0.001470511782966727
rf,5,854,0.18698730995002372,0.25764265195002334
rf,5,855,0.1277588773317249,0.1277588773317249
rf,5,856,-0.022463442193273273,0.034541250000474255
rf,5,857,0.010390177958264177,0.14538035684759
rf,5,858,-0.02650102563694645,0.04043755177138886
rf,5,859,0.09878279574077528,0.20250027264970033
rf,5,860,0.12160485797269863,0.14200562849884035
rf,5,861,-0.04093264135834361,0.03615849472684532
rf,5,862,-0.02884954860648538,0.14281705143827816
rf,5,863,-0.015321739235098608,0.020802032040398655
rf,5,864,0.07843734963222279,0.08267721856549434
rf,5,865,0.0744368180256923,0.0744368180256923
rf,5,866,0.05544157997273669,0.13361353988097696
rf,5,867,0.004236949494654835,0.04177317717627341
rf,5,868,0.0391361406711086,0.26908028389905386
rf,5,869,0.08349803928599223,0.10702801009377338
rf,5,870,-0.05632182682180099,0.009580933483383819
rf,5,871,-0.06454086440758032,0.04959368832595726
rf,5,872,-0.040610433338865964,0.03911950150134119
rf,5,873,0.0319726080365724,0.18828433532122396
rf,5,874,-0.02895323463383709,0.0457869335322624
rf,5,875,-0.1788480181913667,-0.008083736860944227
rf,5,876,0.03866670728804428,0.05016406255380179
rf,5,877,0.010668562337936352,0.1380628537414838
rf,5,878,0.02023294876985611,0.0795731475919374
rf,5,879,-0.014166267228412313,0.012369226809784875
rf,5,880,-0.11626955971970811,0.022834043045962482
rf,5,881,-0.05176082508748733,0.018490908768375336
rf,5,882,0.06082908827835615,0.18376811594911618
rf,5,883,-0.024134997922107118,0.08425226948350914
rf,5,884,0.03726713825161279,0.03726713825161279
rf,5,885,-0.015831436044959166,0.09007623645669732
rf,5,886,0.12293386962011715,0.12350967905965823
rf,5,887,0.03325906591585054,0.15937514649997914
rf,5,888,-0.12646005654940437,-0.01621605771894645
rf,5,889,0.12017985129727024,0.12391444297368112
rf,5,890,0.009423178316023392,0.0802081416540773
rf,5,891,-0.06650415186942357,0.006692763401869209
rf,5,892,0.011490007374321431,0.031730594195747225
rf,5,893,-0.008890308330675376,-0.007812224134800316
rf,5,894,-0.07252387124795726,0.006263648249548032
rf,5,895,0.003340322650153757,0.04543380699073146
rf,5,896,0.02725199080783655,0.061690248613411824
rf,5,897,-0.14709510921425195,0.12226275761522432
rf,5,898,-0.060986233488856775,-0.012631295232883116
rf,5,899,-0.010173107415200291,0.11794328999724965
rf,5,900,-0.019707448253998117,0.14070769029540348
rf,5,901,-0.039762676655577804,0.10215803467501092
rf,5,902,-0.03748518669761543,0.14749217870023507
rf,5,903,0.02993455266067882,0.04903081450568467
rf,5,904,0.031914330074647085,0.08939045046455418
rf,5,905,0.03681133030404729,0.05990189360438891
rf,5,906,-0.0574747543166092,-0.005587443883551257
rf,5,907,-0.0027004261046304767,0.015907950085734285
rf,5,908,0.024179884050428854,0.12377475817181546
rf,5,909,0.06027812609367364,0.06027812609367364
rf,5,910,0.05068237016439828,0.08591252461447135
rf,5,911,-0.043354941998790725,-0.043354941998790725
rf,5,912,-0.06337207709852705,0.11113060997265536
rf,5,913,-0.0032066332687728932,0.13600187375556574
rf,5,914,-0.02713594870987493,-0.0018154718106732776
rf,5,915,-0.07900806491904235,0.044972250725928614
rf,5,916,0.10256944073123206,0.11056207477031837
rf,5,917,0.01737229730757177,0.03151516915983327
rf,5,918,0.009769205847643292,0.17809332901435881
rf,5,919,0.08038724462997085,0.10422654506808499
rf,5,920,0.005894145301600248,0.11294712683272626
rf,5,921,-0.04955747623183879,-0.0381636144826885
rf,5,922,-0.0533565826401942,0.1630633348671433
rf,5,923,0.021086303635868206,0.0384150720325758
rf,5,924,0.02248971818308343,0.051722592787725175
rf,5,925,-0.0025023278171013436,0.09336251147452987
rf,5,926,-0.07474179902174584,0.07644773145033276
rf,5,927,0.018751546827425136,0.024831307983006146
rf,5,928,0.06053294390828709,0.20345075664204315
rf,5,929,0.010134718190441677,0.09866424749393102
rf,5,930,-0.017239818194219478,0.033281096370764596
rf,5,931,0.0994818884761276,0.17058955190225417
rf,5,932,-0.02272487801110777,0.036354032542137565
rf,5,933,-0.06406991294540326,-0.0029226295366639593
rf,5,934,-0.008436111983730704,0.0391915189494462
rf,5,935,-0.0010233857395130774,0.0025761121663401415
rf,5,936,0.0033919123798488993,0.014656557419474706
rf,5,937,0.020408982146966473,0.12398742250394029
rf,5,938,-0.0600662156839235,0.13736437463199558
rf,5,939,0.04147881749264068,0.2045468615066271
rf,5,940,0.025083169244855957,0.07289741167326122
rf,5,941,-0.0060289284746360555,0.04606407722967529
rf,5,942,-0.05268501512393651,0.20672818440525959
rf,5,943,-0.10176502796777533,0.011899445457036792
rf,5,944,-0.16936960972208187,0.04915389966402403
rf,5,945,0.06709681181609398,0.0971037741376094
rf,5,946,-0.00783907040586801,0.018128152002931372
rf,5,947,0.0042598772856911465,0.04852780636122547
rf,5,948,-0.060406933886183456,0.036702820152994586
rf,5,949,-0.04654885402148069,0.0023931824942878127
rf,5,950,0.09112943002727486,0.1302605559196235
rf,5,951,0.09968758546448961,0.09968758546448961
rf,5,952,-0.0181621116635092,0.0768355570670852
rf,5,953,-0.009447232582617579,0.06511835111629571
rf,5,954,0.07986192848660839,0.08990204855011133
rf,5,955,-0.06796988232500413,0.09965453769331345
rf,5,956,-0.03653950806366553,-0.0030806638526940378
rf,5,957,-0.06508597576206224,-0.039229226624727005
rf,5,958,-0.02934198166539416,-0.009714838347520183
rf,5,959,0.0019551318217975733,0.10805158280177748
rf,5,960,0.032954777848030886,0.032954777848030886
rf,5,961,-0.07654987588724856,0.0713481573646993
rf,5,962,0.13444378389301376,0.13444378389301376
rf,5,963,0.004298861749190558,0.03877323111536354
rf,5,964,-0.11537746376073943,0.03917924311576412
rf,5,965,-0.08580621687599167,0.02996166008213111
rf,5,966,0.024790468627389678,0.10292358203830015
rf,5,967,0.03310160838889742,0.03310160838889742
rf,5,968,-0.06644707191146446,0.007416502492231719
rf,5,969,0.02898863195338633,0.047632528401988394
rf,5,970,-0.03253147341099126,0.21603083215087338
rf,5,971,-0.07517297042546775,0.035559812425365184
rf,5,972,-0.016060992784718855,0.01932011250027471
rf,5,973,0.09166654091576953,0.09166654091576953
rf,5,974,0.0017029460183664996,0.0069660371886781924
rf,5,975,0.025375705739441173,0.04056288305608202
rf,5,976,0.09166786794843543,0.09767717269326265
rf,5,977,0.07236169212241722,0.07236169212241722
rf,5,978,-0.06078464829486295,0.020739575163583907
rf,5,979,-0.09670574235459836,0.039017582490298575
rf,5,980,0.027330515266543537,0.027330515266543537
rf,5,981,0.02050991547070942,0.028397790229631653
rf,5,982,-0.09682043751805011,0.053255388957685335
rf,5,983,-0.005316426823415807,0.05404074189215213
rf,5,984,0.09706291232388603,0.09706291232388603
rf,5,985,-0.014828802146187162,0.08409703920379605
rf,5,986,0.07490802716619621,0.09930473097720038
rf,5,987,0.04331254353051503,0.045462171199665946
rf,5,988,-0.01056237896247568,0.054253456651275095
rf,5,989,0.09371350466910636,0.14934915964497092
rf,5,990,-0.11848985129248735,0.09302657178386131
rf,5,991,-0.10935832128504265,0.012541387188853712
rf,5,992,-0.028201266436025302,0.027496719147893367
rf,5,993,0.08153162102980133,0.1458012218803929
rf,5,994,-0.12268489949269692,-0.015990430557378005
rf,5,995,-0.048089465235721586,0.048851152303489576
rf,5,996,-0.0041032047760738155,0.11838135545733972
rf,5,997,-0.19382034604519904,0.018898808714548784
rf,5,998,0.03995362112539205,0.03995362112539205
rf,5,999,-0.16979170909888408,0.06678143600507627
rf,5,1000,0.11603737850823292,0.12840150366453248
rf,5,1001,0.04155532522377536,0.1343085042593813
rf,5,1002,0.01133684062396964,0.12266802362941498
rf,5,1003,0.08888676991524375,0.08888676991524375
rf,5,1004,-0.0022292568440346328,0.023176500088079047
rf,5,1005,0.07059599894827143,0.07059599894827143
rf,5,1006,-0.013141819941986613,0.05332265105035308
rf,5,1007,-0.03660426134297952,-0.019102499951233434
rf,5,1008,0.01080454795588677,0.11761791012381168
rf,5,1009,-0.022196959042153505,0.038020061472091915
rf,5,1010,-0.06566211231224683,-0.01753634269673185
rf,5,1011,-0.1406281800081555,-0.007717326416088965
rf,5,1012,0.06852147617690765,0.08874972258729355
rf,5,1013,0.026532649143158976,0.09436048688053647
rf,5,1014,0.09277925391782793,0.09277925391782793
rf,5,1015,-0.00835935419364657,-0.00835935419364657
rf,5,1016,-0.0032295997564300155,0.07351362012194412
rf,5,1017,0.043922232526870275,0.10444756299064886
rf,5,1018,-0.0974892144728734,0.0463070609475964
rf,5,1019,0.0018273976383180873,0.055645661681640424
rf,5,1020,-0.03387210217304551,0.04300988480028098
rf,5,1021,0.04767545983432275,0.04767545983432275
rf,5,1022,0.020834327799352972,0.10081641035428002
rf,5,1023,-0.06400419199554429,0.05909274959072175
rf,5,1024,0.09567070753722517,0.09776798531395522
rf,5,1025,-0.1088167988978478,0.01041935607600357
rf,5,1026,-0.0023997014363598412,0.09930891343095125
rf,5,1027,0.04408646685006418,0.13865718544935915
rf,5,1028,0.12104289218582184,0.12651602415319713
rf,5,1029,0.019878963301156877,0.06286122876510813
rf,5,1030,-0.05962015869008708,0.029414235112179915
rf,5,1031,-0.04657022956946448,0.024621473944379996
rf,5,1032,0.0825634024833869,0.09388111667899601
rf,5,1033,0.04845756305577076,0.08700426329786334
rf,5,1034,-0.09619734286756108,0.027931230903751464
rf,5,1035,-0.03908070814448748,0.082759430310302
rf,5,1036,-0.10790627386693898,-0.02924099977022375
rf,5,1037,0.030866088578189788,0.03182691640795471
rf,5,1038,0.13899392992428738,0.16323649654891664
rf,5,1039,0.10430624273070277,0.11258613281686874
rf,5,1040,0.013123622774419988,0.04234035923981941
rf,5,1041,0.043789471404545255,0.10323747651766091
rf,5,1042,-0.07880663640325543,0.08494680398370447
rf,5,1043,-0.017995131228620148,0.09477229612540505
rf,5,1044,0.0158959739832958,0.03273395157496717
rf,5,1045,0.06520019595685636,0.06520019595685636
rf,5,1046,-0.04085722631770361,-0.002745891768629896
rf,5,1047,0.05345663805000925,0.05955669331698013
rf,5,1048,-0.08167655258765502,-0.008570230708712254
rf,5,1049,0.03758967648473377,0.10791907095237521
rf,5,1050,-0.0385637365186457,0.07027257569755835
rf,5,1051,-0.026055746132824936,0.07864341569036573
rf,5,1052,-0.026881798869677648,0.037371231243809006
rf,5,1053,-0.005448816923280891,0.06231932188589581
rf,5,1054,-0.01644472453216668,0.02932165191628866
rf,5,1055,0.038962670156982876,0.0409064874116464
rf,5,1056,-0.13939730896625,-0.0003430884005893031
rf,5,1057,-0.04408518515302452,-0.025031615182208228
rf,5,1058,-0.04311642804792401,0.0029028031034579876
rf,5,1059,-0.03422809014631588,-0.016953830635978065
rf,5,1060,-0.029209201561875175,0.03174608107021415
rf,5,1061,-0.008168786646158555,0.014083748883674557
rf,5,1062,-0.006108730378055649,0.0014228700966124191
rf,5,1063,0.12875933634424724,0.1323698091514309
rf,5,1064,0.05476610119324879,0.05578747582400356
rf,5,1065,-0.02664379618394931,0.1645734269394893
rf,5,1066,0.025892035427084847,0.025892035427084847
rf,5,1067,0.0116124654676001,0.014101586916127382
rf,5,1068,-0.018100261528513573,0.030154013197218416
rf,5,1069,-0.007558667173700684,-0.0008574140077489828
rf,5,1070,0.14786413682233393,0.2602056168733744
rf,5,1071,-0.04054270388478331,0.04656931775486356
rf,5,1072,0.1302000143632543,0.17057667568299906
rf,5,1073,0.03501486855672756,0.10877804382435802
rf,5,1074,-0.01877749939163302,0.07114694337760397
rf,5,1075,-0.031246269138685917,0.0076877604671786864
rf,5,1076,0.03375656159445281,0.07858024984551198
rf,5,1077,-0.017725284276528377,0.017881763330842404
rf,5,1078,-0.042783165369195596,0.07953093769077146
rf,5,1079,-0.08539146155731388,0.04754095706841621
rf,5,1080,0.03071301052159392,0.08539933000953037
rf,5,1081,-0.02134948128218865,0.024227656642209397
rf,5,1082,0.06288531053659158,0.06288531053659158
rf,5,1083,-0.058469380801935415,0.11644896849890482
rf,5,1084,0.0598706121149748,0.0598706121149748
rf,5,1085,0.041347470315871576,0.1161088629868143
rf,5,1086,-0.06879528327226751,0.012672473892614486
rf,5,1087,0.018819781035121677,0.06528633663625846
rf,5,1088,-0.01492358845992331,0.23067203619141663
rf,5,1089,0.06815929974955096,0.1228371510347894
rf,5,1090,0.149242687933771,0.149242687933771
rf,5,1091,-0.07420760539308027,-0.013044830286727926
rf,5,1092,-0.02325511226175911,0.006966370553813106
rf,5,1093,0.04361696028596279,0.04590043244371861
rf,5,1094,-0.014318057676144538,0.20442755743218066
rf,5,1095,-0.040303804948918776,0.050226995913636635
rf,5,1096,0.15085069067674334,0.1683782685152445
rf,5,1097,0.024827615032786188,0.05686467304803261
rf,5,1098,-0.006382620170701625,0.08053219580085463
rf,5,1099,0.0016257893305744592,0.1327215371117307
rf,5,1100,0.05880978277180382,0.06521177193650568
rf,5,1101,-0.036371512398592376,0.07418318151687475
rf,5,1102,-0.007739412873051188,0.025656310675809146
rf,5,1103,0.008145431623712396,0.0768463075603446
rf,5,1104,-0.04612401179918846,-0.028220514384745668
rf,5,1105,-0.07821400685247522,0.07799639441719927
rf,5,1106,0.045207676020778936,0.11622977665570738
rf,5,1107,0.0056534494487558845,0.14293735366041055
rf,5,1108,-0.08069640820288228,0.032337869359243016
rf,5,1109,-0.09803819363617133,0.04151346551840249
rf,5,1110,0.014867188144050192,0.014867188144050192
rf,5,1111,0.026463709706348426,0.02672554668072158
rf,5,1112,0.0038778211063973528,0.034027712311118924
rf,5,1113,-0.057801011419294036,0.05574598234675693
rf,5,1114,0.0582750309702684,0.12066473185592544
rf,5,1115,0.0038633724409728454,0.03329124994287663
rf,5,1116,-0.11111310112540146,0.00883739664152941
rf,5,1117,0.027048453370653397,0.0840515742055899
rf,5,1118,0.10472213806571037,0.16117297673907777
rf,5,1119,-0.005737220820243347,0.060643477015504876
rf,5,1120,-0.012894218786958608,0.0533288296085688
rf,5,1121,-0.01459231864467922,0.09726964451579795
rf,5,1122,-0.021354508850108325,0.14573948487822377
rf,5,1123,0.11412700731864817,0.11412700731864817
rf,5,1124,-0.029516470725641022,0.11397496087798034
rf,5,1125,-0.12723124823250492,-0.06605684439639047
rf,5,1126,0.027647940350478822,0.031089309023400707
rf,5,1127,-0.020522051164695257,0.18136655843551375
rf,5,1128,0.1356894532803599,0.1356894532803599
rf,5,1129,0.02750104304519957,0.02750104304519957
rf,5,1130,-0.07656533077412483,0.07923913785950432
rf,5,1131,0.07919948979541205,0.10379390753099896
rf,5,1132,0.07085812830276181,0.08750106572978741
rf,5,1133,0.03934529652122534,0.04456356618279403
rf,5,1134,-0.06589723080027277,0.018490110815394603
rf,5,1135,0.0035838707983307377,0.0699982598786324
rf,5,1136,0.03188918417367642,0.1738672085174593
rf,5,1137,-0.012431039766788221,0.04360831800238307
rf,5,1138,-0.0759999350775402,-0.01250020126381568
rf,5,1139,0.0028386204094440343,0.13996520981819138
rf,5,1140,-0.05334681705296688,-0.02591960834355661
rf,5,1141,0.0660730757095015,0.0660730757095015
rf,5,1142,0.015274046367071192,0.07750871494083383
rf,5,1143,-0.11154640589083807,-0.022122984516523572
rf,5,1144,-0.10731442154914032,0.040520838272329995
rf,5,1145,-0.027235228984279394,0.04070123861978839
rf,5,1146,-0.018972666006192365,0.01513594896111621
rf,5,1147,0.052903399268553,0.2383458551284926
rf,5,1148,-0.023235380473114756,0.04887064545964026
rf,5,1149,-0.09940594254263665,0.009945816823872536
rf,5,1150,0.09807389204585334,0.14431455897925966
rf,5,1151,-0.021541071081784505,0.043513297632277764
rf,5,1152,-0.13385302895147325,0.01751822020221197
rf,5,1153,-0.07865443222779965,0.038206757360234045
rf,5,1154,0.030786091623766942,0.19563483271588794
rf,5,1155,0.061156608552525804,0.12795769546528768
rf,5,1156,-0.1797701313783377,0.025986600740077304
rf,5,1157,-0.0026917629717448516,-0.0026917629717448516
rf,5,1158,-0.05789154016081172,0.12199758893931573
rf,5,1159,0.04384958830498267,0.04384958830498267
rf,5,1160,-0.11908126203777358,0.029684982274308908
rf,5,1161,0.02160726584515106,0.02160726584515106
rf,5,1162,0.010901265430830531,0.08168695786045493
rf,5,1163,-0.07191097214989245,0.11707401783854526
rf,5,1164,-0.037753837128232645,0.045258260427132324
rf,5,1165,0.0726479997126794,0.13436983724341853
rf,5,1166,-0.023052114681474764,0.044905853942513035
rf,5,1167,-0.0783240199044141,0.03376387804754866
rf,5,1168,-0.04612204235159338,-0.02374803352855996
rf,5,1169,0.029748338949907444,0.08893862103174416
rf,5,1170,-0.03088071611602268,0.06214146289251196
rf,5,1171,0.07103010263094964,0.1625719407381725
rf,5,1172,0.029490085518953824,0.21315137770962939
rf,5,1173,0.1325609003196653,0.1623731463210259
rf,5,1174,-0.07327263817500151,0.009642415996606216
rf,5,1175,0.0030565299764004766,0.1541280737957897
rf,5,1176,-0.08639932974235838,0.05556860435617944
rf,5,1177,-0.0745659463542722,0.023427711933535766
rf,5,1178,0.07894759125481471,0.08595011506297329
rf,5,1179,0.06191200549327336,0.06191200549327336
rf,5,1180,-0.08279182494101214,0.006450334788381029
rf,5,1181,-0.07277689465566327,0.10067080838919812
rf,5,1182,0.11364601444866854,0.14630458781674643
rf,5,1183,0.09402590253456447,0.15323175312780346
rf,5,1184,0.05052393869551569,0.09875047698676942
rf,5,1185,0.04374403980767588,0.0832038573884343
rf,5,1186,0.09103408749242645,0.15185152567370064
rf,5,1187,-0.10270726440136745,0.1155235449354797
rf,5,1188,0.10397939410571544,0.12210551536055664
rf,5,1189,-0.047816699915381275,-0.047816699915381275
rf,5,1190,0.07322588815718886,0.07693708600189247
rf,5,1191,0.09216374522123297,0.09216374522123297
rf,5,1192,0.012965846221950197,0.15669605239669793
rf,5,1193,0.024303978937003992,0.028534130859728585
rf,5,1194,0.07062262437222439,0.07062262437222439
rf,5,1195,0.038940055933172846,0.06894378643966259
rf,5,1196,0.030628101505159044,0.09616757949888632
rf,5,1197,-0.04383535893120086,0.09814183728405154
rf,5,1198,-0.09494552323793942,0.047647445268749644
rf,5,1199,-0.0518517605085337,0.11994645788611014
rf,5,1200,0.035094296330611174,0.12442158596704234
rf,5,1201,-0.009748393545532016,0.04941972650838494
rf,5,1202,0.12001234634693739,0.1705676861109443
rf,5,1203,0.03623489678132619,0.11966892274474428
rf,5,1204,0.033168517895134864,0.033168517895134864
rf,5,1205,-0.06757590889098361,0.05751795528752576
rf,5,1206,0.039230922401498364,0.11109964841132863
rf,5,1207,-0.05782691392072491,-0.04448156748691814
rf,5,1208,0.002799662110785292,0.05268205556655425
rf,5,1209,0.04771353806727194,0.05983838780910736
rf,5,1210,-0.17451418997091792,0.041611918644204354
rf,5,1211,0.08208911459248705,0.12020864428971414
rf,5,1212,0.0913629627161936,0.15868512376798893
rf,5,1213,0.049206229722600636,0.14295623542586786
rf,5,1214,0.05702896842974858,0.05702896842974858
rf,5,1215,0.02433491767786726,0.04076266703027298
rf,5,1216,0.01805117629479995,0.03309682761009758
rf,5,1217,0.009409506859187955,0.029912962447084218
rf,5,1218,0.05790057062258064,0.08442944073868269
rf,5,1219,0.02104321781086771,0.02104321781086771
rf,5,1220,-0.04199706039752667,0.10417200561311335
rf,5,1221,-0.03868168695331861,0.02867944023925914
rf,5,1222,-0.09331899779735515,-0.008385557645577066
rf,5,1223,0.024996884695518973,0.06698830236172157
rf,5,1224,-0.004515591004796413,0.22794849251721677
rf,5,1225,0.02168396654104554,0.044777939409737205
rf,5,1226,0.0172939614636963,0.108961850249918
rf,5,1227,0.02803736081273528,0.08283426542387873
rf,5,1228,-0.08562683390456473,0.03356073462958456
rf,5,1229,0.04641062862821074,0.06328218442543457
rf,5,1230,0.03178537520917954,0.06987890954433387
rf,5,1231,0.08094091768029468,0.2186999107946772
rf,5,1232,-0.015217697334558952,-0.009981541692281007
rf,5,1233,0.0892629988160695,0.19485921762081443
rf,5,1234,-0.011350474962144808,0.03697789605982793
rf,5,1235,0.08268884895862536,0.08678712003373373
rf,5,1236,-0.08555800145539265,0.16675686284614133
rf,5,1237,0.02563970596439763,0.1134059268066793
rf,5,1238,0.07051054643618271,0.12211404126174993
rf,5,1239,-0.0019025783479723751,0.12980904285019543
rf,5,1240,-0.08725194499278068,0.0759898094094576
rf,5,1241,-0.0037260774851136935,0.03976459990924938
rf,5,1242,-0.08126922047205604,0.028918462061435113
rf,5,1243,-0.04062816159243693,-0.001541629298008454
rf,5,1244,-0.11775589500404846,0.10991575724832839
rf,5,1245,-0.0498601956577683,0.009378607945639036
rf,5,1246,-0.07070957697125738,0.08702819716051102
rf,5,1247,-0.036996881205657695,0.1238456047632015
rf,5,1248,0.047957024365103934,0.09271877494200281
rf,5,1249,-0.012099093583364112,0.05980556897590156
rf,5,1250,-0.033103535721551794,0.19220936200091715
rf,5,1251,-0.05739503663304021,-0.023572315304369137
rf,5,1252,-0.011897322006785477,0.1335540603275744
rf,5,1253,0.048769629716811425,0.10112782799417994
rf,5,1254,0.13101974010785666,0.13101974010785666
rf,5,1255,0.018818829409547128,0.06966129821930125
rf,5,1256,-0.021606858618432548,0.06653942289370135
rf,5,1257,0.08266845406007689,0.14607663480502622
rf,5,1258,0.045699618173282025,0.045699618173282025
rf,5,1259,-0.03912976303576371,0.03741850017368831
rf,5,1260,-0.054276743974626375,-0.03515880787622179
rf,5,1261,-0.07775586620293563,-0.0039713808640861464
rf,5,1262,0.01973836814988278,0.02290114491401954
rf,5,1263,-0.027150487394567477,0.04077695402334672
rf,5,1264,-0.04180509367520568,0.06898997771251464
rf,5,1265,0.08497131973586866,0.1374745352681867
rf,5,1266,0.10423282897189465,0.11381722834116528
rf,5,1267,-0.09716231583089772,-0.04537126388629079
rf,5,1268,0.00809377627554303,0.012479921777837702
rf,5,1269,-0.10780407292536133,-0.03476666663208833
rf,5,1270,-0.03162955400443235,0.02027015064496447
rf,5,1271,-0.021035129557858995,0.08134212173244085
rf,5,1272,0.011669141530981184,0.14411604158087235
rf,5,1273,0.14095487280445348,0.1551194896719607
rf,5,1274,0.0883978570938761,0.0883978570938761
rf,5,1275,-0.0755058851451841,0.03613716546553583
rf,5,1276,-0.05251741935675912,0.1373755698058816
rf,5,1277,0.0145021320246468,0.0145021320246468
rf,5,1278,-0.016931996333304333,0.07058817582713606
rf,5,1279,0.0172841982840565,0.09211948950929738
rf,5,1280,0.006562220316448972,0.04911033045863178
rf,5,1281,0.10034375109709695,0.11575916683554938
rf,5,1282,-0.10884570938334007,0.030105328648240393
rf,5,1283,-0.03923712283986209,-0.009682307416457273
rf,5,1284,-0.005475484266784597,0.038585815859511485
rf,5,1285,-0.048580703059457296,0.013210290441426381
rf,5,1286,-0.02439679595815486,0.015699162500997024
rf,5,1287,-0.0030569772624860353,-0.0030569772624860353
rf,5,1288,-0.001455014963771456,0.08095867272002794
rf,5,1289,-0.03494028739732091,-0.0017651226356028699
rf,5,1290,-0.09988866774609406,0.05278694877769258
rf,5,1291,0.021641755747486266,0.16604963684023027
rf,5,1292,0.07530503706374672,0.10162345613476476
rf,5,1293,-0.10588701261525255,-0.010300866436917827
rf,5,1294,-0.00621228022098419,0.07828085550205582
rf,5,1295,0.08803245529713213,0.16066080859961113
rf,5,1296,0.012760546847086149,0.11720710091343062
rf,5,1297,0.08203001264397897,0.08203001264397897
rf,5,1298,-0.052208115396878994,0.029313444466911198
rf,5,1299,0.013532378344158144,0.021240869772362378
rf,5,1300,-0.0026682640031207155,0.03632407847363284
rf,5,1301,0.061241355813383413,0.08344994093306651
rf,5,1302,-0.01767761989405295,0.005691465327206241
rf,5,1303,0.05904783692312235,0.12222349794184112
rf,5,1304,0.003323861893640978,0.16832049026157186
rf,5,1305,0.04054911436441064,0.06318869785589204
rf,5,1306,-0.05628298254272746,0.03592972517786161
rf,5,1307,-0.03085835675697253,0.007159399290071339
rf,5,1308,-0.006722112751476841,0.15479264806535525
rf,5,1309,-0.04713078331251968,-0.004386345451426507
rf,5,1310,0.012240807093961928,0.012240807093961928
rf,5,1311,-0.03140138167665814,0.01962040190290472
rf,5,1312,-0.06838574517378697,-0.04607785177996835
rf,5,1313,-0.14667727152829002,-0.0700771053617325
rf,5,1314,0.09525515990040401,0.13306964196383467
rf,5,1315,0.06452691486948964,0.07502427977905524
rf,5,1316,-0.028327606168990493,-0.01990577681151552
rf,5,1317,0.0035312248917966776,0.028548476966835545
rf,5,1318,-0.029641346726420298,0.044078535055587814
rf,5,1319,-0.013841685892546099,0.03236157204721091
rf,5,1320,-0.15115619640859337,0.16248774516473236
rf,5,1321,-0.024503024184812053,-0.002621111488531197
rf,5,1322,0.0654637882833842,0.1585867388528946
rf,5,1323,0.009932592368648518,0.009932592368648518
rf,5,1324,-0.05500785074586562,-0.05500785074586562
rf,5,1325,0.07313564838880093,0.13025549910572898
rf,5,1326,0.03714191131625813,0.13321429987486616
rf,5,1327,-0.06976636551656434,0.0375464116953331
rf,5,1328,-0.20064105358608433,-0.029119684443712213
rf,5,1329,-0.0803039244789225,0.08309028763372264
rf,5,1330,0.02246156186571663,0.1062499653002395
rf,5,1331,-0.047041216815570205,-0.015977200322270305
rf,5,1332,0.1243406254985413,0.1243406254985413
rf,5,1333,-0.0018358850215356576,0.004280208816559675
rf,5,1334,-0.04103508924643786,0.044942301562853865
rf,5,1335,0.05714276460227327,0.05714276460227327
rf,5,1336,-0.032953154800816106,-0.01847074605929877
rf,5,1337,0.0024389678507984736,0.07382653543144516
rf,5,1338,-0.00581013134426564,0.03710086209249108
rf,5,1339,-0.0660584638406976,-0.0660584638406976
rf,5,1340,0.0655887840964822,0.0758129835663636
rf,5,1341,0.02820159335091388,0.0877198615560277
rf,5,1342,-0.0016948813561850629,0.04814047159275586
rf,5,1343,0.039732890432971096,0.05618034992112517
rf,5,1344,-0.04873193956822655,0.018351092812600167
rf,5,1345,0.050877495337269124,0.1085728983946404
rf,5,1346,0.0053738939571776195,0.01150799286278198
rf,5,1347,0.017994793202612297,0.14150475930373496
rf,5,1348,-0.0038802026075946405,0.07133028326318241
rf,5,1349,0.03966739681648129,0.11406269216480619
rf,5,1350,-0.05225119541461441,0.05778421465103681
rf,5,1351,0.015138612564983694,0.08712231492240577
rf,5,1352,0.17995187170863342,0.19952845236337663
rf,5,1353,-0.05380767574566086,0.058136499481059895
rf,5,1354,0.061456560771589314,0.145783630261027
rf,5,1355,0.07660853858370481,0.08583772943323861
rf,5,1356,-0.0751311912252126,0.13225086377653092
rf,5,1357,-0.029416764966313916,0.0851765213600105
rf,5,1358,0.0064148662536503,0.08612814729418586
rf,5,1359,-0.11991603648646708,0.12880096100562552
rf,5,1360,-0.04997932465826918,0.05336746224960198
rf,5,1361,0.21151852532684334,0.23110609348875127
rf,5,1362,-0.05177541011154829,0.009438283372723233
rf,5,1363,0.09704696530861234,0.1378480885805509
rf,5,1364,0.020209786251676368,0.0658462513984314
rf,5,1365,0.05500274287305648,0.11613563643238084
rf,5,1366,-0.08529851173862976,0.12010033505772205
rf,5,1367,-0.06700222498174294,0.0472283896642689
rf,5,1368,-0.019823650319324898,0.04590483902374293
rf,5,1369,0.007746197478756489,0.08305329024027278
rf,5,1370,0.12662691729540831,0.17306934691915504
rf,5,1371,0.04773699990130639,0.1435093892083092
rf,5,1372,-0.03002517651016856,0.03548428520600605
rf,5,1373,0.030182037509229626,0.12480730429971834
rf,5,1374,-0.0734612777040842,0.11165562591360764
rf,5,1375,-0.06534839070333216,-0.021668643188827025
rf,5,1376,-0.018339011941659267,-0.015056441556618783
rf,5,1377,-0.08022951837160305,0.017827856073162937
rf,5,1378,0.035957984425235595,0.13928027144461175
rf,5,1379,-0.049025689177596955,0.044559694199773014
rf,5,1380,0.0016555010325228492,0.06251338084174604
rf,5,1381,-0.019390653731783544,0.018620831877186383
rf,5,1382,-0.044775664073888014,-0.038205023550513806
rf,5,1383,-0.011636873971735087,0.09312044935508282
rf,5,1384,0.010694659740827436,0.03869295338228945
rf,5,1385,-0.04745998490759234,0.07615399464288267
rf,5,1386,-0.05102114510718722,-0.000492989303875549
rf,5,1387,-0.0786369827990986,0.13379328377020028
rf,5,1388,-0.03822468364772614,0.011119445211584408
rf,5,1389,0.07146186568806057,0.07146186568806057
rf,5,1390,-0.06924284401386187,0.13584828064419913
rf,5,1391,0.0076392431712911935,0.1528435151910008
rf,5,1392,-0.007635200684393897,0.03959329500622635
rf,5,1393,-0.07479871579348424,0.06950685348267976
rf,5,1394,-0.015921856890874997,0.057322705411506525
rf,5,1395,0.005469295728797355,0.1412775015067751
rf,5,1396,-0.004899210261854622,0.13512375366875637
rf,5,1397,0.07092432140138685,0.09683715598001885
rf,5,1398,0.013949014613517025,0.0493333709197252
rf,5,1399,-0.01181456210817737,0.0816216426866789
rf,5,1400,-0.1362571249242543,0.10095150374686115
rf,5,1401,0.13332947677281634,0.14552510162673882
rf,5,1402,-0.09770041235326196,0.057179158609693664
rf,5,1403,-0.0908538188040119,0.07298850688266187
rf,5,1404,0.08525865197151164,0.11152332549225846
rf,5,1405,0.001269752354530168,0.07672522741268809
rf,5,1406,0.12913201637836538,0.13399869659488547
rf,5,1407,0.03406216103030013,0.03406216103030013
rf,5,1408,-0.023298104100436076,0.14105534344864834
rf,5,1409,0.143147556528632,0.143147556528632
rf,5,1410,0.020808179438889254,0.050172781460919774
rf,5,1411,-0.09958272160621473,-0.0322659886686041
rf,5,1412,-0.026261083551002803,0.05459818124770763
rf,5,1413,0.04864247312288564,0.06705858348807867
rf,5,1414,0.0744876040408119,0.0744876040408119
rf,5,1415,0.029990573061519588,0.049949135778295406
rf,5,1416,0.046450823790990026,0.046450823790990026
rf,5,1417,0.023964557312197557,0.05468532852146038
rf,5,1418,-0.014146923367481898,0.12556890913405652
rf,5,1419,0.00459091459688285,0.07607763706929799
rf,5,1420,0.056868204961164265,0.07795004260476601
rf,5,1421,0.03650091022679616,0.0642206635305457
rf,5,1422,0.036534102198386764,0.12958691938585643
rf,5,1423,0.085914509361314,0.12199145609451262
rf,5,1424,0.01237837849909762,0.08757793269033368
rf,5,1425,0.11449664108661392,0.11449664108661392
rf,5,1426,0.13750441925989157,0.17975787924963282
rf,5,1427,-0.10053920378990287,-0.033026300428954145
rf,5,1428,-0.07634302804374414,0.12100691921246476
rf,5,1429,-0.03213191341157488,0.1286491265936548
rf,5,1430,-0.01570079966878607,-0.0007517061758137988
rf,5,1431,0.03197496447015841,0.15736860104954153
rf,5,1432,0.054204926885173754,0.1518423328053098
rf,5,1433,0.05324878621257911,0.05324878621257911
rf,5,1434,-0.07788495475604273,0.04294991763112058
rf,5,1435,-0.026692752191732325,0.09198728768667991
rf,5,1436,0.08980793843337864,0.09045131215427538
rf,5,1437,-0.13263895317723454,-0.04465629157933301
rf,5,1438,-0.0115781782965175,0.06235042010276873
rf,5,1439,-0.030455137606069688,0.0720879484856746
rf,5,1440,0.1034086128862213,0.1034086128862213
rf,5,1441,-0.0036439541665466563,0.11319631891666815
rf,5,1442,-0.039602319151770496,0.09985837257964844
rf,5,1443,0.04541935600643951,0.04541935600643951
rf,5,1444,0.05579741149600348,0.060471272585956526
rf,5,1445,0.01963368371856883,0.08080332714183971
rf,5,1446,-0.10061592469116064,0.10783749690144548
rf,5,1447,0.009275533391212912,0.1688031256629478
rf,5,1448,-0.2228430042153366,0.09327558208549305
rf,5,1449,-0.08524598588986615,-0.00855613094941457
rf,5,1450,0.019323153909101387,0.03915227264004026
rf,5,1451,-0.035792580041921374,0.0646858484177964
rf,5,1452,0.005899686518652886,0.08489542256189736
rf,5,1453,-0.062070461269438146,0.08074226156734343
rf,5,1454,0.010262231910027217,0.07403053179256228
rf,5,1455,0.06311700693378927,0.1943042371513215
rf,5,1456,0.05939766568081267,0.170839011089709
rf,5,1457,0.08527283549950732,0.08527283549950732
rf,5,1458,-0.18034548120013139,-0.0008002357118290088
rf,5,1459,-0.037873369802318896,0.03854421238391942
rf,5,1460,0.04122166928799445,0.04122166928799445
rf,5,1461,-0.03939593979679778,0.09980584465284636
rf,5,1462,0.0467595530350437,0.10833757632309474
rf,5,1463,0.08763100319613279,0.09612089738036433
rf,5,1464,0.018504729764274933,0.03477283774008205
rf,5,1465,0.02232536663495792,0.08123582619939468
rf,5,1466,-0.003944011721054921,0.09208941283666397
rf,5,1467,0.09889295331088219,0.1344566216001958
rf,5,1468,-0.0702108358303588,0.06849350682586267
rf,5,1469,0.10796939330920449,0.12810445638036028
rf,5,1470,-0.040769483690543805,0.0639720284582459
rf,5,1471,-0.08023449321707579,0.044659716768608054
rf,5,1472,0.04133546277634434,0.15219337879579997
rf,5,1473,-0.1265798547738864,0.028514944635626788
rf,5,1474,-0.04090907781288454,-0.01912234446123813
rf,5,1475,-0.00029844265368896006,0.12233503658615269
rf,5,1476,-0.00887063415285895,0.032489399869997104
rf,5,1477,-0.10403906568372766,0.06302749726650705
rf,5,1478,0.009782936729012107,0.07089616069371496
rf,5,1479,0.054258702691705823,0.10634772097935374
rf,5,1480,0.006032584182532483,0.0418768382165238
rf,5,1481,-0.07450369906356841,0.013889591118968203
rf,5,1482,0.09351019516254971,0.11881942358175065
rf,5,1483,0.07313840754961035,0.08041205807323698
rf,5,1484,-0.0004963585766302736,0.16522725136547095
rf,5,1485,-0.16179392515144658,0.015071443448245764
rf,5,1486,-0.02875134805604411,0.10165494896201052
rf,5,1487,-0.07251394096388858,0.08124532234082704
rf,5,1488,-0.03324496715133218,0.008971417363639447
rf,5,1489,0.11493921854952338,0.11493921854952338
rf,5,1490,-0.023055205333065,0.014099410990386863
rf,5,1491,-0.037792567276193345,0.0017802477084747498
rf,5,1492,-0.021249198933725497,0.10899288883450062
rf,5,1493,-0.05465823953257123,-0.01767834960704795
rf,5,1494,0.013684990295454252,0.038056782274988876
rf,5,1495,0.11951348780860957,0.19090568486858495
rf,5,1496,-0.039377038369581695,-0.004835874090730746
rf,5,1497,-0.005017069835141469,0.041816081402804656
rf,5,1498,-0.009111763192724429,0.023843812386452404
rf,5,1499,-0.08123057506388645,-0.003314556318988457
rf,5,1500,-0.05971249576816468,0.1779030599285676
rf,5,1501,0.05069552591931928,0.06161196693584528
rf,5,1502,0.01593030525540509,0.08954557388797849
rf,5,1503,0.048858898643087706,0.048858898643087706
rf,5,1504,-0.03048998300731383,0.03011033638557062
rf,5,1505,-0.01674815326779823,0.04419875673405921
rf,5,1506,-0.015148797633870129,-0.014269970275664401
rf,5,1507,-0.0941546289869494,0.07940797792878132
rf,5,1508,-0.07847576468715017,0.015974698454458022
rf,5,1509,-0.22367507721389834,0.040166573562188224
rf,5,1510,-0.05770890085185082,-0.009643343504958352
rf,5,1511,-0.05224011990100121,0.12420769413667818
rf,5,1512,-0.008419886944498148,0.1648769138663379
rf,5,1513,-0.03974118389119904,0.055296155949643294
rf,5,1514,0.04638979325558018,0.11474841229177923
rf,5,1515,0.07679381740124444,0.12511442134678072
rf,5,1516,0.060188222781520306,0.08414984416582211
rf,5,1517,-3.641017442033989e-05,0.06493136680228043
rf,5,1518,-0.10679091236232789,0.018580180323011147
rf,5,1519,-0.022287004309212724,0.010645968258624683
rf,5,1520,-0.026657170227882443,0.030661581825681655
rf,5,1521,-0.03881977899125976,0.033739364700301006
rf,5,1522,-0.04511378457647257,0.04212970153862444
rf,5,1523,0.07357936996931566,0.07357936996931566
rf,5,1524,0.018751613820589555,0.07523266386237118
rf,5,1525,-0.025436980900450018,0.01689649845211133
rf,5,1526,-0.012546160112925739,-0.006611655439923758
rf,5,1527,-0.022437769349828898,0.032849816809505494
rf,5,1528,0.0017963728386052175,0.017013961376047437
rf,5,1529,0.07205680549775845,0.07205680549775845
rf,5,1530,0.011442819240403565,0.011504614146043854
rf,5,1531,0.1289889827827343,0.1289889827827343
rf,5,1532,-0.06589806776697145,0.022672621019674835
rf,5,1533,0.10870089670695782,0.10870089670695782
rf,5,1534,0.15828990248151464,0.16785409450231414
rf,5,1535,0.044843016869423796,0.1530243983547206
rf,5,1536,-0.02043474942505387,0.011246778443520941
rf,5,1537,-0.05823003942370669,0.05480073495641491
rf,5,1538,-0.12719468416869134,-0.044291525630859495
rf,5,1539,0.12967123323502092,0.20386082351139245
rf,5,1540,0.04107087750686622,0.046364757628006265
rf,5,1541,0.00028350319693851156,0.11737668723723574
rf,5,1542,-0.10984853590290106,0.0651891912414963
rf,5,1543,0.010608776345647108,0.02209587281605592
rf,5,1544,-0.04695798960344752,0.08079406251271642
rf,5,1545,0.03707706426886992,0.15451768354908407
rf,5,1546,0.002350579976784631,0.06783437763594832
rf,5,1547,-0.034510776585058064,0.04513502659218743
rf,5,1548,0.0022365674761579968,0.060248254132698825
rf,5,1549,0.10198795891303666,0.1146651195115054
rf,5,1550,0.01511365046084999,0.06693283563357658
rf,5,1551,0.045585952074631814,0.045585952074631814
rf,5,1552,-0.12934077198066354,-0.005712837776811225
rf,5,1553,-0.019656969200530713,0.03895998457980768
rf,5,1554,-0.001211365652933713,0.060963358907321075
rf,5,1555,-0.07673502477780306,0.009592985526312992
rf,5,1556,0.062496196357110734,0.14407033053665086
rf,5,1557,-0.0284093688056994,0.19937590927876542
rf,5,1558,0.044988052237286025,0.044988052237286025
rf,5,1559,0.0070133411246497,0.17805789463006505
rf,5,1560,0.0032542703244611976,0.08362039591699044
rf,5,1561,-0.00802070399251191,0.012067661375125771
rf,5,1562,0.04082124014713584,0.06998801583747397
rf,5,1563,0.006921743977102032,0.07652147247297711
rf,5,1564,0.01776460839981507,0.03319325441956725
rf,5,1565,0.04733043697651651,0.04733043697651651
rf,5,1566,-0.046625819261974316,0.015459780651256194
rf,5,1567,0.04475918311343821,0.04578442971219046
rf,5,1568,-0.0670177136936087,0.025526097145482374
rf,5,1569,-0.055759805849160037,0.08804297282306575
rf,5,1570,-0.09587612272705752,-0.0014910249371283685
rf,5,1571,-0.031173850397091335,0.0313720584738274
rf,5,1572,-0.019782329169753185,0.105696186206828
rf,5,1573,0.019331331357269124,0.029347635535207084
rf,5,1574,-0.014868073129092108,-0.014868073129092108
rf,5,1575,-0.06375121854327298,0.18566120780739426
rf,5,1576,0.10016134530075457,0.10016134530075457
rf,5,1577,-0.02974050357370278,0.017069935308196296
rf,5,1578,0.0010928767986236876,0.048451172772131984
rf,5,1579,0.147704174539702,0.15412879587589928
rf,5,1580,-0.04681955228125735,0.031850648749467386
rf,5,1581,-0.0024347107821315883,0.09742652262020093
rf,5,1582,-0.08677705504018426,0.016357114344463825
rf,5,1583,-0.10074420815553659,-0.0452866223810909
rf,5,1584,-0.0771825526692718,0.07067807408377119
rf,5,1585,0.018660282614729767,0.04555697638002651
rf,5,1586,-0.06459371999127492,0.025120752221972797
rf,5,1587,0.0290879619847578,0.05802400473756161
rf,5,1588,0.015200978552300917,0.05616592599999107
rf,5,1589,-0.00017467262842178755,0.05711412356463144
rf,5,1590,0.02290140623973519,0.07273952804419132
rf,5,1591,-0.057405938104484105,0.1026942142218126
rf,5,1592,0.0184236265873957,0.06169045946705129
rf,5,1593,0.07538282082509798,0.2011393853541098
rf,5,1594,-0.035301455331776865,0.0895535352086286
rf,5,1595,0.01164619116805432,0.06544753989906238
rf,5,1596,0.08553856052034095,0.129454119642798
rf,5,1597,-0.06627232343102532,-0.027581985534392436
rf,5,1598,0.09177770124094731,0.09887866268019024
rf,5,1599,0.10411179542349239,0.10411179542349239
rf,5,1600,0.08756403572119817,0.08756403572119817
rf,5,1601,0.020576934340477526,0.11875283717934909
rf,5,1602,-0.021489321968824582,0.04319324797587601
rf,5,1603,0.026703341982789147,0.08969706403569247
rf,5,1604,0.008665441514503672,0.05935790261846971
rf,5,1605,0.029247220103972654,0.06065001136574705
rf,5,1606,-0.06335637540490285,-0.003430963047763705
rf,5,1607,0.07796818628902275,0.1317645752929042
rf,5,1608,0.10378420058967691,0.14458866823078334
rf,5,1609,3.0752681143067506e-05,0.03746244076464891
rf,5,1610,-0.03150987196627475,0.10512836198531239
rf,5,1611,-0.02956147208067729,0.09508094889410051
rf,5,1612,-0.009849356606604506,0.008093996342397283
rf,5,1613,-0.0333803011761816,0.09208221125932858
rf,5,1614,0.049855664943717515,0.13292298775251632
rf,5,1615,0.07338462253687869,0.11752625774722061
rf,5,1616,0.02627626137928446,0.02627626137928446
rf,5,1617,-0.12961387226514948,-0.024253390227611096
rf,5,1618,-0.03803387301615039,-0.03803387301615039
rf,5,1619,0.08332813140791187,0.20756701958999968
rf,5,1620,0.057041322904170993,0.057041322904170993
rf,5,1621,-0.10852007743431638,0.0790057667229685
rf,5,1622,-0.0039937783812765,0.058790397858760335
rf,5,1623,0.044901113768248735,0.09739933537866768
rf,5,1624,0.0903359681594105,0.0903359681594105
rf,5,1625,0.10522003467889798,0.10994787696641514
rf,5,1626,0.022576710521033175,0.055593379712996716
rf,5,1627,0.12369645458332315,0.12369645458332315
rf,5,1628,0.02332101185595463,0.025309219470558197
rf,5,1629,0.1004948638012799,0.1732972487674232
rf,5,1630,-0.08079552705787743,0.006658996937679892
rf,5,1631,-0.015287879162257198,0.0006376181751939908
rf,5,1632,0.051978396395840565,0.05473080583103801
rf,5,1633,-0.002290464883152196,0.006094875603941244
rf,5,1634,-0.0066921341810746715,0.00042724432239620025
rf,5,1635,-0.04165346854268223,0.034624370225502105
rf,5,1636,0.0314359050541681,0.04391873267387797
rf,5,1637,-0.04149585908626522,0.08740589069042573
rf,5,1638,-0.0007531074723440417,0.1231879231157193
rf,5,1639,0.04234477392323796,0.05117734164559226
rf,5,1640,-0.03355792064501337,-0.021209855394639654
rf,5,1641,-0.06881404144573228,0.041240384465914465
rf,5,1642,-0.078901046484259,-0.023899623584874463
rf,5,1643,0.061094862241137166,0.0751423327714571
rf,5,1644,0.0631032180479136,0.11883608190515926
rf,5,1645,-0.06190392828179665,0.027485585058724005
rf,5,1646,0.00020550744365438467,0.12091473422307333
rf,5,1647,-0.07345532064702914,0.009407381915982865
rf,5,1648,-0.016525040904769472,0.0416770516258482
rf,5,1649,0.06848881386475653,0.09942930563685898
rf,5,1650,-0.07912927685212241,0.005937581015960258
rf,5,1651,-0.11126001484404155,-0.0021982469892212475
rf,5,1652,0.0405724282991253,0.16493226750831608
rf,5,1653,-0.006763815199371387,0.03149402436696119
rf,5,1654,0.003972304360184961,0.019712619159644923
rf,5,1655,0.07226141690452209,0.07226141690452209
rf,5,1656,0.05024575189184369,0.14564101034875357
rf,5,1657,0.04955053685087582,0.0614458290384326
rf,5,1658,0.08274704654396792,0.15896521321967944
rf,5,1659,0.055841932880390854,0.06534759560380102
rf,5,1660,0.03558475581559506,0.07509166911992199
rf,5,1661,0.03764585901265485,0.0674351866694946
rf,5,1662,0.04964511714473602,0.07187775311966149
rf,5,1663,0.09680573003965395,0.09680573003965395
rf,5,1664,0.015841188166548656,0.06973926809873551
rf,5,1665,0.05175415073989437,0.11873750922696363
rf,5,1666,0.10245504693364374,0.10981485813889727
rf,5,1667,-0.12047140941107672,0.03264179043978091
rf,5,1668,0.069740913981027,0.09995639836030029
rf,5,1669,-0.017769115505034752,0.03047241210406379
rf,5,1670,0.07651321815209744,0.07651321815209744
rf,5,1671,-0.005260869237594695,0.05184969080855262
rf,5,1672,0.04228026152138645,0.04228026152138645
rf,5,1673,0.08314879635037253,0.14339357199200903
rf,5,1674,0.03240521209512523,0.04588812663660652
rf,5,1675,-0.08245135554128649,0.03419732441205259
rf,5,1676,-0.01780542566387991,0.14722999077839977
rf,5,1677,0.029708149104736348,0.029708149104736348
rf,5,1678,0.05484645578726288,0.2525435792346991
rf,5,1679,0.052703960773387404,0.09188950767206586
rf,5,1680,0.04229753946055981,0.04615551967380013
rf,5,1681,0.03012982094666447,0.07532910569940082
rf,5,1682,0.011596896135499302,0.1683654565893447
rf,5,1683,-0.015927210679305914,0.029654449793382165
rf,5,1684,-0.014648498569015442,-0.011251438510000752
rf,5,1685,0.027080850590095518,0.04224560136329811
rf,5,1686,0.021667988456189766,0.024335799952202364
rf,5,1687,0.03169426134477632,0.038172408633647875
rf,5,1688,0.01380723603847854,0.050429971641194976
rf,5,1689,0.0706692438507096,0.08443795610776736
rf,5,1690,-0.0016930959537396206,0.09115992251598945
rf,5,1691,-0.038332840922189186,0.008444628893314723
rf,5,1692,-0.08377646989023585,-0.014848988482757286
rf,5,1693,-0.03246257489179885,0.004926073510203341
rf,5,1694,-0.006442152069828691,0.08973329705010127
rf,5,1695,-0.0388095504198348,-0.006241468742129247
rf,5,1696,0.0039830077270113645,0.15390366498461278
rf,5,1697,0.021544025603770903,0.021544025603770903
rf,5,1698,0.08314941926500427,0.09314368773821019
rf,5,1699,-0.004520450070395032,0.06922892197655292
rf,5,1700,-0.10028123618069273,0.04590728007268846
rf,5,1701,-0.01466907920550864,0.012544505081606858
rf,5,1702,0.032440229648673824,0.032440229648673824
rf,5,1703,-0.06090489456844216,0.10143683962530667
rf,5,1704,0.08834100854476998,0.1912821132086736
rf,5,1705,0.05098300259427313,0.05257831447954994
rf,5,1706,0.09726832936523705,0.09726832936523705
rf,5,1707,-0.0952083927341816,-0.03297888964918347
rf,5,1708,0.005447948495648419,0.01381032830100444
rf,5,1709,-0.07980118381484239,0.040489997267374706
rf,5,1710,-0.12189905858354409,-0.06094267400031589
rf,5,1711,0.03126770684309027,0.03126770684309027
rf,5,1712,-0.022224299717306037,0.04835440811741121
rf,5,1713,0.1158411769473213,0.11940477046984549
rf,5,1714,-0.03785763556282272,0.026720478019131078
rf,5,1715,-0.05875582817191697,0.2789007794123242
rf,5,1716,0.1320666310173982,0.18313240887839882
rf,5,1717,-0.10459786130121734,0.026498537342851874
rf,5,1718,-0.06061482032889155,0.11073869565723413
rf,5,1719,0.03547865221563387,0.07373700166561878
rf,5,1720,0.030953643530852337,0.030953643530852337
rf,5,1721,-0.14643777847580186,0.12414982167502467
rf,5,1722,-0.10246278118215105,0.014142117036885879
rf,5,1723,0.04313264714446238,0.21239729858285522
rf,5,1724,-0.05910110958785205,0.11009085996595513
rf,5,1725,-0.09912671950707971,0.08710717493980483
rf,5,1726,0.02350917719552824,0.11560027174150808
rf,5,1727,0.03229772558255556,0.0644707542430984
rf,5,1728,0.02860933494955259,0.03628409978179531
rf,5,1729,-0.045431046234698076,0.013368036997523855
rf,5,1730,-0.10833948467217552,0.08114077142828438
rf,5,1731,-0.13933896115899308,0.09233472676739776
rf,5,1732,0.04719493097519781,0.11584857974694074
rf,5,1733,0.02288438665160089,0.08791027448415586
rf,5,1734,-0.06285185265821545,0.10346076403580765
rf,5,1735,0.04703365215394448,0.0777452994962767
rf,5,1736,0.05976116771826728,0.0770989995984003
rf,5,1737,-0.02827280698148843,0.04966653257298442
rf,5,1738,0.06821588558147726,0.07091054455416818
rf,5,1739,0.07816075562747551,0.07816075562747551
rf,5,1740,-0.07001142088081014,0.025736970716531915
rf,5,1741,-0.0019804322823608334,0.014932823884264854
rf,5,1742,0.04326274173981004,0.12989469637957055
rf,5,1743,0.019047537310395088,0.04491317254490493
rf,5,1744,0.03943215117755186,0.21882616219950896
rf,5,1745,0.05279420146597186,0.06542407923182927
rf,5,1746,-0.11506207039471149,0.010399973521788508
rf,5,1747,-0.021998711898906773,0.005402274771291113
rf,5,1748,-0.017408316145311922,0.1401897864852091
rf,5,1749,0.08152246558757589,0.19936088408542413
rf,5,1750,0.18292715332848553,0.20093462657454508
rf,5,1751,0.07647106748080162,0.08272536789954538
rf,5,1752,-0.06953186501260904,0.04023817624096873
rf,5,1753,0.10946659432590466,0.10946659432590466
rf,5,1754,0.03170268222759537,0.12932075652957772
rf,5,1755,0.061113680276708465,0.0720058470960499
rf,5,1756,0.03895872314788973,0.0639342004894059
rf,5,1757,-0.016672677755122448,0.1110058264279494
rf,5,1758,-0.05107495598089248,0.0009485659775411298
rf,5,1759,0.01515701581321914,0.1387955225284859
rf,5,1760,-0.045001015933216544,0.05572608123121403
rf,5,1761,0.02527581598138265,0.028771016634796254
rf,5,1762,-0.05750876915098752,0.03178071570598309
rf,5,1763,-0.02258069300146119,0.033909167151499525
rf,5,1764,-0.04846680446845009,0.05219867486372676
rf,5,1765,0.067640658318429,0.08167344444998292
rf,5,1766,-0.05679991644102605,0.20869618905075593
rf,5,1767,0.03728210271590812,0.051310217487042925
rf,5,1768,-0.008125255771917764,-0.008125255771917764
rf,5,1769,0.08580644905528373,0.11981048577205985
rf,5,1770,0.04351911065622613,0.07081011854685612
rf,5,1771,-0.00565179269695458,0.010107866774455451
rf,5,1772,0.07283111659610708,0.10384466560440639
rf,5,1773,-0.06528414701940763,0.06840710127147848
rf,5,1774,-0.058620093219786,-0.05304881301978756
rf,5,1775,0.07499420969495527,0.07499420969495527
rf,5,1776,0.14929442262267964,0.14929442262267964
rf,5,1777,0.03042700745316118,0.12991432195735259
rf,5,1778,0.03349557614066129,0.08747437772717473
rf,5,1779,-0.025295169085711028,0.009559679762998027
rf,5,1780,0.03934450641669279,0.09280440675279197
rf,5,1781,0.030448293974331825,0.040170782758509216
rf,5,1782,0.00650886143405445,0.041063583828909705
rf,5,1783,0.033323426488255564,0.033323426488255564
rf,5,1784,-0.07089940076721028,0.05973095231546932
rf,5,1785,0.006279446380461864,0.14287441841558793
rf,5,1786,0.0683919080892158,0.0683919080892158
rf,5,1787,-0.008620995049741162,0.04113386562418617
rf,5,1788,0.032880157243930064,0.06759061141949535
rf,5,1789,0.00412331740474535,0.043394476739840177
rf,5,1790,0.03345079686822036,0.08205270385154548
rf,5,1791,-0.015537176541342235,0.03328395607876217
rf,5,1792,-0.08568777632700983,0.0005948160944945491
rf,5,1793,0.00917947363941668,0.0840941711130182
rf,5,1794,0.06322703551582814,0.06322703551582814
rf,5,1795,-0.02480214287417637,-0.0034371741596629646
rf,5,1796,-0.024116379571969243,0.019108921879724197
rf,5,1797,-0.09142396567244128,0.11941279029397875
rf,5,1798,0.044067066030695906,0.12080277931988917
rf,5,1799,0.03994749684132495,0.1983928150047523
rf,5,1800,-0.07838346011960498,0.10338725897821485
rf,5,1801,-0.015554372082670312,0.015878165161629765
rf,5,1802,-0.0764330654247585,-0.041410331864926146
rf,5,1803,-0.03765601107026616,-0.01244763699045616
rf,5,1804,0.038651576905645385,0.07877737956961384
rf,5,1805,-0.016133771057919924,0.054206632455021775
rf,5,1806,-0.09622285107821717,0.03780231704497103
rf,5,1807,-0.005145989856764274,0.058749577658333496
rf,5,1808,-0.04510512338402149,0.10425517506218626
rf,5,1809,-0.010970689189625363,0.02268561070456107
rf,5,1810,-0.014561844981023753,0.045265558400727046
rf,5,1811,0.03938234037176508,0.04368832732264327
rf,5,1812,-0.09890003528431618,0.13782482548784195
rf,5,1813,0.0012637518090567734,0.03789267843960428
rf,5,1814,-0.009242900526563957,0.02288597842549142
rf,5,1815,0.029807416756536587,0.04325308537472827
rf,5,1816,0.03254096603092771,0.09992070548706938
rf,5,1817,0.0163049732764306,0.08885529046680518
rf,5,1818,-0.06706904634959474,-0.014402222610644153
rf,5,1819,0.02115943970880574,0.022712136717200335
rf,5,1820,-0.07481039536302445,-0.045003611632252666
rf,5,1821,0.03444124067528179,0.0868571867377812
rf,5,1822,-0.0743520350362325,-0.02139867143926169
rf,5,1823,-0.0025645899082413354,0.04462994567585324
rf,5,1824,-0.1029840076128352,0.06665582268263032
rf,5,1825,-0.020879815660550277,0.031549927217507795
rf,5,1826,0.03674353975723685,0.10924620494200227
rf,5,1827,0.03861959500857226,0.07835752156577705
rf,5,1828,0.020446359612031922,0.04797614287870425
rf,5,1829,-0.08748568320167609,0.012897050280255964
rf,5,1830,-0.07562345915984092,0.09585070305524163
rf,5,1831,0.12503666273400568,0.12503666273400568
rf,5,1832,0.09662496493530764,0.1352849834954045
rf,5,1833,-0.012437956716042683,0.10009969138960376
rf,5,1834,-0.038576467785938505,0.06769327534574679
rf,5,1835,-0.011135368098294712,0.0015576339517721083
rf,5,1836,-0.0011199825941057562,0.03450714639318153
rf,5,1837,0.12244831931591096,0.22209193544221517
rf,5,1838,-0.0036958231935047825,0.008405356515502505
rf,5,1839,0.008981037865939845,0.05789159787012674
rf,5,1840,-0.04534567299594314,0.13461547933106086
rf,5,1841,0.06592505950924604,0.06592505950924604
rf,5,1842,0.02069729884485716,0.049158378454406654
rf,5,1843,-0.08368610541838711,0.17768194444404722
rf,5,1844,-0.005695701890587795,0.0820933537010077
rf,5,1845,-0.05146757671397094,0.021956647517327427
rf,5,1846,0.008565717349170193,0.008565717349170193
rf,5,1847,0.05036078079805245,0.058404177523110695
rf,5,1848,0.0022869797886760357,0.0698910176450857
rf,5,1849,-0.026330175630206426,-0.026330175630206426
rf,5,1850,0.05116483764817803,0.07746089315005422
rf,5,1851,0.015702138551797085,0.015702138551797085
rf,5,1852,0.02651479854416408,0.062339901151541754
rf,5,1853,-0.1114820781734887,0.008912919671378305
rf,5,1854,-0.03325822140020755,0.10777207266522568
rf,5,1855,-0.05912853257759334,-0.010278991092017367
rf,5,1856,0.0038037063355990386,0.031063942406727302
rf,5,1857,0.01371490304927811,0.09075691649728185
rf,5,1858,-0.02745885026628518,0.013470512519986946
rf,5,1859,-0.0468047738617611,0.04921144322935156
rf,5,1860,0.02590859368968626,0.02666445600036685
rf,5,1861,-0.06725836832621247,-0.04274496820460913
rf,5,1862,0.017708053919351444,0.024407689091877877
rf,5,1863,-0.028302425693364913,0.010547458998783163
rf,5,1864,-0.026132739986207618,0.09242139766938387
rf,5,1865,0.10483638074355214,0.10483638074355214
rf,5,1866,0.01522284847953316,0.07082864248525003
rf,5,1867,-0.01847914360339785,0.10015441783680867
rf,5,1868,-0.060361509530783695,0.0074936160593298135
rf,5,1869,0.027251901717556426,0.027251901717556426
rf,5,1870,0.03634117443002016,0.11946617242243865
rf,5,1871,-0.0019274859412839185,0.059777387738630144
rf,5,1872,-0.019785798235428226,0.11014036421046969
rf,5,1873,-0.022935388431464407,-0.011407755204959028
rf,5,1874,-0.11530357523305852,-0.010437280403634078
rf,5,1875,-0.05104606706478067,-0.03163841724746451
rf,5,1876,-0.15886859041869303,0.10218833048477005
rf,5,1877,-0.08656033382947322,0.08067226848642656
rf,5,1878,-0.011468301776359935,0.1360633248049192
rf,5,1879,0.032120674934234816,0.032120674934234816
rf,5,1880,-0.0037180649221500717,0.06545044076478426
rf,5,1881,0.10660643721824006,0.13131225946711447
rf,5,1882,-0.0023645763999398106,0.02571841910528927
rf,5,1883,0.030230483683653414,0.0691539606220467
rf,5,1884,0.05761008754601432,0.0651425157094124
rf,5,1885,-0.07172335924665314,-0.007168073698858815
rf,5,1886,0.0014508772153190436,0.020413588282337664
rf,5,1887,0.0652464530750623,0.07312322273045255
rf,5,1888,-0.015256190321576407,0.1546971940616257
rf,5,1889,0.1614844707703581,0.16710877287535808
rf,5,1890,0.07760088915189103,0.1201824287175797
rf,5,1891,0.04804287696639706,0.04804287696639706
rf,5,1892,-0.017783723671820392,0.14765902586258714
rf,5,1893,-0.03823705807259738,0.007595225015623264
rf,5,1894,-0.0755171589750634,0.1337077103484361
rf,5,1895,0.029020930886068802,0.07505976126882083
rf,5,1896,0.0061966261740838136,0.07002423537120911
rf,5,1897,0.06680800705486617,0.08420354734527244
rf,5,1898,0.02078533667570137,0.07971864487469166
rf,5,1899,0.11701531326459949,0.12786718480768297
rf,5,1900,0.06866331305723408,0.0688404631360855
rf,5,1901,0.008000436635076588,0.008000436635076588
rf,5,1902,-0.03538720629770857,0.035521091189381765
rf,5,1903,-0.06315565681317992,0.033657679747212704
rf,5,1904,-0.055396117386020564,0.06620315632606519
rf,5,1905,0.0197178886477352,0.05001815903800841
rf,5,1906,0.011240067856768649,0.06763812179955936
rf,5,1907,0.02486651933381756,0.04307146751131813
rf,5,1908,0.0014105218684676013,0.016646229961889414
rf,5,1909,0.002669498592084124,0.07458131573247614
rf,5,1910,0.03313147351070281,0.08498417647692641
rf,5,1911,0.01804065462425998,0.15326767471308672
rf,5,1912,0.10362763791524404,0.1070388656191299
rf,5,1913,-0.012352150301296688,0.0070517823525695356
rf,5,1914,0.045047661140730944,0.09443732164877708
rf,5,1915,0.04195034685939386,0.08093865590257543
rf,5,1916,-0.06086336196695985,-0.025207501768125765
rf,5,1917,-0.06278757255755751,0.058066462568341
rf,5,1918,0.0011960599962150542,0.030098875242711903
rf,5,1919,0.04745673738703679,0.15646580002667843
rf,5,1920,0.003128095989225657,0.08282802494497243
rf,5,1921,-0.156061480583791,0.10287461284729582
rf,5,1922,-0.06122908158130523,-0.01872605596544523
rf,5,1923,-0.10542724232602137,-0.0014325059910732935
rf,5,1924,0.01916707365253234,0.06169701427475416
rf,5,1925,-0.08751592168878661,0.03325688306335478
rf,5,1926,-0.021218911450966813,0.0948346213254716
rf,5,1927,0.005250542541659672,0.07807102091257578
rf,5,1928,0.0351366092256892,0.0840065205698643
rf,5,1929,-0.00044951314696310696,0.025507141799383876
rf,5,1930,0.04794824059262984,0.05053590145366624
rf,5,1931,0.008902965677626884,0.04643247471020498
rf,5,1932,-0.08008596400201333,0.07872698668293757
rf,5,1933,0.00464402321542777,0.022318335933456904
rf,5,1934,-0.07133749943190373,0.009937465439646215
rf,5,1935,-0.03416819058714683,-0.024938655723754935
rf,5,1936,-0.07260500255070429,0.01973142467573591
rf,5,1937,-0.07442618509993182,0.026042784867683022
rf,5,1938,-0.05234621314910187,-0.05234621314910187
rf,5,1939,-0.05837232079244302,0.08816093774072989
rf,5,1940,-0.00018993564522572226,0.07613446934916593
rf,5,1941,-0.0528950234101549,0.08949571016958233
rf,5,1942,-0.10500554387875154,0.03745870213880767
rf,5,1943,-0.07027037540991068,-0.01718330583068567
rf,5,1944,0.08893253056805148,0.08893253056805148
rf,5,1945,0.05060554315130922,0.11288585236130375
rf,5,1946,0.022561891159362038,0.0808572092233732
rf,5,1947,0.014557637126609527,0.014820997381121429
rf,5,1948,-0.014105462171780922,0.12621731985026882
rf,5,1949,-0.07604427108730585,-0.07392021354061219
rf,5,1950,0.0771751929418194,0.0771751929418194
rf,5,1951,-0.026057625256813557,-0.004861034562898339
rf,5,1952,0.01944179373617355,0.13903852862227004
rf,5,1953,0.09001442728014872,0.17359430995463093
rf,5,1954,-0.056102936550694184,0.18149039161182495
rf,5,1955,-0.07417477767410117,0.07163598768557292
rf,5,1956,-0.1343713570155165,-0.07936842501641121
rf,5,1957,0.05553052621131732,0.1229815210523788
rf,5,1958,0.18993123559603126,0.39434649824877294
rf,5,1959,0.0373343147224664,0.05628513243295408
rf,5,1960,-0.11184063717551644,0.0715285880806999
rf,5,1961,-0.09409861737058851,0.0416963244151487
rf,5,1962,-0.052337392118729384,0.034115884476589725
rf,5,1963,-0.020330188024479445,0.10606022278829233
rf,5,1964,0.07843352547282076,0.07983997940655801
rf,5,1965,-0.02219538683261936,0.032074493547128935
rf,5,1966,0.006684656906949749,0.058957904294137276
rf,5,1967,-0.02958174689830767,-0.023363560526911645
rf,5,1968,0.027672163116254367,0.07095445321070057
rf,5,1969,0.08313868878592459,0.10236460224575583
rf,5,1970,0.026356596415984868,0.10925887823163163
rf,5,1971,0.09271321266741422,0.09271321266741422
rf,5,1972,-0.13368097380630112,0.06109838556999053
rf,5,1973,0.05316979323383089,0.06242216683351884
rf,5,1974,9.293020949754927e-05,0.05040904033502905
rf,5,1975,0.05535114474005082,0.16560196195764965
rf,5,1976,-0.09051848018866868,0.08481963927748393
rf,5,1977,0.09420304971093188,0.1355203964169078
rf,5,1978,0.015825546237879018,0.20371219016425723
rf,5,1979,0.022191799423298214,0.10948338443499425
rf,5,1980,-0.05610491817753265,-0.02738449622087244
rf,5,1981,-0.12374571818668177,0.09040930716103002
rf,5,1982,0.12300512499889141,0.20798747051078093
rf,5,1983,-0.016366808075554545,-0.012323058476202936
rf,5,1984,0.00820509463446295,0.11889360150035655
rf,5,1985,0.05757006082993274,0.05757006082993274
rf,5,1986,-0.031824735001276305,-0.0015393250614563342
rf,5,1987,-5.4611207124896644e-05,0.016810944641103442
rf,5,1988,0.04148897344078034,0.04148897344078034
rf,5,1989,0.0033599804588216042,0.1162259232320087
rf,5,1990,0.04054121702493846,0.11705938428099633
rf,5,1991,-0.030263468312027267,0.05688945279835314
rf,5,1992,0.053350192176732814,0.09244806914057263
rf,5,1993,-0.0968096879728055,0.04061531207193941
rf,5,1994,0.08279827564247544,0.09151416340135246
rf,5,1995,-0.10679540708867913,0.07338612121571536
rf,5,1996,-0.05942078048682687,0.12324182010601761
rf,5,1997,0.06110256081852558,0.08348738458763985
rf,5,1998,-0.195894774031246,0.006540338574411081
rf,5,1999,-0.10363221671238035,0.02706006813059053
rf,10,0,0.03250891593995493,0.05251026481698354
rf,10,1,-0.10192380019280253,0.02353020062698105
rf,10,2,-0.1494785957371108,0.03164069755986863
rf,10,3,0.03053883375503233,0.09969278811041082
rf,10,4,0.06964074186221636,0.09558595753259969
rf,10,5,0.10510753986608654,0.12015788830646762
rf,10,6,0.0334193364094892,0.0865217497672078
rf,10,7,-0.04855163048496722,0.14527185764604306
rf,10,8,-0.042838690786336744,0.04971980583751416
rf,10,9,-0.05946552817531614,-0.052476942138353466
rf,10,10,0.08631168384040025,0.08631168384040025
rf,10,11,-0.03761474230446375,0.020565944498962166
rf,10,12,-0.1284132899476683,0.11838935290673386
rf,10,13,0.061533075040052954,0.06685295810539668
rf,10,14,-0.018611526364273177,-0.005728195592034871
rf,10,15,0.07358609074805858,0.14161135503947062
rf,10,16,0.009366647982811893,0.16487080539361298
rf,10,17,0.026163695986669344,0.06682611597123445
rf,10,18,-0.03552624171669201,0.05492320565697319
rf,10,19,0.0870967336652716,0.0870967336652716
rf,10,20,0.0010517674100993385,0.061463138753736685
rf,10,21,-0.03835596088807546,0.019254466729919956
rf,10,22,-0.0671284541927464,-0.007059170235182433
rf,10,23,0.014767650957883127,0.072260128976536
rf,10,24,-0.03172156916067477,0.05004735756084565
rf,10,25,0.04437138299005382,0.04833526766096795
rf,10,26,-0.04294403795296883,0.08256358804189526
rf,10,27,-0.015399818362697486,0.13423535910247694
rf,10,28,0.043788243591234025,0.0894722691461097
rf,10,29,-0.02400876965015515,0.005010325781968694
rf,10,30,0.06673566450045165,0.07576165589789538
rf,10,31,-0.07964338060304708,0.09083032014427747
rf,10,32,0.05943095282723576,0.06650719634267935
rf,10,33,0.0031815450894119718,0.07380272647496694
rf,10,34,0.006589448096958814,0.10995924126504808
rf,10,35,-0.02087664622715893,-0.017131579069967637
rf,10,36,0.019694904809885935,0.06270391815252721
rf,10,37,0.0497819176993404,0.07614095766396006
rf,10,38,0.043781668065181356,0.11906051519224667
rf,10,39,-0.007118473684932625,0.04880473072146359
rf,10,40,-0.01239962651656936,0.10934307837274784
rf,10,41,-0.08548818082481575,-0.0036416398176323944
rf,10,42,-0.07047405025183634,0.01331429735546677
rf,10,43,-0.08170872825817949,0.011751917686136842
rf,10,44,-0.0018733103883127877,0.08095380723095424
rf,10,45,0.029219519501809996,0.04093499524621312
rf,10,46,-0.025237246928571294,0.16167340426701465
rf,10,47,-0.03335677568529984,-0.02645431122577612
rf,10,48,-0.057542533652167625,0.13917594380316187
rf,10,49,0.16143450845513452,0.16143450845513452
rf,10,50,0.009911275752727905,0.07056096097566886
rf,10,51,0.0024565996921432076,0.04215577931151472
rf,10,52,0.0037565711998156087,0.057005694797809425
rf,10,53,-0.06600394363087124,-0.031196601484289335
rf,10,54,-0.029872553310023774,0.003996014349185492
rf,10,55,-0.054503685177353614,0.06566185438818797
rf,10,56,-0.12185215019239479,0.07501907650514333
rf,10,57,-0.1540156899703773,0.15070467746453733
rf,10,58,-0.09175008790002934,0.0737934255270444
rf,10,59,0.06876560395668652,0.0953171866634486
rf,10,60,-0.0016633821315851505,0.11967916543527854
rf,10,61,-0.08791672604342815,-0.008554972593026199
rf,10,62,0.025576797760534398,0.07599282461261084
rf,10,63,0.05012005501428703,0.11334441054181824
rf,10,64,0.010338652093286896,0.15851042489462117
rf,10,65,-0.1353227397802787,0.13067413566606617
rf,10,66,-0.08262419777773437,0.022477299000536743
rf,10,67,-0.002872883664904055,0.0777571053361906
rf,10,68,0.02808332199424904,0.09323877526411031
rf,10,69,0.01023853373386524,0.02296549038831583
rf,10,70,0.13696282597160292,0.13696282597160292
rf,10,71,0.026064725192638347,0.07981667768231171
rf,10,72,-0.020143347461099755,0.019550987670030523
rf,10,73,-0.10738138387153215,0.054576564259380594
rf,10,74,-0.0343814607645398,0.030617412548969755
rf,10,75,0.10081204370558317,0.10081204370558317
rf,10,76,0.02489472754148983,0.08896928606134097
rf,10,77,-0.0004212913943740376,0.10422767406286623
rf,10,78,-0.026084327097723597,-0.017016232089172592
rf,10,79,-0.001320712189334508,0.04407284655967478
rf,10,80,-0.010643346369918254,0.07034329806064005
rf,10,81,-0.001871171589717141,0.10963705302168145
rf,10,82,0.04525666908101067,0.26594462438711974
rf,10,83,-0.027259967095328977,0.023509539387507647
rf,10,84,-0.0016246840063598167,0.08609304680617677
rf,10,85,0.0035823436504528877,0.0035823436504528877
rf,10,86,-0.0963181863718139,0.017068870167295663
rf,10,87,0.06318679737473215,0.06318679737473215
rf,10,88,0.14995365260189195,0.23027247183803673
rf,10,89,0.03197464697823331,0.046026880066987144
rf,10,90,-0.046745570934369096,0.03660859883605824
rf,10,91,0.15106845034199873,0.16891171483605397
rf,10,92,0.05301298222777699,0.05301298222777699
rf,10,93,-0.0427598654242895,0.023970861660289458
rf,10,94,0.040104998080961296,0.05593287224317338
rf,10,95,0.06434682374974854,0.08233461605112616
rf,10,96,0.05781368930278208,0.13668513505550955
rf,10,97,-0.06136798733111712,-0.028037137025952993
rf,10,98,0.020545791326279747,0.0731047110844508
rf,10,99,-0.10726676647424958,0.011581120454156893
rf,10,100,-0.08368233138176977,0.023561168851474884
rf,10,101,0.00489549888384426,0.08314408508931553
rf,10,102,0.0370336584100788,0.10533674735220638
rf,10,103,-0.03443010514673901,0.05323162283925535
rf,10,104,-0.007916699405699654,0.1068080514973099
rf,10,105,-0.0004214278784800546,0.03405616966538558
rf,10,106,0.1092385614341495,0.14506590925224255
rf,10,107,-0.0173454546732389,0.008542762821535974
rf,10,108,0.024386384972279684,0.09917670677037388
rf,10,109,0.020073704292850422,0.031160892783123367
rf,10,110,0.07391691755605229,0.1074838408582236
rf,10,111,0.027376760889947185,0.07366035317343692
rf,10,112,-0.028927889563076105,0.057475133515102084
rf,10,113,-0.02711806829141169,0.06628747446011252
rf,10,114,0.036512332254700325,0.056554767692870045
rf,10,115,-0.01946965138962342,0.10298390612791283
rf,10,116,-0.005165285071052184,0.08568844936262299
rf,10,117,-0.00044401082994877106,0.060081029423952576
rf,10,118,-0.08493102323782026,0.05858035034089715
rf,10,119,-0.17282246822084776,-0.033778723707036044
rf,10,120,0.05503410094677244,0.1315259575554403
rf,10,121,0.05272551634121635,0.05272551634121635
rf,10,122,-0.10781988750167375,0.07534337644711592
rf,10,123,0.08309712606904679,0.09777215711075449
rf,10,124,0.04260139534012104,0.07455703465320518
rf,10,125,-0.09027948687002313,0.05193768462525898
rf,10,126,0.05744936948819335,0.07740420271972304
rf,10,127,0.008892671436300681,0.09922368597687059
rf,10,128,-0.003824323973332197,0.03899846201240849
rf,10,129,0.059566354654195935,0.11274797538250544
rf,10,130,0.03674401537179614,0.14026979126304667
rf,10,131,0.009630242709867468,0.14781950842791267
rf,10,132,0.00340387538268494,0.12346129316391599
rf,10,133,-0.056160849854049656,0.02384289898255304
rf,10,134,-3.7550348424425506e-05,0.07676566589109249
rf,10,135,0.06581449289816893,0.1126896522019368
rf,10,136,0.002607752203903177,0.08251676733062058
rf,10,137,0.02938894303543184,0.06596085247986924
rf,10,138,-0.02462494888981836,0.06854358295496946
rf,10,139,0.09029042945579704,0.09029042945579704
rf,10,140,-0.030073587116841424,0.05481468731963711
rf,10,141,-0.05136699321927113,0.04625085509303206
rf,10,142,0.0219581571249593,0.0809802358660082
rf,10,143,-0.09759533462348696,0.05461023722427906
rf,10,144,0.035769492208569606,0.06321532453236572
rf,10,145,0.12668830352489044,0.13080186111862013
rf,10,146,0.058037607343076614,0.09002246693498936
rf,10,147,0.006594815532034365,0.019815912164173582
rf,10,148,-0.03795293067527586,0.0665358379966991
rf,10,149,-0.014546855039301018,0.07283388632608798
rf,10,150,-0.04601767751657265,0.023484605052423918
rf,10,151,0.1159058416983583,0.1159058416983583
rf,10,152,0.02034472592818115,0.04148630966871676
rf,10,153,0.1283969893047002,0.1283969893047002
rf,10,154,-0.08405417433915853,0.007936762681223328
rf,10,155,-0.05303606123247269,-0.0015002339140407078
rf,10,156,-0.027401728654500586,0.01200692120792346
rf,10,157,0.07472277235441774,0.11681753038020029
rf,10,158,0.024743929754326516,0.0830650128924591
rf,10,159,0.0033018031858307872,0.1137013841941624
rf,10,160,0.03961445809596685,0.05051212759079922
rf,10,161,-0.048729511522341146,0.041135113989617805
rf,10,162,0.02802897160151477,0.03688925185039475
rf,10,163,-0.06059813690248582,-0.006822738414632622
rf,10,164,0.009959255293229663,0.03783690622924894
rf,10,165,0.03476751006012853,0.03476751006012853
rf,10,166,-0.00956099283771869,0.0279392789425104
rf,10,167,0.031885624578443295,0.07970218803565307
rf,10,168,-0.004328311370134438,0.058256979212594456
rf,10,169,-0.05080084305764365,0.06047907303089156
rf,10,170,-0.06794526124463404,0.09930153377277023
rf,10,171,-0.04815145295752326,-0.022889110913530845
rf,10,172,0.12617521080946958,0.13490800209939485
rf,10,173,-0.13027671944851354,0.07205373077984534
rf,10,174,-0.009873487753965224,0.1475203363444014
rf,10,175,0.024409704721213163,0.12345453522308386
rf,10,176,-0.1055155879483171,-0.007822974233289676
rf,10,177,-0.05700499299358618,-0.02602811109522428
rf,10,178,0.008464927427365057,0.0186904358731788
rf,10,179,-0.02983340255846994,-0.02703141730517812
rf,10,180,-0.03632961811354714,0.027361985224874888
rf,10,181,0.02166622661962439,0.02166622661962439
rf,10,182,-0.0208926301545887,0.013029461279726859
rf,10,183,-0.007659554437339414,0.06393350920985238
rf,10,184,-0.02027664812464433,0.0041541845846280595
rf,10,185,0.017643617714635046,0.06793268246217476
rf,10,186,0.03351961504152193,0.06937873792957236
rf,10,187,-0.0632982749497776,0.031103281351427384
rf,10,188,0.03589121609441309,0.24224958519186224
rf,10,189,-0.06321830702179107,-0.014567832162705942
rf,10,190,-0.0422536375361568,0.05158710741479866
rf,10,191,-0.053792920897518734,0.21891511016870085
rf,10,192,-0.009304050627383334,0.049952018339149515
rf,10,193,0.08015555268107272,0.08668773218677092
rf,10,194,0.004382746454569264,0.016107278010496773
rf,10,195,-0.017163509939913633,0.08419855605380724
rf,10,196,0.010919140394340762,0.02992616515125611
rf,10,197,-0.06647448286289344,0.01687712132041637
rf,10,198,-0.007114563757318636,0.012464044105172586
rf,10,199,0.054618157666970965,0.06720005304088214
rf,10,200,0.11169108722011581,0.1881493382021357
rf,10,201,-0.03888003434006664,0.0366063154844308
rf,10,202,0.06929177669904019,0.10880357854682782
rf,10,203,0.050164650258096286,0.050164650258096286
rf,10,204,0.047910406910109796,0.136614129627095
rf,10,205,-0.11793121802393466,-0.0697738931270001
rf,10,206,-0.0335804170010671,0.008732837214854614
rf,10,207,0.07124514449097369,0.10717412487490632
rf,10,208,0.10033477021825754,0.10288438474253489
rf,10,209,0.009422973506676272,0.06261096224243559
rf,10,210,-0.06521412365624639,0.049873352196209864
rf,10,211,-0.07176412822272832,0.035608937216160916
rf,10,212,0.06343329975668285,0.06343329975668285
rf,10,213,-0.11155906801008292,0.047452419861407316
rf,10,214,0.0413907854252694,0.07022902205005643
rf,10,215,0.0006459787003744999,0.0053799958528821246
rf,10,216,-0.1067736510302019,0.08534914238294036
rf,10,217,0.05958339915946104,0.10093413428552195
rf,10,218,0.19189376845051648,0.19189376845051648
rf,10,219,-0.0005443626155469672,0.14687242678039644
rf,10,220,-0.09627271530061385,0.015964179900488276
rf,10,221,0.03348439200803309,0.10732889777619686
rf,10,222,0.11078784574811851,0.124808058914567
rf,10,223,0.04971631617452421,0.04971631617452421
rf,10,224,-0.02748974219649787,0.1052065710134206
rf,10,225,0.08612760582420703,0.1984638073743939
rf,10,226,-0.14001423763957233,0.008354112676914063
rf,10,227,0.053049014086995305,0.053049014086995305
rf,10,228,-0.008821679496731731,0.06044110491726312
rf,10,229,-0.004863316124211883,0.024186335155965327
rf,10,230,-0.09270840409401725,0.017672503662341854
rf,10,231,0.08967294134717349,0.12433924634648821
rf,10,232,0.09186988860322062,0.09186988860322062
rf,10,233,0.0393516976288069,0.06207782588306757
rf,10,234,0.02130113454791084,0.08493256727581447
rf,10,235,0.06453122126940844,0.07815463563065897
rf,10,236,-0.03755881947902304,-3.1544157057680766e-05
rf,10,237,-0.0008068247297966791,0.047517705337359065
rf,10,238,-0.010999741651665881,0.011106620808697565
rf,10,239,0.0793169139935162,0.1478147330104959
rf,10,240,-0.06119670273600007,0.060993120761547975
rf,10,241,0.06708557255754125,0.06708557255754125
rf,10,242,-0.10695578851147236,0.0961169980554657
rf,10,243,-0.011997210764289494,0.03504735933939396
rf,10,244,0.04974693392103599,0.06400145600428717
rf,10,245,0.022318919607610996,0.07059087609690626
rf,10,246,0.0034432600437226263,0.06681365969642508
rf,10,247,0.07526317491195125,0.07855365988183288
rf,10,248,-0.03745173825860535,-0.02636586443040132
rf,10,249,0.12072112343961305,0.12358958012298812
rf,10,250,0.04627057100203341,0.08262786519842105
rf,10,251,0.03688341389276176,0.1227902899582933
rf,10,252,-0.0010163340707367713,0.11165932649967483
rf,10,253,0.04682567635966178,0.04682567635966178
rf,10,254,0.062026009371390245,0.062026009371390245
rf,10,255,0.138225644841438,0.17398979659831593
rf,10,256,0.01856183389671677,0.1092752213140803
rf,10,257,-0.07191396211171937,0.07751177740830412
rf,10,258,-0.021217841094518367,0.016346211045573142
rf,10,259,-0.07744009396068546,0.0112420656207992
rf,10,260,-0.020629106383237977,0.1367305031322361
rf,10,261,0.01711664677578259,0.05908704874644041
rf,10,262,-0.07984125087978575,-0.014775275682906854
rf,10,263,-0.014110339008573843,0.010464674978386768
rf,10,264,0.021265327925929972,0.06394385695718607
rf,10,265,-0.06793795973673916,0.11699649338400514
rf,10,266,-0.07648734014355314,0.02243044298500732
rf,10,267,0.0056394371207821176,0.11794563239465097
rf,10,268,-0.08107999693455838,0.04960969061280894
rf,10,269,0.13058752018390984,0.2399208151843647
rf,10,270,0.060926025670665046,0.08995903890196397
rf,10,271,0.08625887908568405,0.08625887908568405
rf,10,272,0.07181819128078124,0.1311451358517423
rf,10,273,-0.023222183020563336,0.09074672073467155
rf,10,274,0.04003673478919717,0.06780150588505837
rf,10,275,0.02532129116481574,0.12469597314930558
rf,10,276,0.025336174303897452,0.02686189360556808
rf,10,277,0.03406494367147263,0.03406494367147263
rf,10,278,0.010523075961703099,0.03511363846224079
rf,10,279,-0.0042231196744531435,0.004245441799513819
rf,10,280,-0.03596434940808913,-0.012981657174887487
rf,10,281,-0.015380850764596943,0.10164200729614983
rf,10,282,-0.01921333843285026,0.16508119048691844
rf,10,283,0.010442809706829537,0.1814148601161109
rf,10,284,0.06434161454872364,0.10298856625769406
rf,10,285,-0.03615373199107773,0.034177859144191025
rf,10,286,0.09299123186824285,0.09299123186824285
rf,10,287,-0.13841537303587848,0.11555935125372063
rf,10,288,0.061693295860957315,0.11141209915056491
rf,10,289,-0.02121346296830065,0.11342184293726351
rf,10,290,0.03138886094687236,0.06698442782501793
rf,10,291,0.05853783126382803,0.077684672197769
rf,10,292,0.01311754625625848,0.09937949483023817
rf,10,293,-0.09999226452758955,0.1374736861562921
rf,10,294,0.006623300319218178,0.07740768829716563
rf,10,295,0.016114077522714793,0.040825633684343846
rf,10,296,-0.06203410734896184,0.002560669649390654
rf,10,297,0.0997563574589542,0.0997563574589542
rf,10,298,0.038371073023887856,0.05893915850139281
rf,10,299,0.05177796200859666,0.05177796200859666
rf,10,300,0.06492388692179837,0.06492388692179837
rf,10,301,0.08375005351767095,0.12524596035533805
rf,10,302,0.03030832056310337,0.07832915541809582
rf,10,303,0.1164375668788982,0.1164375668788982
rf,10,304,0.013910586002782208,0.08534335161101514
rf,10,305,-0.03535984854065022,0.0939037411650282
rf,10,306,-0.0804503794783187,-0.07460947165266607
rf,10,307,-0.03695414124023155,0.06301331855122885
rf,10,308,0.0649654624084817,0.10395297024682518
rf,10,309,-0.07306765225090797,0.08781333484706824
rf,10,310,0.04816372767227245,0.08935514116988733
rf,10,311,-0.02809061873722605,0.017326486070784616
rf,10,312,-0.05242185555909115,0.03154547117605809
rf,10,313,-0.06355679047937075,0.1408479266007654
rf,10,314,0.05371596976679395,0.10831262958460178
rf,10,315,0.10978822065354554,0.11230789000247882
rf,10,316,0.03780595457116416,0.03780595457116416
rf,10,317,-0.12952030621843758,0.0836081197625074
rf,10,318,-0.10599735207507802,0.05904912324878392
rf,10,319,0.029353108459877153,0.05997278586313631
rf,10,320,-0.12235729296581513,0.12888085117023074
rf,10,321,-0.08553050553018597,0.06223422536360565
rf,10,322,-0.06785283429251494,0.06913613574145855
rf,10,323,0.014969354901521514,0.08864003096461495
rf,10,324,-0.002036904834231648,0.15979769168406757
rf,10,325,-0.007577453762714514,0.014696031007878224
rf,10,326,0.012347046281652799,0.06967911063504187
rf,10,327,-0.01580127782999214,0.04317533736033116
rf,10,328,0.046187516518716276,0.05264122263836356
rf,10,329,0.05705903006034721,0.05705903006034721
rf,10,330,-0.1057792327701601,0.01390723735678931
rf,10,331,-0.0071916578612159845,0.15688036809019026
rf,10,332,-0.038720196631374396,0.08108285199108364
rf,10,333,0.043539143897388805,0.043539143897388805
rf,10,334,-0.01030418917579469,0.02221761604686094
rf,10,335,0.04531756687531198,0.12451800759676757
rf,10,336,-0.04837484481038133,0.11484677037114308
rf,10,337,-0.029188870573686354,0.1455198761010093
rf,10,338,-0.04245520805814311,-0.017420787781555903
rf,10,339,0.02482942235102603,0.02482942235102603
rf,10,340,0.09689562924573117,0.1778714517147483
rf,10,341,0.1305862694844611,0.1305862694844611
rf,10,342,-0.07883206185007834,-0.03533814423852442
rf,10,343,-0.08041534905550302,0.05515832892235144
rf,10,344,-0.06354778807658333,0.04231430895586856
rf,10,345,-0.07214930230141407,0.037689185736882194
rf,10,346,-0.09859642296163579,0.16593982940661642
rf,10,347,0.037284054615258425,0.0821053505600634
rf,10,348,0.04048113874819942,0.07973460138851715
rf,10,349,-0.07375832833841663,-0.04517788327536257
rf,10,350,0.07458164525580385,0.0997447850725249
rf,10,351,-0.03770416760286581,0.029481425440909453
rf,10,352,0.11835106390077199,0.13048987031513276
rf,10,353,-0.03609728939300636,0.04846977307450569
rf,10,354,-0.09121665452565707,0.1488742606496411
rf,10,355,-0.023558027600140932,0.2958116535121397
rf,10,356,0.10896459770835507,0.17298333003220634
rf,10,357,-0.009369898023719979,0.0112551827143407
rf,10,358,-0.10167278163233248,-0.0006571923915869998
rf,10,359,0.04423779269035959,0.0966114294257987
rf,10,360,-0.05432179023348636,0.015476956371016398
rf,10,361,-0.04078057803570675,0.11939618126256318
rf,10,362,-0.002013472944232944,0.10164970526252509
rf,10,363,-0.034479261733360585,0.04715705443106383
rf,10,364,0.024306003180641716,0.17754993056997584
rf,10,365,0.014732985940868762,0.02694654457728872
rf,10,366,0.19821415617638866,0.22228925280833361
rf,10,367,0.00997539393630277,0.14806538522238055
rf,10,368,-0.07330631430165471,0.060386533805195125
rf,10,369,0.056170013320885046,0.056170013320885046
rf,10,370,0.03429809179011216,0.06129543355801648
rf,10,371,-0.03994604029308889,0.04605684083016193
rf,10,372,-0.0405485848844193,0.015128668357676123
rf,10,373,0.01842235714135043,0.01842235714135043
rf,10,374,-0.03781455393064191,0.05478317770422973
rf,10,375,0.1048078993681808,0.10794056590218326
rf,10,376,0.0016428626535710533,0.10647657566196755
rf,10,377,0.11513980464505008,0.11513980464505008
rf,10,378,0.06891839393381599,0.08324838424625816
rf,10,379,-0.07371075631584996,0.0575218606826122
rf,10,380,0.055417475735824354,0.060044018184660486
rf,10,381,-0.04487181259502522,-0.011496114736552127
rf,10,382,0.025365534050322436,0.06903002545451825
rf,10,383,-0.017966248205551115,0.03662873336160874
rf,10,384,0.007757751193881432,0.011743541875440605
rf,10,385,-0.08189542242906932,-0.05543850319027402
rf,10,386,-0.02964254599897235,0.07648347404689293
rf,10,387,0.002547850342710656,0.011283852143960979
rf,10,388,-0.011961210155088838,0.009004702888848706
rf,10,389,0.06428130754296496,0.1161029487958164
rf,10,390,0.04393906400184189,0.06281911579003147
rf,10,391,0.006591787097299004,0.06257001553265343
rf,10,392,0.07993498886810152,0.1439255638867247
rf,10,393,-0.11000185741333243,0.04362107882820698
rf,10,394,0.08627370929890646,0.11912550512721384
rf,10,395,0.014835535547341683,0.051883810266703786
rf,10,396,0.07329673166951436,0.12097692147511382
rf,10,397,0.11692171271240162,0.11983581064490018
rf,10,398,-0.12323085623044724,0.13082704698546072
rf,10,399,-0.11871299059036136,0.07984602332295362
rf,10,400,-0.035805279085836986,0.007207430209474508
rf,10,401,0.027758592596897946,0.14262009378135085
rf,10,402,0.05663617236970453,0.06667621865998799
rf,10,403,0.024386349451332667,0.02632363036270978
rf,10,404,0.0679421596358511,0.21820540674011113
rf,10,405,-0.16256939264800432,0.038902227377234186
rf,10,406,0.0021092076019451206,0.09195217073387771
rf,10,407,0.10736633378953228,0.12125140707642013
rf,10,408,-0.04554953734555661,0.04143308440539116
rf,10,409,-0.07841641308619979,0.10473837658090715
rf,10,410,0.0021251920921712963,0.009452018374538004
rf,10,411,-0.04092801376134685,0.03653267338810509
rf,10,412,-0.0969273754585554,0.00013816241632171045
rf,10,413,-0.0008834191127482377,0.0007990854043471024
rf,10,414,-0.17666985839216107,-0.003277316739300956
rf,10,415,0.005115792275174877,0.16131988771312392
rf,10,416,0.08168888380603079,0.08168888380603079
rf,10,417,0.014251272465120077,0.05219268434739341
rf,10,418,-0.03284252696923511,0.05593283814668347
rf,10,419,-0.02525211228816468,0.10460406976146588
rf,10,420,-0.0074492403424604725,0.04031132635653689
rf,10,421,-0.08777066246127774,0.056162872461242824
rf,10,422,-0.0018070730996917195,0.029647539033034853
rf,10,423,0.019144265986389075,0.18991289708435355
rf,10,424,-0.024881037218224406,0.028098699040864705
rf,10,425,0.013791319671654756,0.08002553028176995
rf,10,426,-0.02649794691609058,0.14681348051121085
rf,10,427,0.07161669516260716,0.1261589675517983
rf,10,428,-0.06496250406725385,0.05237662247326899
rf,10,429,-0.060096240404762837,0.07831205678206171
rf,10,430,0.023624636069438,0.02548610457174763
rf,10,431,0.08516148675152327,0.08742262389987737
rf,10,432,0.0579827440211205,0.1065399146489503
rf,10,433,0.12615064455681624,0.1673216385567455
rf,10,434,-0.03253903290032424,0.03157108898141017
rf,10,435,-0.030390057918310356,0.03448390686797072
rf,10,436,0.07265911783420115,0.07265911783420115
rf,10,437,0.07956344577258767,0.08861913557284407
rf,10,438,-0.018877778527509895,0.0013721803280233175
rf,10,439,-0.01318108143934136,0.05997744487184181
rf,10,440,0.03590266618339731,0.044287870131692386
rf,10,441,-0.0369034988402742,0.06463829744781557
rf,10,442,0.055845552343758445,0.13558978836370125
rf,10,443,0.05348709209609766,0.13391013516394215
rf,10,444,0.07140903852551414,0.13211854705908258
rf,10,445,-0.10155166990317513,0.028588153896762405
rf,10,446,0.06357640527792963,0.07849635227436652
rf,10,447,-0.020986273754661958,0.030596687226267877
rf,10,448,-0.0029465599283848426,0.04586343798044465
rf,10,449,0.060883285345066346,0.12001694206475894
rf,10,450,-0.04757099076308334,0.022873619002089132
rf,10,451,-0.02434994070140368,-0.012676002049929386
rf,10,452,0.08428814516489802,0.1159544650197355
rf,10,453,-0.010212289581443101,-0.010212289581443101
rf,10,454,0.12966322741726863,0.12966322741726863
rf,10,455,-0.05503997488389708,-0.00467334189102557
rf,10,456,0.06890874256688725,0.10994324192829072
rf,10,457,0.007809394556611074,0.021578527981026538
rf,10,458,0.019263224134184742,0.04813273207241439
rf,10,459,-0.08797568361731162,0.03391757089184434
rf,10,460,0.09321898247871846,0.09321898247871846
rf,10,461,-0.075548510801983,0.018239904852397182
rf,10,462,0.06028053666424035,0.1490709006047584
rf,10,463,-0.00413394421886977,-0.00413394421886977
rf,10,464,0.05788933784754041,0.066934344206799
rf,10,465,0.010216685689137958,0.083282936816581
rf,10,466,0.14346985695202244,0.14346985695202244
rf,10,467,0.087993561916384,0.087993561916384
rf,10,468,0.020898664812181694,0.13570560640193394
rf,10,469,0.060559526274188286,0.06613455821626102
rf,10,470,-0.07244221887879604,0.04902991663097071
rf,10,471,-0.0571446144742292,0.03144140323341939
rf,10,472,-0.009980959028547787,0.08891476561990577
rf,10,473,-0.03420060620746283,-0.0024520949742066894
rf,10,474,0.10145723002419077,0.15429593217350793
rf,10,475,0.019274046760176328,0.11630348270511001
rf,10,476,-0.06330224361111982,0.04311185494137981
rf,10,477,0.04310083334701982,0.05528118112049256
rf,10,478,-0.014763185934636158,0.07879025940973808
rf,10,479,0.06912236173672848,0.09455624981717448
rf,10,480,-0.0033354696631485298,0.020873729425487902
rf,10,481,0.0671332265993888,0.08609689754098648
rf,10,482,-0.09960788876831769,0.06470490505437343
rf,10,483,-0.028850629644192098,-0.028850629644192098
rf,10,484,-0.005856839488034088,0.017876826928993034
rf,10,485,0.09277572420829439,0.17120675711519928
rf,10,486,-0.0543954036939632,0.0320373735248797
rf,10,487,-0.008867995276373233,0.07249772309575497
rf,10,488,0.024472647359647465,0.08032770789503887
rf,10,489,0.05706138003751349,0.0858909788084318
rf,10,490,-0.03136419919144446,0.15573511264312057
rf,10,491,0.016266608677074565,0.016266608677074565
rf,10,492,0.04137229272166755,0.06690563312342068
rf,10,493,-0.009759637392670523,0.05948246552000758
rf,10,494,-0.09774845492548286,0.16060786134427626
rf,10,495,0.04722290278014611,0.08380767326200267
rf,10,496,-0.033145525498627586,-0.03134312356144422
rf,10,497,-0.041850610651073275,0.10034824449284999
rf,10,498,-0.024871240881675027,0.046378521404464065
rf,10,499,-0.0778024467489188,0.002855429983240662
rf,10,500,-0.05271023924461621,0.2745259190230714
rf,10,501,0.015483191487047382,0.13643558308578357
rf,10,502,-0.02457851692018167,-0.016110120601417692
rf,10,503,0.0787625550687111,0.10454633416247869
rf,10,504,0.09038641083583396,0.09038641083583396
rf,10,505,0.1025422314726411,0.1025422314726411
rf,10,506,0.01874999226297451,0.0471205000214405
rf,10,507,-0.022175473051587277,-0.012427664227866536
rf,10,508,-0.14237555870538648,-0.007583915682911745
rf,10,509,0.00511125573310052,0.00511125573310052
rf,10,510,0.04302512944822695,0.09178160747947589
rf,10,511,-0.018378627023509314,0.07336361929278187
rf,10,512,0.08462191981035591,0.08462191981035591
rf,10,513,0.05380680279406787,0.09864931926457027
rf,10,514,-0.03456433479051275,0.06075497203354316
rf,10,515,-0.029156520426625962,0.05599591214908593
rf,10,516,0.0077577644691646935,0.03882368653949406
rf,10,517,0.10328365665652894,0.1067200560218112
rf,10,518,-0.054299716389692027,0.07669824208901382
rf,10,519,0.014825470079147585,0.09007015471066843
rf,10,520,0.08223359464083119,0.14371137586692187
rf,10,521,-0.08251865662750935,0.041967583163119465
rf,10,522,0.1152572841950183,0.15255017406254143
rf,10,523,0.004395726123708435,0.004395726123708435
rf,10,524,0.09679348718060346,0.12044952768363865
rf,10,525,0.10508782207138087,0.12831260026922994
rf,10,526,0.04384248852774,0.19264910117242512
rf,10,527,-0.101852429176619,0.0016009738188911687
rf,10,528,-0.02652278722378186,0.09166949595370091
rf,10,529,0.04367558066087164,0.10331738879222355
rf,10,530,0.036970328277675546,0.0880265973241828
rf,10,531,0.03809846684804781,0.04257238518327672
rf,10,532,0.00749099749319887,0.10866185317349825
rf,10,533,0.08922013817284283,0.08922013817284283
rf,10,534,-0.14124446513980915,0.1529482305545774
rf,10,535,-0.16925812745239097,0.02252189932613724
rf,10,536,0.16564647867818513,0.18848295117481523
rf,10,537,0.08468663804773591,0.08468663804773591
rf,10,538,0.020630618177686078,0.06820077854972367
rf,10,539,0.038355291158363405,0.038355291158363405
rf,10,540,0.04667789032615524,0.04667789032615524
rf,10,541,0.002885417494611811,0.025390208815567722
rf,10,542,-0.011034830779381513,0.06459838571133614
rf,10,543,-0.001321931149898939,0.07937470636584554
rf,10,544,-0.03998386837429243,0.031182298609120404
rf,10,545,-0.05957602908999654,0.0482680957190728
rf,10,546,-0.011785203027313902,-0.007114950624992837
rf,10,547,0.03658224992219265,0.03658224992219265
rf,10,548,-0.004217026661359979,0.23266344101771574
rf,10,549,0.11234439703451782,0.12590024514853584
rf,10,550,0.09538062721279422,0.09538062721279422
rf,10,551,0.03193936003401712,0.06395162040730107
rf,10,552,-0.08959696076408695,0.0004981826819999563
rf,10,553,-0.014167682560825172,0.20830729595963737
rf,10,554,0.05999180430385234,0.05999180430385234
rf,10,555,-0.09255219670040502,0.024454377345084016
rf,10,556,-0.001747302342803722,0.10998990540789347
rf,10,557,0.03740033250362648,0.1264906938091984
rf,10,558,0.07331939527507525,0.1443683368673151
rf,10,559,0.04986036261380111,0.08472173024835347
rf,10,560,0.0010495418442699328,0.024419338222224987
rf,10,561,-0.02850650004081299,0.03204212928003618
rf,10,562,0.01750011611063064,0.04817442299786219
rf,10,563,-0.005400966328506701,0.07592191681711594
rf,10,564,0.022663832129208986,0.19809619063059852
rf,10,565,-0.10976298702037851,0.07750192142846701
rf,10,566,-0.01202055981265035,0.05271685084786076
rf,10,567,-0.016296502340379028,0.07535648582242013
rf,10,568,0.04340551249422385,0.09556241710201208
rf,10,569,-0.015382983993766294,0.02635796307037573
rf,10,570,0.01657284652227488,0.11149664354986485
rf,10,571,-0.04223926019870346,0.06865221931170837
rf,10,572,0.034126467975244684,0.040973016034056314
rf,10,573,0.0833277121101765,0.1153146310175231
rf,10,574,0.052669976547323166,0.11630172374217368
rf,10,575,-0.10127731910006689,-0.006789259117415326
rf,10,576,-0.10292709359033668,0.0839667602375308
rf,10,577,0.012009819360867938,0.041210514495296016
rf,10,578,0.05237587189711898,0.08098169591205448
rf,10,579,0.002991874902448982,0.20952808772120896
rf,10,580,-0.1191414109013743,0.09400589082226454
rf,10,581,0.09657891312909092,0.09657891312909092
rf,10,582,0.014959225338533319,0.07638682254686077
rf,10,583,0.011732414564556926,0.038051307791372974
rf,10,584,0.00892452244245244,0.013652840464341592
rf,10,585,0.00814881249231772,0.03043443645157684
rf,10,586,0.037098948673363594,0.12875944168060394
rf,10,587,-0.01695623521518424,0.12546210749363101
rf,10,588,0.008721656253265084,0.07584140200307676
rf,10,589,0.05612801171722755,0.16377604691354414
rf,10,590,-0.1698862022106281,0.12572315873534276
rf,10,591,0.0659358312757613,0.15152978842927192
rf,10,592,-0.07592694623810758,-0.03488210976453921
rf,10,593,0.030625995635805398,0.030625995635805398
rf,10,594,0.04918024594417025,0.06531232575719381
rf,10,595,0.01648186837050998,0.01648186837050998
rf,10,596,-0.07203417911948068,0.01021220061660491
rf,10,597,-0.013010534769804696,0.03697520828152889
rf,10,598,0.003687063112797359,0.09850396497798186
rf,10,599,0.009029282559847196,0.08530212443171778
rf,10,600,0.05751873674215338,0.05751873674215338
rf,10,601,-0.0905666808427329,-0.031149877286082046
rf,10,602,-0.04928091475544971,0.002202384661381132
rf,10,603,-0.07775666624468935,0.008649529916155183
rf,10,604,0.020358895937793345,0.06546259187486123
rf,10,605,0.08195633429209045,0.08774643367616963
rf,10,606,0.11613671967630948,0.11613671967630948
rf,10,607,0.028900015622462666,0.11652540753317164
rf,10,608,0.040032782828816726,0.17765569869996004
rf,10,609,-0.027545820453671606,0.03187138028410169
rf,10,610,-0.1607416741342021,0.18620158891518462
rf,10,611,0.02898056618216148,0.055211740442448864
rf,10,612,0.021871966342699695,0.08233847735762279
rf,10,613,-0.014473197590830322,0.005134916733431971
rf,10,614,-0.007521266025021622,0.07328259927017158
rf,10,615,-0.02725918190395995,0.05769680543641845
rf,10,616,0.02736571961553695,0.07069001200337449
rf,10,617,0.07237035825612961,0.1425663896840398
rf,10,618,-0.0009478516774406448,0.02461985142405243
rf,10,619,-0.026716287047979674,0.12695653018721959
rf,10,620,0.019352334978605987,0.019352334978605987
rf,10,621,0.049318830641177674,0.049318830641177674
rf,10,622,0.023658947525469973,0.1636445086955557
rf,10,623,-0.0016136409288966813,0.09337485281647298
rf,10,624,-0.06771867750439485,-0.006194582668505325
rf,10,625,0.13551866645002938,0.13551866645002938
rf,10,626,-0.012004912204165795,0.04370298484989875
rf,10,627,0.0389050191308422,0.11002278084803008
rf,10,628,0.0012403314458562659,0.027719480444239705
rf,10,629,-0.012827441637335964,0.07969905483266412
rf,10,630,0.0702195314773531,0.07197965858075281
rf,10,631,-0.07438454778327405,0.014035996479142526
rf,10,632,0.027295343316938697,0.027295343316938697
rf,10,633,0.033694943133754665,0.04876217521161408
rf,10,634,0.027984608392803922,0.17335194040713925
rf,10,635,-0.08529606943088638,0.02051246679329076
rf,10,636,0.025319423350131626,0.03891401545656921
rf,10,637,0.016931798882354854,0.040257830776766354
rf,10,638,0.018536645761560472,0.0672705826930812
rf,10,639,-0.15527258853054238,0.010223317497839765
rf,10,640,-0.03830856643763776,0.0987102206337907
rf,10,641,-0.17457415686292688,0.0841248917127769
rf,10,642,0.0759943101886934,0.09710164678843086
rf,10,643,0.048748997576053985,0.1325446483283839
rf,10,644,0.06880565896204521,0.0689801807450093
rf,10,645,-0.014572382844365885,-0.008986156437746418
rf,10,646,-0.058923532810083785,0.001970343518856804
rf,10,647,0.02580838205715158,0.02580838205715158
rf,10,648,-0.08042239792520767,-0.011686645133168604
rf,10,649,0.05979932038798799,0.05979932038798799
rf,10,650,0.11349568887421196,0.17558431375769032
rf,10,651,0.09277781738081911,0.0966143301073572
rf,10,652,0.024685697669384762,0.04750432081945767
rf,10,653,0.004204962009468252,0.028542563330718487
rf,10,654,-0.011764444180702376,0.07862155518298175
rf,10,655,0.08570859592815314,0.08627221691229847
rf,10,656,0.05810005488520972,0.05810005488520972
rf,10,657,0.0081359113771656,0.05230878119635933
rf,10,658,0.023910579676881594,0.04981998342912437
rf,10,659,-0.0357120256230411,-0.028072977566112177
rf,10,660,0.04591630072251017,0.08255446771573316
rf,10,661,-0.12854325675295453,0.02391342112039878
rf,10,662,-0.0430756896663268,0.0025223553518021885
rf,10,663,-0.022179343917053285,-0.016011304796498343
rf,10,664,0.08808153048171219,0.09915748141246611
rf,10,665,-0.08241265410198864,0.03843839618092468
rf,10,666,-0.061023160023423895,0.0846002412949855
rf,10,667,-0.04174714383936495,0.0607273588521213
rf,10,668,0.0963592881282288,0.0963592881282288
rf,10,669,0.09417301489108773,0.09417301489108773
rf,10,670,-0.022829185117476676,-0.012731719072020566
rf,10,671,0.04433363391864234,0.07193275007836669
rf,10,672,0.02575023871982364,0.07100609129799665
rf,10,673,-0.02007254609389883,0.08190276813007541
rf,10,674,0.01241636741617097,0.03168656342882585
rf,10,675,-0.07400968608033887,0.01579986215126948
rf,10,676,-0.0592887409375641,0.12066005830177698
rf,10,677,0.020867724944878777,0.08155756543848283
rf,10,678,-0.009587375809809,0.021001206852817422
rf,10,679,0.05225848243438634,0.1279419817155443
rf,10,680,-0.0773600211615174,0.007180585294090949
rf,10,681,0.039832756311621906,0.14568599745858637
rf,10,682,0.09500039423074913,0.1262388667487003
rf,10,683,-0.019195110616250226,0.06743174685553238
rf,10,684,-0.08572245689738363,0.00863540732381965
rf,10,685,0.051713085884387514,0.051713085884387514
rf,10,686,0.07531174944617597,0.07531174944617597
rf,10,687,0.011990972381595563,0.08746841464812738
rf,10,688,-0.00905873200487721,0.004617850316989983
rf,10,689,-0.03050279281208656,0.04854140089850936
rf,10,690,-0.05025970203983257,0.03340676701510227
rf,10,691,0.003861326667355211,0.041044782993771484
rf,10,692,-0.14765895504727694,0.07594326016818925
rf,10,693,0.04695668393489269,0.05342762648239578
rf,10,694,0.08866360064179782,0.08866360064179782
rf,10,695,-0.07564213703675787,0.015148830893149764
rf,10,696,-0.08816677994580158,-0.00010075674731517548
rf,10,697,0.014881372933399667,0.05763269382357236
rf,10,698,0.03673299811394565,0.1442856948101689
rf,10,699,0.07492318233358275,0.09098119626950818
rf,10,700,-0.04305693576203433,0.1031310029765797
rf,10,701,0.006799335928590361,0.006799335928590361
rf,10,702,-0.06115035515585267,-0.008491640799983623
rf,10,703,-0.044474733817463016,0.06093197941413481
rf,10,704,0.07437646669111922,0.07437646669111922
rf,10,705,-0.05603388035612915,0.07900833469977672
rf,10,706,-0.010147043907550488,0.06292831370464674
rf,10,707,0.17555041521960774,0.17555041521960774
rf,10,708,0.09457654344462238,0.12020406062079095
rf,10,709,0.06367370922381071,0.1320239938473351
rf,10,710,-0.14322321808151053,0.09447618910508007
rf,10,711,0.032453374789302214,0.12744413848836722
rf,10,712,0.07751869014152785,0.07751869014152785
rf,10,713,-0.013011980824007924,0.027159095811131462
rf,10,714,0.0683608864672994,0.13114242007322183
rf,10,715,-0.08966445951121735,0.02228622729509183
rf,10,716,0.017691485244533928,0.09992753474196733
rf,10,717,-0.0379787919886736,-0.011438974426405388
rf,10,718,0.0764664156918562,0.0885201599375757
rf,10,719,0.006269481033226887,0.17132984708891533
rf,10,720,-0.13165986992701456,0.06731263639824192
rf,10,721,0.0013175717234465423,0.012388225100099112
rf,10,722,0.042158048021558994,0.19270670018050345
rf,10,723,0.06345894420642514,0.10826051416240604
rf,10,724,-0.06546593666013253,0.1657963908889413
rf,10,725,0.060145380903544404,0.07160151024523881
rf,10,726,0.0927097164497287,0.14230773786791343
rf,10,727,-0.10398998411384971,0.0581103367218494
rf,10,728,-0.10628336758916249,-0.008716212132074637
rf,10,729,-0.1091046320811066,0.03998610250979559
rf,10,730,0.06862283392446988,0.11857984616364597
rf,10,731,0.0036102831481204523,0.12067456046353262
rf,10,732,0.1323948160095168,0.1418780765618724
rf,10,733,-0.11573785075100812,-0.018907729774496042
rf,10,734,0.007067135322140067,0.044499648256717164
rf,10,735,-0.03912496466180371,0.0016378430218504658
rf,10,736,-0.00310439529866241,0.09502034870245438
rf,10,737,-0.12441580157465859,-0.00892451146996575
rf,10,738,0.02828903507407525,0.02828903507407525
rf,10,739,-0.07791083910584312,0.07243203300412632
rf,10,740,-0.013173596144879472,0.029075064533641518
rf,10,741,-0.060399295715268975,0.06559850302781442
rf,10,742,-0.02913261820656273,0.0258856113399982
rf,10,743,-0.002344234500683315,0.04124308314491937
rf,10,744,-0.07050191814121247,-0.011457471910369443
rf,10,745,0.020215759965597657,0.049482407432167336
rf,10,746,-0.012187617276571909,0.10379102194074757
rf,10,747,-0.058095199425851715,0.16174460478093958
rf,10,748,-0.006459680590889527,-0.006459680590889527
rf,10,749,-0.07294308867101207,0.16322043118768012
rf,10,750,0.007536370723920702,0.024833415514578863
rf,10,751,-0.10071635913063144,0.06434900580418146
rf,10,752,-0.13228845539523224,0.07440149824719378
rf,10,753,0.007462026103731145,0.05040911551825891
rf,10,754,0.14372415509283248,0.1507036315893934
rf,10,755,-0.03474095466082089,0.0005245017101512123
rf,10,756,-0.14384154474942906,0.13966457687485845
rf,10,757,-0.08347953089427965,-0.019549624568157807
rf,10,758,-0.16843863259766653,0.04016797179696373
rf,10,759,-0.03212692211839708,0.08061669311374811
rf,10,760,0.053782953606819464,0.11747973098273493
rf,10,761,0.06108600832657149,0.06108600832657149
rf,10,762,0.10955633021719485,0.16757868589501515
rf,10,763,0.015477660164646787,0.052127747698148694
rf,10,764,0.04798986887620228,0.19598635188680102
rf,10,765,-0.033481863152336803,-0.00406699087847881
rf,10,766,0.01361637593635226,0.03648718443134888
rf,10,767,0.030027986745221655,0.03954979328907396
rf,10,768,-0.02621167605247761,-0.007281884098221891
rf,10,769,0.0225303533386622,0.15809129027667265
rf,10,770,0.030005893406031173,0.030005893406031173
rf,10,771,-0.0770218058116508,0.09331618252497903
rf,10,772,0.09306225213087291,0.09306225213087291
rf,10,773,0.11170663285422258,0.1138092894408447
rf,10,774,0.008203995790080479,0.008203995790080479
rf,10,775,0.035721689669476794,0.06190026179962699
rf,10,776,-0.004693380708974848,0.13388778641234234
rf,10,777,-0.03428025101116768,0.04926423771649535
rf,10,778,-0.008878258895140573,0.023744330797138308
rf,10,779,-0.09122053616967452,0.014589442147688023
rf,10,780,-0.03864273193263289,-0.01993049370060313
rf,10,781,-0.046333253796772306,0.00043156472546033997
rf,10,782,0.06630298986602265,0.11052247616095154
rf,10,783,-0.028219903802519715,0.031299779014434426
rf,10,784,-0.020776986227194906,-0.010006666196327237
rf,10,785,-0.004413955253816562,0.07862722497029828
rf,10,786,0.03905768782993933,0.05745346925946376
rf,10,787,0.022121573472776476,0.02317878313559006
rf,10,788,0.04269770293572968,0.04269770293572968
rf,10,789,-0.027805286090135536,0.059440780368636065
rf,10,790,-0.019854228059892787,0.13238204225376554
rf,10,791,0.023654697318488654,0.07293188725462105
rf,10,792,-0.048661094654015684,0.05801274882245669
rf,10,793,-0.07719103378054779,0.025205872021250686
rf,10,794,0.046128062150614754,0.1266916528125872
rf,10,795,0.007750159633843012,0.007750159633843012
rf,10,796,0.20037247464529612,0.20037247464529612
rf,10,797,0.12436298537513013,0.2215205544748683
rf,10,798,-0.07206186193330141,-0.01534601277575507
rf,10,799,0.08688554461914391,0.10173991177561406
rf,10,800,0.10647238583965055,0.10647238583965055
rf,10,801,0.014344198499473368,0.014344198499473368
rf,10,802,0.05827316065192906,0.05827316065192906
rf,10,803,-0.12869474715847146,0.045586278400281205
rf,10,804,-0.10102543569994663,0.08056189126275415
rf,10,805,0.027545223912911282,0.15361094168907746
rf,10,806,0.0006547844140899484,0.17934747961475422
rf,10,807,-0.027245957911069325,0.03197380727751689
rf,10,808,0.09041337116150769,0.10937571042901903
rf,10,809,0.07186891786942692,0.11752653875442104
rf,10,810,0.0564334160337773,0.08932782440772963
rf,10,811,-0.06645043283098032,0.10664840119911892
rf,10,812,0.049884478343470096,0.049884478343470096
rf,10,813,0.06877038847332875,0.0710432209655211
rf,10,814,0.058676607660563374,0.12752732668575215
rf,10,815,-0.03729297251335425,-0.014278420905948316
rf,10,816,0.028812076310667872,0.08247528417086869
rf,10,817,0.02135462116876395,0.047930898946670714
rf,10,818,0.011850022328562415,0.09758235534986501
rf,10,819,-0.03785030182725721,0.018656331273438007
rf,10,820,0.04732727263691344,0.06118423834419223
rf,10,821,0.0013290703665929243,0.024993021047127306
rf,10,822,0.03152448681980989,0.08008179411223218
rf,10,823,0.027582267688323087,0.12896320594775265
rf,10,824,0.016185540025442452,0.2457054728531547
rf,10,825,0.05438889084989759,0.06082538231946735
rf,10,826,0.00823632240465104,0.1279251273161431
rf,10,827,-0.01509532408156062,0.05031027349865068
rf,10,828,0.06606080831352001,0.1624081586324052
rf,10,829,0.08196111540396678,0.08211882963058031
rf,10,830,0.06605418720255274,0.20263279402363077
rf,10,831,-0.03314351308740692,0.024586263445351753
rf,10,832,0.06210144961770689,0.06210144961770689
rf,10,833,0.1283888957880319,0.16218852003709014
rf,10,834,-0.005850779165479214,0.033568847253617196
rf,10,835,0.07049744465227464,0.19214422414426324
rf,10,836,0.034648461057686014,0.03990500020881886
rf,10,837,0.03345024927604784,0.10407068779931467
rf,10,838,-0.0009215491981532375,0.05123532144350047
rf,10,839,0.03434672519836117,0.15054584937297996
rf,10,840,-0.019718481205320798,0.03393168880653684
rf,10,841,-0.016825487873558136,0.07576301073253691
rf,10,842,-0.04955500714948209,0.1864858839220579
rf,10,843,-0.0023287238416249273,0.0014567289464843952
rf,10,844,0.1170079312163616,0.1170079312163616
rf,10,845,-0.010005028990350995,0.08302864371862029
rf,10,846,-0.1351259631192365,0.1059813227100247
rf,10,847,-0.11222781161398765,0.02670322579529437
rf,10,848,-0.02697346605779157,0.010264179948948252
rf,10,849,-0.03686920531153021,0.03729744038738368
rf,10,850,0.049990544573625756,0.05279059868267004
rf,10,851,0.07114085934149728,0.1532029835142024
rf,10,852,0.04010382787540377,0.04010382787540377
rf,10,853,-0.027986771698047808,-0.006146113749409474
rf,10,854,0.1777019074611072,0.24816738235659563
rf,10,855,0.1301715060258097,0.1301715060258097
rf,10,856,-0.02595794687549144,0.0377423547492509
rf,10,857,0.006322012047763115,0.13613166781839922
rf,10,858,-0.03554060559785882,0.04288669607530872
rf,10,859,0.09898624469250708,0.19040404376766584
rf,10,860,0.11042450496187883,0.12997052440849355
rf,10,861,-0.04520285841266718,0.03054078551537137
rf,10,862,-0.03388749255203385,0.1449067919393532
rf,10,863,-0.011336671677661406,0.025446920378532897
rf,10,864,0.07906901307664593,0.08535689954829476
rf,10,865,0.07795855485415318,0.07795855485415318
rf,10,866,0.055892527716057044,0.13483484137554785
rf,10,867,0.007771185595727745,0.04567109461713624
rf,10,868,0.02956039631703411,0.25436963351347613
rf,10,869,0.07555097988857565,0.11074701051180011
rf,10,870,-0.06031710184442737,0.01404879806509346
rf,10,871,-0.066447444155612,0.04531765965439308
rf,10,872,-0.037103005646548004,0.04263227391048956
rf,10,873,0.03326338434958524,0.1895994338653647
rf,10,874,-0.03711238808041673,0.037126758551400324
rf,10,875,-0.18277198654385945,-0.004198425792177399
rf,10,876,0.04114139123013137,0.05319440594940013
rf,10,877,0.005179817740735684,0.12644633801829303
rf,10,878,0.022691192990749426,0.08114324053705982
rf,10,879,-0.010481203000154322,0.013805370501260322
rf,10,880,-0.12252700806075253,0.02657086475875889
rf,10,881,-0.049318791298358686,0.020624409248028303
rf,10,882,0.06199885548032047,0.18575437262961525
rf,10,883,-0.02207901447156374,0.08826833780352245
rf,10,884,0.04037301539834265,0.04037301539834265
rf,10,885,-0.012573313576815168,0.09341428029043755
rf,10,886,0.11431192399802112,0.11468702426818767
rf,10,887,0.035040542670485855,0.1501242717386832
rf,10,888,-0.13669368117270927,-0.02184357217803809
rf,10,889,0.12041403002087706,0.12446047636404278
rf,10,890,0.0014988513347789917,0.06993422895308038
rf,10,891,-0.07109561775002954,-0.0031839727384764954
rf,10,892,0.013229060292434813,0.035915236083569
rf,10,893,-0.005475517460234572,-0.004317591984015615
rf,10,894,-0.08061002220775082,0.006192451690623713
rf,10,895,0.006045594013283542,0.04721867852718037
rf,10,896,0.01947143168846073,0.05434863943780216
rf,10,897,-0.14894143878994615,0.11418191152830232
rf,10,898,-0.06556488953203267,-0.011920734605992682
rf,10,899,-0.007264781748455303,0.11911891032170654
rf,10,900,-0.01964308286353813,0.12774263872136052
rf,10,901,-0.03842212871202105,0.10433854852735913
rf,10,902,-0.03469201825665163,0.14770889439943158
rf,10,903,0.024020581754484682,0.0387168017499806
rf,10,904,0.03459977254421907,0.09077557612154538
rf,10,905,0.03728766663151108,0.05128734918197653
rf,10,906,-0.053858781406335474,-0.0009512343945574653
rf,10,907,4.726739325790208e-05,0.01870789495716152
rf,10,908,0.026619385261075657,0.127720395315031
rf,10,909,0.06293705145661171,0.06293705145661171
rf,10,910,0.05218599696247288,0.0851390619058601
rf,10,911,-0.04896343505874268,-0.04896343505874268
rf,10,912,-0.06678240407829318,0.10186321246684063
rf,10,913,-0.00108468563178582,0.13841273214535713
rf,10,914,-0.03106914014865325,-0.00040960641013829124
rf,10,915,-0.0873484407115445,0.049325123317630185
rf,10,916,0.10539228624982483,0.11251985246622512
rf,10,917,0.0201342747563428,0.035763280424901886
rf,10,918,0.011218184697521158,0.17913549584391908
rf,10,919,0.06808582688850473,0.1048982162810127
rf,10,920,0.0008924609100997294,0.10313287873153215
rf,10,921,-0.057529620398078476,-0.04603458779510682
rf,10,922,-0.062071228038001976,0.1643300319013109
rf,10,923,0.021964303793474915,0.04078869058552691
rf,10,924,0.02534433861371914,0.053590993259800004
rf,10,925,-0.0091800908401867,0.08530751124070216
rf,10,926,-0.08075723313574684,0.07702308743921363
rf,10,927,0.007690329418901812,0.026095388276473896
rf,10,928,0.06286685383864798,0.20274406542428486
rf,10,929,0.01331865693696932,0.09918360528440401
rf,10,930,-0.028300634782452275,0.031670566776203724
rf,10,931,0.102619951658179,0.1612827775636987
rf,10,932,-0.019828665770622686,0.03708673843741153
rf,10,933,-0.0686347397166934,0.000814676138007786
rf,10,934,-0.005798520678092542,0.041664230025059174
rf,10,935,0.002147110643931041,0.00599932705861464
rf,10,936,-0.002503632429920258,0.015594956755490164
rf,10,937,0.023323091930733272,0.11390024014825678
rf,10,938,-0.06390445520667816,0.1277153598590458
rf,10,939,0.04256056586982218,0.20596925024831686
rf,10,940,0.028758255830610188,0.07438239310135428
rf,10,941,-0.002078415406786091,0.04837548832444215
rf,10,942,-0.06095924395642884,0.19732291740412639
rf,10,943,-0.11027447654733954,0.004411965289744801
rf,10,944,-0.172960798267838,0.040233876198574936
rf,10,945,0.06790560571330692,0.09902963690433364
rf,10,946,-0.012066580988849981,0.020426848753031912
rf,10,947,0.008180969808823907,0.05157721716633071
rf,10,948,-0.06588320335876659,0.04092717835406788
rf,10,949,-0.04577927409218521,-0.007176817408644683
rf,10,950,0.09300901621978006,0.13222829660742932
rf,10,951,0.09853870637668632,0.09853870637668632
rf,10,952,-0.022729447483466704,0.08029501400914413
rf,10,953,-0.007314140099758205,0.054813492564737124
rf,10,954,0.07325030015607309,0.08289646000811707
rf,10,955,-0.07185934884153443,0.10153267085503345
rf,10,956,-0.04313881715525067,-0.001969081891450189
rf,10,957,-0.06821270316291032,-0.04283249023580381
rf,10,958,-0.025627961886919,-0.008274042087067349
rf,10,959,0.005402343591598482,0.10988734499739214
rf,10,960,0.03341416835397462,0.03341416835397462
rf,10,961,-0.0856044844227302,0.07234103397249678
rf,10,962,0.1255709091035516,0.1255709091035516
rf,10,963,0.008768676949866466,0.04300435681832822
rf,10,964,-0.12140897812610525,0.03345537690800647
rf,10,965,-0.08988617034313953,0.03281159786857103
rf,10,966,0.02727754868770467,0.1044313740790419
rf,10,967,0.03687203132250251,0.03687203132250251
rf,10,968,-0.0631896290531229,0.0077646018240144915
rf,10,969,0.031779139516768265,0.05178231842677447
rf,10,970,-0.029868379822408836,0.21787306731970207
rf,10,971,-0.07208980155840954,0.03909973217999839
rf,10,972,-0.015272305961014407,0.01927801901203499
rf,10,973,0.08235231173017982,0.08235231173017982
rf,10,974,0.004597419056148966,0.009990309727584565
rf,10,975,0.028916005776874074,0.043370275180483114
rf,10,976,0.09156836884393355,0.09776323797597336
rf,10,977,0.0754727886919814,0.0754727886919814
rf,10,978,-0.06250484607789365,0.022535704272498458
rf,10,979,-0.10663882892220126,0.03422011085083343
rf,10,980,0.01795969101372158,0.01795969101372158
rf,10,981,0.023296833053396998,0.029519767351420756
rf,10,982,-0.10741765552411953,0.04160184081530094
rf,10,983,-0.009351872777252974,0.05070210931669544
rf,10,984,0.0978252425333874,0.0978252425333874
rf,10,985,-0.018538390963343247,0.0848695234965926
rf,10,986,0.07843236209570248,0.10022994069906027
rf,10,987,0.04583460294007935,0.04853168893320847
rf,10,988,-0.006523623495849423,0.05802377862874844
rf,10,989,0.0946448904390361,0.15059402610994746
rf,10,990,-0.11541703492426253,0.09405917106827247
rf,10,991,-0.11304284871669207,0.013929906782715579
rf,10,992,-0.026394258948567895,0.030924274007910202
rf,10,993,0.08161676678380062,0.14692524451250083
rf,10,994,-0.1258684464084632,-0.014255016552178444
rf,10,995,-0.05028228970061567,0.0509059896298555
rf,10,996,-0.0014170101698243176,0.11296737415126235
rf,10,997,-0.19726373671115427,0.021841014294407726
rf,10,998,0.04082548816363725,0.04082548816363725
rf,10,999,-0.17315427358923377,0.06931580454497602
rf,10,1000,0.11590462592889955,0.12707013468834358
rf,10,1001,0.04389329427182452,0.12289771193513072
rf,10,1002,0.014838238968643835,0.11536645037722063
rf,10,1003,0.08859918689046825,0.08859918689046825
rf,10,1004,0.0012260051843398095,0.025652953685089838
rf,10,1005,0.07363327574576845,0.07363327574576845
rf,10,1006,-0.02172249788717743,0.05291872897004668
rf,10,1007,-0.033009318274830425,-0.016721797560996204
rf,10,1008,0.014285479291342315,0.12280534662612116
rf,10,1009,-0.02641181662954417,0.031307380256220624
rf,10,1010,-0.07268876055612469,-0.016982930240443436
rf,10,1011,-0.14397611915209113,-0.005383208200144846
rf,10,1012,0.059096299131942115,0.08824157741537161
rf,10,1013,0.028339467806181823,0.09672130119735894
rf,10,1014,0.09426903582176785,0.09426903582176785
rf,10,1015,-0.007235609314901879,-0.007235609314901879
rf,10,1016,-0.0076696901135838574,0.06563218225258996
rf,10,1017,0.046359771592656085,0.10613100939005549
rf,10,1018,-0.09454122858302735,0.0394994443953854
rf,10,1019,0.005626595899877462,0.06032084640523158
rf,10,1020,-0.0369128311120569,0.041447805800719426
rf,10,1021,0.04941763832684684,0.04941763832684684
rf,10,1022,0.02184422143226865,0.10127234776696997
rf,10,1023,-0.07270472092466367,0.06323272045189465
rf,10,1024,0.09902506894953247,0.10115996185042073
rf,10,1025,-0.1120885423739724,0.014672646870678083
rf,10,1026,-0.00024571204229321963,0.10179706834976779
rf,10,1027,0.03531496196664968,0.1322354161128285
rf,10,1028,0.1245116859270736,0.13001032900192894
rf,10,1029,0.022415328196807166,0.05555452761889268
rf,10,1030,-0.062149918261850276,0.023935392149877527
rf,10,1031,-0.050614413905396116,0.016694448514944962
rf,10,1032,0.08344863507869743,0.09515979189642343
rf,10,1033,0.04908550008456661,0.08883046612313536
rf,10,1034,-0.10455817714293825,0.03032853669387124
rf,10,1035,-0.0371198848504796,0.08525400109953096
rf,10,1036,-0.1053923032023803,-0.028290462833520692
rf,10,1037,0.03424814185013646,0.03545301509899311
rf,10,1038,0.1300205278472637,0.15592222887012253
rf,10,1039,0.0930762426092819,0.11363026804112691
rf,10,1040,0.016445193469646083,0.04366298410712646
rf,10,1041,0.03278638620311014,0.10307148249833631
rf,10,1042,-0.0834216839227263,0.08021090008726789
rf,10,1043,-0.014653548728677017,0.08551223778816311
rf,10,1044,0.013581243796831621,0.030240912072340156
rf,10,1045,0.06591671956607534,0.06591671956607534
rf,10,1046,-0.03845216275704357,-0.0016557693254332928
rf,10,1047,0.046450077020151595,0.06161238647490866
rf,10,1048,-0.0784918237747555,-0.00653271947962622
rf,10,1049,0.037926320703072836,0.10981562591225519
rf,10,1050,-0.03586700012209646,0.07445663015946632
rf,10,1051,-0.030721920510193512,0.06953777666213873
rf,10,1052,-0.03642710936016569,0.026942455282551667
rf,10,1053,-0.004421431492875813,0.06459404745291558
rf,10,1054,-0.012935708139940216,0.03477384571831432
rf,10,1055,0.04135892181825443,0.04382419310666498
rf,10,1056,-0.1489232789617386,-0.008198579373773197
rf,10,1057,-0.04826180823109339,-0.029184120254677093
rf,10,1058,-0.049337958268414465,-0.0026826053467144395
rf,10,1059,-0.032036082776549624,-0.016469284260774354
rf,10,1060,-0.026114135729686565,0.03542720567217046
rf,10,1061,-0.005748872164170041,0.01819051074141198
rf,10,1062,-0.002133957884876858,0.005807360341968076
rf,10,1063,0.13160074227065469,0.13405434432416516
rf,10,1064,0.057939081940384274,0.05917053822179183
rf,10,1065,-0.03477963402891388,0.16661516905266469
rf,10,1066,0.01725993603560376,0.017560850949533233
rf,10,1067,0.015451754809515453,0.01840463476551514
rf,10,1068,-0.014714946953277137,0.02398229972650849
rf,10,1069,-0.003900291233632114,0.00048371558485249544
rf,10,1070,0.149671863314926,0.2471538556217553
rf,10,1071,-0.0374153940924018,0.051188149660989835
rf,10,1072,0.13007504494369376,0.16993287560159953
rf,10,1073,0.03757101581732632,0.11105575621010075
rf,10,1074,-0.028116177769754246,0.06319309823041547
rf,10,1075,-0.027178655419507432,0.010822217091717962
rf,10,1076,0.02260409175080416,0.0804804386468245
rf,10,1077,-0.01421432229085983,0.02350928139859315
rf,10,1078,-0.051636988223201875,0.06976241203841221
rf,10,1079,-0.09120046273024181,0.04791761457633674
rf,10,1080,0.03309179707150346,0.0871979919970284
rf,10,1081,-0.017756183294775706,0.025674476263526244
rf,10,1082,0.06673405336860352,0.06673405336860352
rf,10,1083,-0.06116670324091743,0.11863532882916772
rf,10,1084,0.0625852011622928,0.0625852011622928
rf,10,1085,0.03253708350475294,0.10742021313630479
rf,10,1086,-0.07220690067103558,0.015025634412195565
rf,10,1087,0.012413107940651355,0.06621244177835883
rf,10,1088,-0.020449744209088946,0.21938104678275921
rf,10,1089,0.07044171968034615,0.12271472821668936
rf,10,1090,0.13932984966625267,0.13932984966625267
rf,10,1091,-0.07873017848789501,-0.019182321230287125
rf,10,1092,-0.02812329599642601,0.007819667583944423
rf,10,1093,0.045729646260796064,0.04833970254460514
rf,10,1094,-0.010384195007766543,0.2057916668969284
rf,10,1095,-0.04973715656460503,0.05366118213406075
rf,10,1096,0.15358666453633948,0.1710617054446593
rf,10,1097,0.01386422653994658,0.04606395383328135
rf,10,1098,-0.01029346349505493,0.08504261828748125
rf,10,1099,0.006671953517982249,0.12385290770368707
rf,10,1100,0.060127112251283504,0.06692261129418423
rf,10,1101,-0.04468027015582226,0.06521160444394486
rf,10,1102,-0.01706616668769672,0.02868762448358271
rf,10,1103,0.011763999997592853,0.07740363213765164
rf,10,1104,-0.042040947513852504,-0.026759544788224565
rf,10,1105,-0.08112375333136149,0.07447154255553698
rf,10,1106,0.04521983460873541,0.11670050002248847
rf,10,1107,0.008391794680657455,0.1440657333128205
rf,10,1108,-0.08643337974344144,0.035707982524060114
rf,10,1109,-0.09510741637243403,0.04496356536783666
rf,10,1110,0.004842669804623861,0.004888293981222452
rf,10,1111,0.028817942024187332,0.029127378403178306
rf,10,1112,0.005531340953942102,0.035816787432042196
rf,10,1113,-0.06128769419499188,0.05745162514576532
rf,10,1114,0.060165561844356924,0.11981191943685068
rf,10,1115,0.006841651203342222,0.03787355555374426
rf,10,1116,-0.1177346091672675,0.008330240918420218
rf,10,1117,0.029816434819426543,0.07311302783249687
rf,10,1118,0.1046271970131939,0.15045392576684352
rf,10,1119,-0.009292508251127228,0.06320202076084391
rf,10,1120,-0.008888291999397814,0.055501346660369696
rf,10,1121,-0.011754823890026245,0.10005593115691033
rf,10,1122,-0.02604541354006837,0.1462079450312791
rf,10,1123,0.1126959010095307,0.1126959010095307
rf,10,1124,-0.03806036044841947,0.1056104459242228
rf,10,1125,-0.1288218457165492,-0.06419163129752234
rf,10,1126,0.02559470101584603,0.029464235363987137
rf,10,1127,-0.03183412261860957,0.18243008440521064
rf,10,1128,0.13744088720184042,0.13744088720184042
rf,10,1129,0.031186458386435037,0.031186458386435037
rf,10,1130,-0.08096404917459918,0.06959770218037323
rf,10,1131,0.0695226610026895,0.0956374629104769
rf,10,1132,0.07350553661762371,0.09027433689257336
rf,10,1133,0.03586760767516599,0.041439675887406394
rf,10,1134,-0.07376988520464473,0.010524804151778588
rf,10,1135,0.006244679055199834,0.06643395501732377
rf,10,1136,0.03403134212648337,0.17420148650357858
rf,10,1137,-0.013151537615821267,0.0460476572617462
rf,10,1138,-0.07874503497867874,-0.010743965162540038
rf,10,1139,-0.007662463698781284,0.1424678583496992
rf,10,1140,-0.04964690877818488,-0.022385196955246676
rf,10,1141,0.06971518334441043,0.06971518334441043
rf,10,1142,0.017665860382884063,0.07937464280987191
rf,10,1143,-0.11565036469387519,-0.026393621845568906
rf,10,1144,-0.11115559710231662,0.042116738944597276
rf,10,1145,-0.031137427247214626,0.044794970942653556
rf,10,1146,-0.016170885282541514,0.01658411097280396
rf,10,1147,0.05204126154656184,0.23920624862978318
rf,10,1148,-0.026791098028989956,0.04461445755029311
rf,10,1149,-0.09704446351973983,0.007323261769125289
rf,10,1150,0.09312128540115047,0.14034253705731756
rf,10,1151,-0.02621753692259749,0.04497326569677483
rf,10,1152,-0.1417203155044165,0.02199874764156172
rf,10,1153,-0.08372735658152985,0.04202035482915216
rf,10,1154,0.033593088054268874,0.18234304468616436
rf,10,1155,0.06433319962087791,0.1299585730823615
rf,10,1156,-0.1834065320975768,0.027310192760250387
rf,10,1157,-0.010866126963468892,-0.010866126963468892
rf,10,1158,-0.06130667993011066,0.12499230552988819
rf,10,1159,0.04441201228078791,0.04441201228078791
rf,10,1160,-0.12344334658991793,0.03418935741070449
rf,10,1161,0.01694118901712116,0.02340191867399019
rf,10,1162,0.01339577264085745,0.08328949995250423
rf,10,1163,-0.06873849038304682,0.11818292377488643
rf,10,1164,-0.04461223743595913,0.03663967504658994
rf,10,1165,0.07308049474017245,0.12661877069852595
rf,10,1166,-0.0268004391671414,0.04612929546147716
rf,10,1167,-0.07539187752063188,0.03789090639230039
rf,10,1168,-0.05052652193756728,-0.01899576164286157
rf,10,1169,0.03087662086469474,0.0876556684671776
rf,10,1170,-0.03849116279268054,0.052505419572623224
rf,10,1171,0.06668040885342716,0.15926268072623448
rf,10,1172,0.031732062578882905,0.21261561780016713
rf,10,1173,0.13184395187990822,0.1590192548478966
rf,10,1174,-0.07505464467230476,-0.0024517859170074263
rf,10,1175,-0.003368441862556637,0.15522843123127406
rf,10,1176,-0.09613971961193946,0.05671341822532591
rf,10,1177,-0.07013698643903223,0.027059337963358937
rf,10,1178,0.07962533088065618,0.0875352507882736
rf,10,1179,0.0632554984565688,0.0632554984565688
rf,10,1180,-0.08524841078102728,0.011614197409280422
rf,10,1181,-0.0694406455336577,0.09343427889118769
rf,10,1182,0.11442868512311458,0.13888675514685134
rf,10,1183,0.09387038328779604,0.1541871265812343
rf,10,1184,0.05395252911703871,0.10252166927497527
rf,10,1185,0.04452600394825733,0.0840441725513438
rf,10,1186,0.09389182028344256,0.15320659387428215
rf,10,1187,-0.10721512018771319,0.10512545706041557
rf,10,1188,0.10680254667027064,0.12264546289187372
rf,10,1189,-0.059448735466384475,-0.059448735466384475
rf,10,1190,0.06397068932617483,0.06711482932294172
rf,10,1191,0.09167558133684034,0.09167558133684034
rf,10,1192,0.016412415260042668,0.1580777087311223
rf,10,1193,0.026737549636891886,0.03088304666372582
rf,10,1194,0.07197165703344252,0.07197165703344252
rf,10,1195,0.03956227312080787,0.0704066245957646
rf,10,1196,0.03410537682959189,0.0951144393906376
rf,10,1197,-0.051298670323768183,0.10067480815792054
rf,10,1198,-0.09824353632435387,0.04437226408116628
rf,10,1199,-0.05627903606734104,0.12207251620004159
rf,10,1200,0.036932320354662096,0.12758031601397446
rf,10,1201,-0.018348034958983177,0.05075825285864484
rf,10,1202,0.12122289355693003,0.17265501981627646
rf,10,1203,0.04035089499536908,0.12212803319037879
rf,10,1204,0.03435358599748284,0.03435358599748284
rf,10,1205,-0.06351426984385322,0.06247428900927815
rf,10,1206,0.04254560158016944,0.10529940869985985
rf,10,1207,-0.055457586728293984,-0.043053785619665254
rf,10,1208,-0.005546087421802973,0.04574400104480679
rf,10,1209,0.038170248417349395,0.056279909474064
rf,10,1210,-0.17942443317736817,0.045916351316935916
rf,10,1211,0.0839420265692345,0.1218714523793592
rf,10,1212,0.09390462776894301,0.15894796087289148
rf,10,1213,0.05270292184239368,0.14434155205899013
rf,10,1214,0.05796255840831532,0.05796255840831532
rf,10,1215,0.016579231777309453,0.030523854910735268
rf,10,1216,0.021559755591460783,0.03760692327390619
rf,10,1217,0.012907329873447823,0.03298420059921092
rf,10,1218,0.061579385266157444,0.08674202915337881
rf,10,1219,0.013666946583500997,0.013666946583500997
rf,10,1220,-0.03877997532030799,0.10677269016344387
rf,10,1221,-0.03515716748103008,0.03367521949747798
rf,10,1222,-0.09074482886396121,-0.007140481714351457
rf,10,1223,0.026190276773844848,0.0700044107143423
rf,10,1224,-0.0016599067780236065,0.22974113173485722
rf,10,1225,0.025127673963912217,0.049652378744547226
rf,10,1226,0.008960542187669202,0.09911636595328194
rf,10,1227,0.030185003423144452,0.08616226676781955
rf,10,1228,-0.08877792234285051,0.02808176700158907
rf,10,1229,0.04879427092385526,0.05922389582026824
rf,10,1230,0.020594169566960654,0.07200380455914221
rf,10,1231,0.08326650960891177,0.2188931715640962
rf,10,1232,-0.011731739959702316,-0.005877157035930156
rf,10,1233,0.08932551447653242,0.19460412538440547
rf,10,1234,-0.007754624093533891,0.03932345826379048
rf,10,1235,0.08571665578925364,0.09024163561319198
rf,10,1236,-0.08859097893491903,0.1677527972866733
rf,10,1237,0.018340834003795117,0.11774767687737533
rf,10,1238,0.07164891850181507,0.12510188020491644
rf,10,1239,0.0017914511505895125,0.12044728953091291
rf,10,1240,-0.09120140702015937,0.06842896596506462
rf,10,1241,3.0207875994059386e-05,0.04351388763197418
rf,10,1242,-0.0896563354363755,0.03054801501992066
rf,10,1243,-0.03803761210764231,-0.00013524296130210112
rf,10,1244,-0.12068819966709647,0.11295570537492847
rf,10,1245,-0.05439896987945541,0.004566951493996857
rf,10,1246,-0.0742758367232995,0.07879548210680967
rf,10,1247,-0.033208726887822664,0.1262982687723929
rf,10,1248,0.05094836134637781,0.0948710974920432
rf,10,1249,-0.006945562234342249,0.06498854316944405
rf,10,1250,-0.03611090343546807,0.1818553384796585
rf,10,1251,-0.059928945649251275,-0.02199842580412565
rf,10,1252,-0.009982107410442947,0.13498491623164938
rf,10,1253,0.051380447923011524,0.1015454755785094
rf,10,1254,0.1327025672701856,0.1327025672701856
rf,10,1255,0.020972929503013493,0.07212298033825487
rf,10,1256,-0.025521970125370413,0.059152214681377074
rf,10,1257,0.07454321187775134,0.13812509458002056
rf,10,1258,0.036696238091902186,0.036696238091902186
rf,10,1259,-0.03454269509845259,0.03778028841782148
rf,10,1260,-0.053829055301088724,-0.0307560142017657
rf,10,1261,-0.07453985315882931,-0.00023154790032905992
rf,10,1262,0.023158862971207533,0.02652439768975985
rf,10,1263,-0.03222146357301762,0.04326583106510312
rf,10,1264,-0.049695268297208085,0.07139656779765771
rf,10,1265,0.0768117375944958,0.1391446557564317
rf,10,1266,0.10398397203443135,0.11398838045081858
rf,10,1267,-0.10099528834355222,-0.04980823555586164
rf,10,1268,0.010979012631311721,0.015488861094155426
rf,10,1269,-0.11240153847935977,-0.03303942059303437
rf,10,1270,-0.03786448164655867,0.015319700273139877
rf,10,1271,-0.01763981886784565,0.08647297768188664
rf,10,1272,0.00518556231020148,0.14631913969372506
rf,10,1273,0.14143135830533768,0.14748448685436036
rf,10,1274,0.0909861100697544,0.0909861100697544
rf,10,1275,-0.0798022024355387,0.037977029993175815
rf,10,1276,-0.04965132913025923,0.1284573955534659
rf,10,1277,0.016993618468817903,0.016993618468817903
rf,10,1278,-0.025348994227288417,0.07250250907885886
rf,10,1279,0.021078387566433335,0.08592447458430716
rf,10,1280,0.006269992401552432,0.05035589683645632
rf,10,1281,0.1008292224989335,0.116184646987599
rf,10,1282,-0.11813479587254827,0.022194065385334402
rf,10,1283,-0.03779308771785263,-0.005720633149304696
rf,10,1284,-0.002386142824669077,0.04197937510080031
rf,10,1285,-0.056447722658142546,0.00463328401587855
rf,10,1286,-0.030155316997598693,0.02131532298980464
rf,10,1287,0.0011515998526546722,0.0011515998526546722
rf,10,1288,-0.00979596565480749,0.07353671296278494
rf,10,1289,-0.031678114381417107,-0.00023751011255006282
rf,10,1290,-0.10652669789224806,0.05479212188875124
rf,10,1291,0.02306166119934347,0.1568200094226444
rf,10,1292,0.07701441358476205,0.10340866193276738
rf,10,1293,-0.10934647733178382,-0.008665324923300438
rf,10,1294,-0.002733998229808632,0.08054895825378036
rf,10,1295,0.0887125878128012,0.16145079311735072
rf,10,1296,0.002545991672366646,0.1163054971798464
rf,10,1297,0.08463791435074333,0.08463791435074333
rf,10,1298,-0.05477346538989134,0.034140662601079785
rf,10,1299,0.01676087466697053,0.023204473418513727
rf,10,1300,-0.014608853492770225,0.0371154521923633
rf,10,1301,0.052600631740890164,0.08331090207128705
rf,10,1302,-0.014127002635114759,0.006876263133760982
rf,10,1303,0.060198557016353876,0.12145278054905606
rf,10,1304,0.0061801716641660814,0.1712028054277902
rf,10,1305,0.04159555268038427,0.06474018475634388
rf,10,1306,-0.05215766211578472,0.041245490482444955
rf,10,1307,-0.02759262803396246,-0.0008587821840604082
rf,10,1308,-0.015291294076374987,0.14279475717391346
rf,10,1309,-0.05103047659977894,-0.003048478202139132
rf,10,1310,0.014053723326457018,0.01623989386946581
rf,10,1311,-0.03668438817603256,0.021320030390670555
rf,10,1312,-0.07274242239497294,-0.04148118328179069
rf,10,1313,-0.15130398978082682,-0.0750435161642184
rf,10,1314,0.09904831071743284,0.12374727511129352
rf,10,1315,0.055784718865054705,0.06624092378535909
rf,10,1316,-0.02530369664114175,-0.01843895272932291
rf,10,1317,0.006994580981579623,0.030093934228372074
rf,10,1318,-0.03489486989515301,0.04650046714586209
rf,10,1319,-0.011571953370316225,0.03632603791849874
rf,10,1320,-0.16010031819074583,0.15453380485277185
rf,10,1321,-0.0214779490617754,0.00033957735005300804
rf,10,1322,0.06742658688697717,0.16037584399921195
rf,10,1323,0.013854783803065915,0.013854783803065915
rf,10,1324,-0.0517762975284226,-0.0517762975284226
rf,10,1325,0.07467494668942443,0.13100179704071993
rf,10,1326,0.032627414168786686,0.12154705728359183
rf,10,1327,-0.07256576116262818,0.029462197622037722
rf,10,1328,-0.2084817060592212,-0.0296566295436822
rf,10,1329,-0.0841729541905538,0.08824493021085783
rf,10,1330,0.02437379128758682,0.10774194064838555
rf,10,1331,-0.04372322480201047,-0.012280612713008836
rf,10,1332,0.11524277710790734,0.11524277710790734
rf,10,1333,0.0015481082241184108,0.0076572308875896555
rf,10,1334,-0.03658290881560955,0.04392448811941113
rf,10,1335,0.05749080244298474,0.05749080244298474
rf,10,1336,-0.028755710472276354,-0.016187408511418068
rf,10,1337,0.005032955418544344,0.07663839849824744
rf,10,1338,-0.0022385132606854014,0.03860068560895495
rf,10,1339,-0.07078930364747153,-0.07078930364747153
rf,10,1340,0.06633896279002774,0.06974625173723714
rf,10,1341,0.028484680526267486,0.08636362723047356
rf,10,1342,0.0011376070807790212,0.05159050525227492
rf,10,1343,0.04173942809403319,0.055673250647498396
rf,10,1344,-0.05042371877390798,0.016220120238818955
rf,10,1345,0.04700479714173085,0.10070543549513936
rf,10,1346,0.008919616534509067,0.010074580778795028
rf,10,1347,0.011097589513585124,0.13089551670035302
rf,10,1348,-0.010580910075115961,0.0632584895299749
rf,10,1349,0.04005017659271032,0.11351261223734938
rf,10,1350,-0.05646869017010974,0.0489029887877485
rf,10,1351,0.016759118290323255,0.08892513196146648
rf,10,1352,0.17976997359252742,0.20073539588081007
rf,10,1353,-0.060930408079425055,0.049099749599031184
rf,10,1354,0.06287957023047311,0.14802493655646487
rf,10,1355,0.08032824857171586,0.0896119903755811
rf,10,1356,-0.07159350726038556,0.1345028983896701
rf,10,1357,-0.027265121828690606,0.08622342631922639
rf,10,1358,-0.001357938703893155,0.07799147072570789
rf,10,1359,-0.12324679593526926,0.12779968507136294
rf,10,1360,-0.053105842778253046,0.0569871419675938
rf,10,1361,0.20934649365028923,0.2311852648996709
rf,10,1362,-0.05061126681764043,0.010556978399779093
rf,10,1363,0.09796240822992164,0.14011773689189316
rf,10,1364,0.010380667287620271,0.06583307247322415
rf,10,1365,0.05618557705308995,0.10904124541650442
rf,10,1366,-0.08857858531711166,0.12174371335041159
rf,10,1367,-0.0706128926088146,0.04929363619687689
rf,10,1368,-0.015846750461942817,0.04721400297985591
rf,10,1369,0.003905699768659829,0.0749413148260927
rf,10,1370,0.12617525271951796,0.17332604400260487
rf,10,1371,0.049946748743082484,0.1441772981440564
rf,10,1372,-0.03578640367838731,0.03771028966433909
rf,10,1373,0.024164126945303482,0.11391541670904126
rf,10,1374,-0.07029974340183144,0.11231275975974656
rf,10,1375,-0.06851401631163767,-0.02604805690572915
rf,10,1376,-0.01461782179063139,-0.011056381568065057
rf,10,1377,-0.08560558529686062,0.01293780034616221
rf,10,1378,0.026885702576281548,0.13074772597186843
rf,10,1379,-0.05623104251219183,0.045895118900838014
rf,10,1380,0.004991595788927869,0.054803683181323504
rf,10,1381,-0.015477306793385326,0.02276619415634419
rf,10,1382,-0.0428178498451623,-0.0428178498451623
rf,10,1383,-0.009146222206840575,0.09494965942000311
rf,10,1384,0.01379744900324538,0.04187406036680881
rf,10,1385,-0.05576188421806628,0.0779549642074383
rf,10,1386,-0.05428267441427495,-0.007496240883617132
rf,10,1387,-0.08195208288904535,0.1274181095873737
rf,10,1388,-0.04263073441064285,0.013996711522407501
rf,10,1389,0.07280358217183164,0.07280358217183164
rf,10,1390,-0.07260419073858844,0.12414184901347297
rf,10,1391,-0.0015329785631937876,0.14335496880627466
rf,10,1392,-0.006342671787789744,0.04047035856531582
rf,10,1393,-0.07767105807562741,0.05973410930318668
rf,10,1394,-0.012424415956926976,0.06151681229567993
rf,10,1395,0.0012598811250578434,0.1291087232620587
rf,10,1396,-0.014693906117014897,0.13782995179550417
rf,10,1397,0.06238854566282609,0.08815185485015856
rf,10,1398,0.01773849199882789,0.051400112339479
rf,10,1399,-0.009798073657279298,0.0830291369554089
rf,10,1400,-0.13329166387184177,0.10540699527116679
rf,10,1401,0.13281471728201394,0.1451304283126953
rf,10,1402,-0.09559202476412273,0.05904917833028753
rf,10,1403,-0.09368103961000397,0.07385736364412152
rf,10,1404,0.08763207379907234,0.11547035215694332
rf,10,1405,0.004024346055918171,0.08070945213276798
rf,10,1406,0.1293135643345858,0.1356033575947452
rf,10,1407,0.029322249816060048,0.029322249816060048
rf,10,1408,-0.027445566687708554,0.14221223474704883
rf,10,1409,0.1432931913423882,0.1432931913423882
rf,10,1410,0.01699259835595042,0.051996977273991385
rf,10,1411,-0.10529887314424685,-0.038335563385894625
rf,10,1412,-0.02970144365488281,0.05089035779898106
rf,10,1413,0.05232485351190087,0.06985819978820546
rf,10,1414,0.0750757613725869,0.0750757613725869
rf,10,1415,0.032999159086899946,0.05428306710282034
rf,10,1416,0.04807562700470261,0.04807562700470261
rf,10,1417,0.025717786614974508,0.055385939744220486
rf,10,1418,-0.009689418357689876,0.12722369790684634
rf,10,1419,0.008324191594226052,0.07849939396771241
rf,10,1420,0.06044926029998898,0.08042304504434411
rf,10,1421,0.040111185630056556,0.06776236223068
rf,10,1422,0.024139926263684885,0.11554368482805827
rf,10,1423,0.08727485141617203,0.11141255718713694
rf,10,1424,0.014061685442682464,0.0904347211217095
rf,10,1425,0.10482286609373204,0.10482286609373204
rf,10,1426,0.13741268470645937,0.18141455544421603
rf,10,1427,-0.10398886349849798,-0.02909869299664721
rf,10,1428,-0.08111854659587872,0.1204228178259992
rf,10,1429,-0.030499598859994398,0.13025867859036253
rf,10,1430,-0.010338557160114344,-0.005790101803483522
rf,10,1431,0.024420512857628238,0.15759999356239687
rf,10,1432,0.04625303115357246,0.14372182058583463
rf,10,1433,0.05425384967267695,0.05425384967267695
rf,10,1434,-0.08293429461900727,0.046972913185071255
rf,10,1435,-0.024932482466950484,0.0945935033874295
rf,10,1436,0.09309417171499274,0.0943768804823916
rf,10,1437,-0.14213322859833885,-0.05386301112341817
rf,10,1438,-0.014939220420571865,0.06474374478547534
rf,10,1439,-0.02738318449736358,0.06438263483163395
rf,10,1440,0.10381676290256542,0.10381676290256542
rf,10,1441,-0.000567825852221232,0.1142600456443377
rf,10,1442,-0.03678765933400584,0.10228834017621855
rf,10,1443,0.04881823123902025,0.04881823123902025
rf,10,1444,0.05820807208240947,0.06227182685803351
rf,10,1445,0.021665730834092997,0.08128558286648788
rf,10,1446,-0.10459497110376503,0.1106161360929673
rf,10,1447,0.012571344914453275,0.16925679170463087
rf,10,1448,-0.22826624548734958,0.09429716676916955
rf,10,1449,-0.08782568476143468,-0.005050771172861748
rf,10,1450,0.022904036192598842,0.043104746875843036
rf,10,1451,-0.04021445757485782,0.05507601141034277
rf,10,1452,0.00920864017240755,0.08882065861076785
rf,10,1453,-0.07273869461975069,0.06735319352510949
rf,10,1454,0.013724336675838208,0.07775359867824252
rf,10,1455,0.05716504329886346,0.18629612069857754
rf,10,1456,0.06107249027360667,0.15885360006821772
rf,10,1457,0.08539764906895841,0.08539764906895841
rf,10,1458,-0.18391236679601056,0.00042957647900015994
rf,10,1459,-0.033721604596367215,0.028996313232859394
rf,10,1460,0.04228407912929458,0.04228407912929458
rf,10,1461,-0.03694728245023904,0.08899843915008787
rf,10,1462,0.04833785708016407,0.09982616488794194
rf,10,1463,0.08858812956165796,0.09907358225158727
rf,10,1464,0.022846193352985045,0.037328558499508155
rf,10,1465,0.018056383376625393,0.07516115208448729
rf,10,1466,-0.0005855116276971828,0.09476797249231017
rf,10,1467,0.09038711427750881,0.1263019041883837
rf,10,1468,-0.07245952019795238,0.0699597399201482
rf,10,1469,0.10996066904986163,0.1305938267662023
rf,10,1470,-0.04455447965157815,0.06558904155942158
rf,10,1471,-0.08866094331879512,0.046354586762403546
rf,10,1472,0.04370029155389017,0.14210623870853042
rf,10,1473,-0.12976501022738124,0.0327457838859081
rf,10,1474,-0.04925559500251642,-0.02719228717015197
rf,10,1475,0.0036104083716003155,0.12376023683570597
rf,10,1476,-0.015914271973576692,0.03352980497956046
rf,10,1477,-0.10071575310131398,0.060263231839176756
rf,10,1478,0.005403640413565794,0.060752245453682435
rf,10,1479,0.05639305564742833,0.10772683105728773
rf,10,1480,0.005744744092843729,0.033871937312799624
rf,10,1481,-0.06998591334790322,0.01626910161506713
rf,10,1482,0.08662189461726624,0.11100212993496558
rf,10,1483,0.07630409394488552,0.08414029204850831
rf,10,1484,0.0016949698091413695,0.1659987267611244
rf,10,1485,-0.16375142542912124,0.017687553649307575
rf,10,1486,-0.025465835569421252,0.09433060815305497
rf,10,1487,-0.06971812235154233,0.07341282063831228
rf,10,1488,-0.02879400183870695,0.013099631649030774
rf,10,1489,0.11473083234610762,0.11473083234610762
rf,10,1490,-0.029674224245393156,0.007690703508397373
rf,10,1491,-0.04190909069605149,-0.002637791375518811
rf,10,1492,-0.017364520121517395,0.11218144217169193
rf,10,1493,-0.056143003416048276,-0.020989956240820243
rf,10,1494,0.010316034264350488,0.03403601011966556
rf,10,1495,0.12003657725785313,0.19162954351377254
rf,10,1496,-0.04805517337305115,-0.0025810149951613487
rf,10,1497,-0.0010147571220414653,0.03520070637499238
rf,10,1498,-0.00527611413982193,0.025492060394877378
rf,10,1499,-0.08297886771924087,-0.008461797081731483
rf,10,1500,-0.06471849071450471,0.1646820041183818
rf,10,1501,0.0519712945686777,0.06300646131902002
rf,10,1502,0.019474320648828425,0.09430896214709428
rf,10,1503,0.05146889865689462,0.05146889865689462
rf,10,1504,-0.026627024403089686,0.034608565876085906
rf,10,1505,-0.014136807167998651,0.048251227380870634
rf,10,1506,-0.011464867424209213,-0.010415568240460325
rf,10,1507,-0.09630562339054494,0.0707495182496625
rf,10,1508,-0.08653071439706798,0.019277760224090446
rf,10,1509,-0.22766607809323972,0.0426641361470967
rf,10,1510,-0.05483727394581829,-0.005255284235007554
rf,10,1511,-0.05521693625322116,0.12579913373410473
rf,10,1512,-0.016487424651976328,0.15547220194565115
rf,10,1513,-0.036981859134572664,0.05823995015130817
rf,10,1514,0.04952673774339847,0.11553739575252531
rf,10,1515,0.06844303657373568,0.1180407696128769
rf,10,1516,0.05777325601272579,0.08202138785853225
rf,10,1517,0.0026627464127375183,0.06659509263963004
rf,10,1518,-0.11078645904815271,0.013204236474179967
rf,10,1519,-0.019269201117685285,0.012089629634873866
rf,10,1520,-0.03551759222175721,0.01990799828080979
rf,10,1521,-0.03501831032303407,0.03657613835411609
rf,10,1522,-0.0487599346238207,0.03911724478929847
rf,10,1523,0.07482402174649569,0.07482402174649569
rf,10,1524,0.010187752785583828,0.06608149120374421
rf,10,1525,-0.022772233112402146,0.017546438972999984
rf,10,1526,-0.011078789116993129,-0.00458584159171857
rf,10,1527,-0.03050366887951267,0.03242555455356541
rf,10,1528,0.004914556575777204,0.020301398393567996
rf,10,1529,0.07226487186561015,0.07226487186561015
rf,10,1530,0.014024822414957852,0.014024822414957852
rf,10,1531,0.13028237741506496,0.13028237741506496
rf,10,1532,-0.06860456384834115,0.023813677134653807
rf,10,1533,0.09880295238603756,0.09880295238603756
rf,10,1534,0.1573555263156952,0.16695980667026794
rf,10,1535,0.04801601487518006,0.15756063438217482
rf,10,1536,-0.01738693744563203,0.009055254753956535
rf,10,1537,-0.06191181561984636,0.05712567447296277
rf,10,1538,-0.13509803063856868,-0.05135511768989683
rf,10,1539,0.13022634142267692,0.19308942956566877
rf,10,1540,0.04261502203462823,0.04799767325404969
rf,10,1541,0.002374447028818588,0.1192123748698419
rf,10,1542,-0.11323506872342537,0.06660434263128232
rf,10,1543,0.014122392875669215,0.02689141583764698
rf,10,1544,-0.05363726818721493,0.08169645318816979
rf,10,1545,0.03043258917623,0.15786873689464037
rf,10,1546,0.005707130397090143,0.07137463122372151
rf,10,1547,-0.0370816110860588,0.0461055948251875
rf,10,1548,-0.001714750880620508,0.0538584041432236
rf,10,1549,0.10238503680103175,0.1164460883940262
rf,10,1550,0.005041369792866124,0.058480562832637306
rf,10,1551,0.04906486158624623,0.04906486158624623
rf,10,1552,-0.133646594723979,-0.0042483642161371266
rf,10,1553,-0.027743675160487723,0.031479517634791704
rf,10,1554,0.002888475767769974,0.06449426969449815
rf,10,1555,-0.08626443332654177,0.0016393888816932795
rf,10,1556,0.054299290471502795,0.1445702475846587
rf,10,1557,-0.03140099719014511,0.18808248694291507
rf,10,1558,0.036902872768774034,0.036902872768774034
rf,10,1559,-0.00216850631055171,0.17868779709912166
rf,10,1560,-0.0058203713005507,0.07430448502249926
rf,10,1561,-0.008009882744277275,0.011096624453777681
rf,10,1562,0.0442461661094367,0.0734936421898808
rf,10,1563,0.011056239306589832,0.06715624769608625
rf,10,1564,0.0182350691831015,0.035798415751322074
rf,10,1565,0.05086438749730322,0.05086438749730322
rf,10,1566,-0.04326610195399784,0.020219997714160137
rf,10,1567,0.03384767918875277,0.035131322315731406
rf,10,1568,-0.07620345322209104,0.02526805142105379
rf,10,1569,-0.05584895131404477,0.08064634261854484
rf,10,1570,-0.10036429050067278,0.002421598294341354
rf,10,1571,-0.036590115259941894,0.021763365669459953
rf,10,1572,-0.016093278752045206,0.09686224406321245
rf,10,1573,0.020033430952452927,0.0314313644921371
rf,10,1574,-0.02299207237993218,-0.017357843235664472
rf,10,1575,-0.05975510397350766,0.18713819579316404
rf,10,1576,0.10018846077881735,0.10018846077881735
rf,10,1577,-0.03696408929305164,0.022332624390275294
rf,10,1578,0.0034867837149567815,0.04494303226268151
rf,10,1579,0.14784926079380342,0.15490306894350478
rf,10,1580,-0.05425642370913404,0.024864744496863364
rf,10,1581,0.00019739970918157546,0.09845573963898044
rf,10,1582,-0.09061663192221686,0.02128472099876151
rf,10,1583,-0.10399276889022695,-0.04646942630954905
rf,10,1584,-0.08169723740149522,0.07324297538136856
rf,10,1585,0.022268088254850174,0.04438776019892876
rf,10,1586,-0.061487533473922634,0.027480698009955062
rf,10,1587,0.0185720275509888,0.047396620695717276
rf,10,1588,0.018186455854462283,0.060724687898570245
rf,10,1589,0.0010483645020923221,0.0530828271974504
rf,10,1590,0.027522387334966286,0.07831833337205155
rf,10,1591,-0.0597708538260376,0.09732214017806942
rf,10,1592,0.009176625148624454,0.06388412776753413
rf,10,1593,0.07619993626014454,0.20137513088601622
rf,10,1594,-0.032749413303755213,0.09048278309754479
rf,10,1595,0.014977826899476354,0.06756738403335646
rf,10,1596,0.07596327317827634,0.11936918741555558
rf,10,1597,-0.062421443325025604,-0.026695125549433943
rf,10,1598,0.09128562020473055,0.10001429214857277
rf,10,1599,0.09595198216662687,0.09595198216662687
rf,10,1600,0.0882616350067427,0.0882616350067427
rf,10,1601,0.02289832113079565,0.120606922150503
rf,10,1602,-0.017616828665056823,0.0462913588334459
rf,10,1603,0.0181189559568586,0.08985579250280049
rf,10,1604,0.011085955859954394,0.06279685584793529
rf,10,1605,0.03338306728368495,0.06459357982210731
rf,10,1606,-0.0602088626703923,-0.0013757109746624918
rf,10,1607,0.08081843623867638,0.13325924812883255
rf,10,1608,0.09295436975413796,0.13282783952762015
rf,10,1609,0.003773974794533591,0.03386702288141184
rf,10,1610,-0.028941993097642976,0.09650631571214086
rf,10,1611,-0.03628320098794263,0.09657829293516587
rf,10,1612,-0.014373615035901455,0.0035197412989710075
rf,10,1613,-0.029148475991200462,0.08034618809846505
rf,10,1614,0.051174247252191885,0.13269222892270616
rf,10,1615,0.0738418787677913,0.10897749865650297
rf,10,1616,0.020937414243638652,0.020937414243638652
rf,10,1617,-0.13919970859775965,-0.032949915984334846
rf,10,1618,-0.0365867836069136,-0.0365867836069136
rf,10,1619,0.08634315079220312,0.20765168346288299
rf,10,1620,0.058865910093379076,0.058865910093379076
rf,10,1621,-0.11233479196593085,0.08202130385693387
rf,10,1622,-0.008519189233538414,0.05904546137194336
rf,10,1623,0.04661188815634594,0.0968138178841649
rf,10,1624,0.09325496104980069,0.09325496104980069
rf,10,1625,0.10654707884789621,0.11142038952791813
rf,10,1626,0.025367690540053764,0.057989551294926805
rf,10,1627,0.12279682502492617,0.12279682502492617
rf,10,1628,0.026873057429801797,0.02921772861078463
rf,10,1629,0.1019536376316082,0.1743870340143343
rf,10,1630,-0.09240451339635901,0.007426309087034677
rf,10,1631,-0.012297546984929568,-0.003905762278848021
rf,10,1632,0.05524538889785019,0.05847253377841219
rf,10,1633,0.001064269511963034,0.001064269511963034
rf,10,1634,-0.012794177246777123,-0.004607685284467519
rf,10,1635,-0.04505309221204197,0.03939182106090032
rf,10,1636,0.02629196907114266,0.04347018470457026
rf,10,1637,-0.04620638773132829,0.08874502817641874
rf,10,1638,0.0027046783107869676,0.12475445155532011
rf,10,1639,0.03814713373030672,0.04706533600291968
rf,10,1640,-0.02963372629776368,-0.017050488960954305
rf,10,1641,-0.07693399269706479,0.03673013267021778
rf,10,1642,-0.08616573820601581,-0.022410682637363177
rf,10,1643,0.06410175898414006,0.07807114792037079
rf,10,1644,0.06400537121129368,0.1191950808391723
rf,10,1645,-0.06449616000972494,0.022625038808391534
rf,10,1646,0.002664600701867026,0.12202471459868805
rf,10,1647,-0.07100626889330618,0.012018279947546243
rf,10,1648,-0.013123823074264712,0.04392238569247846
rf,10,1649,0.06768917864363,0.10119444850385087
rf,10,1650,-0.08212491140668107,0.0062854209691901725
rf,10,1651,-0.11340934801630276,-0.010992425180162031
rf,10,1652,0.029467285778468258,0.1478139070119413
rf,10,1653,-0.004120000490710887,0.028236478136235435
rf,10,1654,0.006547350046460898,0.022574385111279863
rf,10,1655,0.07327922225112254,0.07327922225112254
rf,10,1656,0.04117468335389801,0.14712333958837331
rf,10,1657,0.05240912729904508,0.06552134689101963
rf,10,1658,0.07817378154076193,0.1628710323530352
rf,10,1659,0.05773655472862177,0.06760115760800584
rf,10,1660,0.038428019803908114,0.07975850680263036
rf,10,1661,0.04005539888903907,0.06065083203479216
rf,10,1662,0.0506354084531192,0.07295128936855921
rf,10,1663,0.09792367958577813,0.09792367958577813
rf,10,1664,0.01932801168939459,0.06054222054976144
rf,10,1665,0.05520069423028465,0.12027493319607716
rf,10,1666,0.10277463930222722,0.11142780963619484
rf,10,1667,-0.12784774408081334,0.03391036996535214
rf,10,1668,0.07276304853162438,0.10176133347550528
rf,10,1669,-0.021316502555778452,0.027230656348560422
rf,10,1670,0.07966166365570132,0.07966166365570132
rf,10,1671,-0.009012780497315007,0.054777406113716315
rf,10,1672,0.04235361812241935,0.04235361812241935
rf,10,1673,0.0847602144658045,0.14597949588894749
rf,10,1674,0.03554954809875577,0.0479663853362768
rf,10,1675,-0.08652576387525852,0.03583573574033029
rf,10,1676,-0.013874281234036771,0.13705383061772633
rf,10,1677,0.022729096926115494,0.022729096926115494
rf,10,1678,0.049775528224251755,0.253160815119764
rf,10,1679,0.055724978858924815,0.0956757995027542
rf,10,1680,0.04583640715810834,0.051045146028853794
rf,10,1681,0.025269762826101994,0.07125024008880504
rf,10,1682,0.015696220596900776,0.16924231767942666
rf,10,1683,-0.02264508588419286,0.021398562609593177
rf,10,1684,-0.0187026834917407,-0.006532666530317886
rf,10,1685,0.028060460678867652,0.042588235020900644
rf,10,1686,0.024560335664220515,0.027531067748888347
rf,10,1687,0.022446368326537236,0.027647836574786797
rf,10,1688,0.009105337345879774,0.040694479771159434
rf,10,1689,0.07396944347006129,0.08699005056737094
rf,10,1690,0.00023477321900298997,0.08190941116319983
rf,10,1691,-0.04308533345156318,0.0100947060260176
rf,10,1692,-0.0876336009736763,-0.01347795993091664
rf,10,1693,-0.03670516084019566,0.006564757636254581
rf,10,1694,-0.005787612954631677,0.09068486513863902
rf,10,1695,-0.04545267189749902,-0.005615139528289528
rf,10,1696,0.0047080283951028284,0.15503152389046304
rf,10,1697,0.02462615324579928,0.02462615324579928
rf,10,1698,0.08448769651072924,0.09542702221380495
rf,10,1699,-0.003344715518152297,0.06284710195540699
rf,10,1700,-0.09636154548654681,0.045530518564410705
rf,10,1701,-0.0119583092465807,0.01613830296352403
rf,10,1702,0.03352943324812242,0.03352943324812242
rf,10,1703,-0.06729318679563431,0.09773415122360385
rf,10,1704,0.08944247000747982,0.18146652509118305
rf,10,1705,0.05133984736296178,0.05321958541129519
rf,10,1706,0.09777106525916598,0.09777106525916598
rf,10,1707,-0.10166114009890229,-0.027952630342442983
rf,10,1708,0.0003965279651034215,0.004738572791112172
rf,10,1709,-0.09054466358875188,0.03284069578241522
rf,10,1710,-0.1265713816058326,-0.06333784860895673
rf,10,1711,0.02602827632752394,0.02602827632752394
rf,10,1712,-0.0280124147366263,0.04228793372588163
rf,10,1713,0.11581717403730077,0.1195891029964263
rf,10,1714,-0.0350767416930459,0.027310014644044645
rf,10,1715,-0.06355842360430829,0.26540120793540417
rf,10,1716,0.13196091101977636,0.18431513332706723
rf,10,1717,-0.10901387411919435,0.02701643293634229
rf,10,1718,-0.07128571987493723,0.09982345441997378
rf,10,1719,0.038387530724929814,0.07093475726964799
rf,10,1720,0.03427545434582442,0.03427545434582442
rf,10,1721,-0.15109364149814924,0.12575132871584904
rf,10,1722,-0.10624191409147377,0.015571928394716411
rf,10,1723,0.034445192038531816,0.2018283473424486
rf,10,1724,-0.06365642911181604,0.11032311480959056
rf,10,1725,-0.10767240963940632,0.07667032988363659
rf,10,1726,0.024647281247154998,0.10805668091534479
rf,10,1727,0.024079841136457628,0.06621911937983163
rf,10,1728,0.017525238881505548,0.024837352183711026
rf,10,1729,-0.04260593528053366,0.005477711904987317
rf,10,1730,-0.11891514436948841,0.07202872571174912
rf,10,1731,-0.14199046837160995,0.09419541475567506
rf,10,1732,0.04746779533252714,0.117891954707847
rf,10,1733,0.02680793855257599,0.0908912533510938
rf,10,1734,-0.06877904805957114,0.09606589293454143
rf,10,1735,0.05075375132792215,0.07134830954681093
rf,10,1736,0.0508872627748405,0.07662330100784417
rf,10,1737,-0.03569693608180582,0.041487617001224456
rf,10,1738,0.07078110753935582,0.07258273848672014
rf,10,1739,0.07821260022842016,0.07821260022842016
rf,10,1740,-0.07304723585267713,0.026829395091052186
rf,10,1741,-0.004589170061091052,0.012449036010793516
rf,10,1742,0.04611072751755346,0.13373668801410457
rf,10,1743,0.01963339474843058,0.04532001539356556
rf,10,1744,0.030267262083021856,0.20718828977992798
rf,10,1745,0.054471110215137133,0.06733838047616988
rf,10,1746,-0.1185304012589194,0.012172687448178884
rf,10,1747,-0.01894341793027722,0.008245373628714664
rf,10,1748,-0.02783547240231303,0.12877433209370356
rf,10,1749,0.08342036385125384,0.18735465114555117
rf,10,1750,0.17246067066985635,0.19072842303642895
rf,10,1751,0.06295543015892305,0.07382361591005321
rf,10,1752,-0.06627013703944186,0.04143048855861818
rf,10,1753,0.1098482217769817,0.1098482217769817
rf,10,1754,0.03230886594764498,0.13102288187205807
rf,10,1755,0.05273241087553941,0.0661958856311031
rf,10,1756,0.02960640210026555,0.06102300984621556
rf,10,1757,-0.02344596174776599,0.10195418369282677
rf,10,1758,-0.05383179752922991,-0.00016856822935189253
rf,10,1759,0.018465335873513802,0.14110508731698326
rf,10,1760,-0.055971191444216736,0.05800287866957973
rf,10,1761,0.028261410452952773,0.03202125270553392
rf,10,1762,-0.06144136766772639,0.028327706217205317
rf,10,1763,-0.026349198915364705,0.03699088336993252
rf,10,1764,-0.05940486439971018,0.040708507499427254
rf,10,1765,0.05573537833010561,0.08266734632973308
rf,10,1766,-0.0645427574399496,0.19804819773019772
rf,10,1767,0.03809923285711074,0.053044890212245
rf,10,1768,-0.004141153660889713,-0.004141153660889713
rf,10,1769,0.08639581738288682,0.12166690517826537
rf,10,1770,0.04662490715918348,0.06273609855093881
rf,10,1771,-0.001109270919873978,0.014414768948403794
rf,10,1772,0.06725273237266485,0.10643649122905308
rf,10,1773,-0.06235091803414157,0.06646077529558356
rf,10,1774,-0.06459789700495407,-0.048611898283692445
rf,10,1775,0.07504345383286964,0.07504345383286964
rf,10,1776,0.1508501704216878,0.1508501704216878
rf,10,1777,0.03580287818752445,0.11808085796229884
rf,10,1778,0.03506854311362345,0.08914258229198252
rf,10,1779,-0.02210921556653305,0.010610487384813655
rf,10,1780,0.04013677150813563,0.09453085007297007
rf,10,1781,0.033778778814012644,0.04351334088467697
rf,10,1782,0.008202122468134565,0.04460436831250798
rf,10,1783,0.03753806221413669,0.03753806221413669
rf,10,1784,-0.07475396362268792,0.062232373353056175
rf,10,1785,0.005830899645886206,0.142390292992117
rf,10,1786,0.059077117464439666,0.059077117464439666
rf,10,1787,-0.015218868615395724,0.03331740112525494
rf,10,1788,0.02572494602341975,0.06998630378375476
rf,10,1789,0.006694426047993113,0.04617316084141741
rf,10,1790,0.024364772974219198,0.0747154930046286
rf,10,1791,-0.012893572550720336,0.03771494438478712
rf,10,1792,-0.08984846333905293,-0.004265887976011851
rf,10,1793,0.010785128218474632,0.08626311081223578
rf,10,1794,0.06665929654380026,0.06665929654380026
rf,10,1795,-0.023770510016848052,-7.170797913028104e-06
rf,10,1796,-0.0327596871847068,0.021508597661353657
rf,10,1797,-0.09975129457175143,0.11926724950149153
rf,10,1798,0.045105226734497184,0.12233893647227001
rf,10,1799,0.04167478773704826,0.19865055132451542
rf,10,1800,-0.08088393325538418,0.10475850713846122
rf,10,1801,-0.011518340972992251,0.017679444953105083
rf,10,1802,-0.07407857565709794,-0.039730251396968466
rf,10,1803,-0.040594139392413936,-0.01557427746947699
rf,10,1804,0.04199767362675365,0.081266418105927
rf,10,1805,-0.01336749804885675,0.056313258284135415
rf,10,1806,-0.10108754434730194,0.02778868394331961
rf,10,1807,-0.013838849843230305,0.06153510632301373
rf,10,1808,-0.04959684883690095,0.10598886005808814
rf,10,1809,-0.015951317309602926,0.026261443641854967
rf,10,1810,-0.011747639288346677,0.05008936732553532
rf,10,1811,0.036055209182288925,0.04606802095478192
rf,10,1812,-0.10211410797956391,0.1293546081516071
rf,10,1813,0.002529456140720185,0.040317008128407536
rf,10,1814,-0.012740802006408612,0.014005473493960682
rf,10,1815,0.03210898526587791,0.03938845734289022
rf,10,1816,0.036269953119480086,0.09810105721611082
rf,10,1817,0.011501518701748231,0.08123938251068163
rf,10,1818,-0.06287293202165098,-0.01811620719939542
rf,10,1819,0.015718403974372602,0.01654668287758676
rf,10,1820,-0.07879602460582252,-0.05474202505971992
rf,10,1821,0.03778426067732847,0.09121256063940283
rf,10,1822,-0.07968946617557024,-0.01926069762333854
rf,10,1823,0.0013012244061611083,0.046719940456683665
rf,10,1824,-0.10018039567869608,0.0561159011028409
rf,10,1825,-0.01919288620729559,0.032663034373371994
rf,10,1826,0.03952162321053079,0.1146897096121694
rf,10,1827,0.0389255647513157,0.07862969380990181
rf,10,1828,0.023744330203385178,0.050972976620497046
rf,10,1829,-0.09201811163368356,0.0015568810144934997
rf,10,1830,-0.08221742855858553,0.09998463210009079
rf,10,1831,0.1258601540352258,0.1260498287438159
rf,10,1832,0.0969306316132503,0.13622245144213732
rf,10,1833,-0.00947509003079227,0.10228638269296497
rf,10,1834,-0.034901860474867,0.05943978284803736
rf,10,1835,-0.015616220946884272,0.00296211725782862
rf,10,1836,0.0023598721771868197,0.03592498325254445
rf,10,1837,0.12367794256875675,0.22225926565912202
rf,10,1838,-0.0009386518866098537,0.011198271163730303
rf,10,1839,0.012858815302116314,0.05465530783534528
rf,10,1840,-0.04731238897779826,0.13614330383167822
rf,10,1841,0.05309156449653629,0.05309156449653629
rf,10,1842,0.022020483229747756,0.043614291013347684
rf,10,1843,-0.08760468367319779,0.1792077864525941
rf,10,1844,-0.008310158306102142,0.07349624724524423
rf,10,1845,-0.0561481331842992,0.02545854259655786
rf,10,1846,0.01206535294185096,0.01206535294185096
rf,10,1847,0.05348847126845965,0.0614802753130933
rf,10,1848,0.0031194002042710944,0.06093820957552604
rf,10,1849,-0.022702166946312746,-0.022702166946312746
rf,10,1850,0.05440462197688159,0.08147247191482274
rf,10,1851,0.01766294320678974,0.01766294320678974
rf,10,1852,0.028686768610400967,0.06450302670491156
rf,10,1853,-0.10693501166062658,0.013913772198835606
rf,10,1854,-0.04098382962296977,0.10745082494620883
rf,10,1855,-0.055050866957858144,-0.007027189951870884
rf,10,1856,0.0067670684151558,0.03284568308950056
rf,10,1857,0.01661569663498305,0.09300621910688903
rf,10,1858,-0.02631414527681386,0.015192112469824881
rf,10,1859,-0.054560887569871486,0.0500666353816905
rf,10,1860,0.028164795835888268,0.02944939625179513
rf,10,1861,-0.07567873137380499,-0.04404010766358292
rf,10,1862,0.020015204017946098,0.028675080968568467
rf,10,1863,-0.02460020708656132,0.014253728509384264
rf,10,1864,-0.036497786202804514,0.09471217349402228
rf,10,1865,0.10519727678627472,0.1053279656775162
rf,10,1866,0.007080898457850593,0.06362861684441179
rf,10,1867,-0.027760651427067046,0.08966717455226583
rf,10,1868,-0.06623609783954665,0.010167792832802919
rf,10,1869,0.030101875441607598,0.030101875441607598
rf,10,1870,0.02689373543511024,0.11922731734944583
rf,10,1871,0.0008585260181633303,0.06363254545661953
rf,10,1872,-0.01730698676967364,0.11238349398365527
rf,10,1873,-0.018641364302239186,-0.006639775536035043
rf,10,1874,-0.12497711539137991,-0.005398115760123445
rf,10,1875,-0.05519697872020371,-0.02953558858299199
rf,10,1876,-0.16177030020657712,0.10635332654460536
rf,10,1877,-0.09386249291024013,0.08361796169714095
rf,10,1878,-0.008868991200817716,0.1278367382182601
rf,10,1879,0.03308319417721718,0.03308319417721718
rf,10,1880,-0.00032547775086307074,0.06776109320880677
rf,10,1881,0.1063706387456739,0.13124845620458478
rf,10,1882,-0.0007363882495137336,0.02619876166280123
rf,10,1883,0.02453022434002733,0.06218710702164437
rf,10,1884,0.05994538742966199,0.06890637086766419
rf,10,1885,-0.07495815170235053,-0.00471099168129778
rf,10,1886,0.00470356779672125,0.013140218398119102
rf,10,1887,0.06877114794145095,0.07806701667734486
rf,10,1888,-0.020246179536544846,0.14445191900575197
rf,10,1889,0.1509656225828103,0.15678461918077696
rf,10,1890,0.07997584429681795,0.1238242134326542
rf,10,1891,0.051715524483534295,0.051715524483534295
rf,10,1892,-0.015665497873034395,0.14988244327799016
rf,10,1893,-0.04285153450100683,0.01238492618600262
rf,10,1894,-0.0800724151543468,0.12107030036135769
rf,10,1895,0.0296638607503779,0.07669862443812378
rf,10,1896,0.010081543907181842,0.06373884688780665
rf,10,1897,0.0688107645548924,0.0864700156260858
rf,10,1898,0.02485473004218422,0.08407952116117126
rf,10,1899,0.11704840858131987,0.12930911064482586
rf,10,1900,0.06769824712868036,0.06805968610394011
rf,10,1901,0.011650800820910356,0.011650800820910356
rf,10,1902,-0.04118275717070474,0.03435003866013002
rf,10,1903,-0.06660737342555458,0.028097852710527435
rf,10,1904,-0.06020336700168753,0.07125123541488218
rf,10,1905,0.02300034829487803,0.053635298723445815
rf,10,1906,0.015063408536321085,0.06997798700763525
rf,10,1907,0.02579996065601166,0.03503239029040904
rf,10,1908,0.003917669259531062,0.018145636019238964
rf,10,1909,0.003546767597665604,0.07750531933119734
rf,10,1910,0.03542761002292544,0.0852167173102861
rf,10,1911,0.02143256042807977,0.14311668618810133
rf,10,1912,0.09323172847295444,0.09667557334632451
rf,10,1913,-0.00975028664539472,0.011294736481039513
rf,10,1914,0.04751681197871038,0.09722039692522413
rf,10,1915,0.04495064943743196,0.06993437752114481
rf,10,1916,-0.05706919075370873,-0.02314449468103904
rf,10,1917,-0.06603626612331104,0.05998207364805619
rf,10,1918,-0.004137525486745314,0.02525238223372396
rf,10,1919,0.04286525404087391,0.1479558570510562
rf,10,1920,0.006185654266762167,0.07302180312142278
rf,10,1921,-0.15944063284253335,0.10329225038010517
rf,10,1922,-0.05809172774295779,-0.014603040148615437
rf,10,1923,-0.11605843051198389,0.003659278056034901
rf,10,1924,0.02126021440389124,0.06369560453216402
rf,10,1925,-0.09651509143489928,0.0375791808132208
rf,10,1926,-0.02811409869366715,0.09645276699896113
rf,10,1927,0.008472738339108249,0.07980757227464372
rf,10,1928,0.03826279922784338,0.08474524488221835
rf,10,1929,0.0027913996483493325,0.028422390099561934
rf,10,1930,0.04857306366687637,0.05143029844675269
rf,10,1931,0.012719352191400607,0.051635866522283275
rf,10,1932,-0.08548148047487003,0.08418629477885381
rf,10,1933,0.008149120323329095,0.025681249075020438
rf,10,1934,-0.07616314394172222,0.01175408042199623
rf,10,1935,-0.04255948520861556,-0.02922497875138641
rf,10,1936,-0.06960009219071323,0.00972123316054796
rf,10,1937,-0.07810477914672287,0.029074472834779375
rf,10,1938,-0.055510895290283836,-0.055510895290283836
rf,10,1939,-0.06684409501246501,0.07856117895851458
rf,10,1940,0.002215075478199144,0.07791387864692909
rf,10,1941,-0.04950400119638236,0.08518694203862529
rf,10,1942,-0.10180660129766847,0.03991794701113911
rf,10,1943,-0.06607560716676267,-0.015264774602095549
rf,10,1944,0.08983304726570732,0.08983304726570732
rf,10,1945,0.05224732935770943,0.11620949385915927
rf,10,1946,0.011266296403674644,0.08226389616703539
rf,10,1947,0.015281072958693687,0.016145634985226212
rf,10,1948,-0.025875326448300817,0.12406173023615108
rf,10,1949,-0.07925551655222639,-0.07905800353674129
rf,10,1950,0.07736892326427552,0.07736892326427552
rf,10,1951,-0.03012833349923958,-0.008651252831280452
rf,10,1952,0.0224975541849122,0.12944627352454144
rf,10,1953,0.09062640580790451,0.17309477545236834
rf,10,1954,-0.053279284069279634,0.17165510886739657
rf,10,1955,-0.07751536004129553,0.06395280779433127
rf,10,1956,-0.13745427308436386,-0.08375807963749345
rf,10,1957,0.058468159127748665,0.12603352663931913
rf,10,1958,0.17674472621728352,0.37895587237440365
rf,10,1959,0.041550038936616004,0.06026425015016232
rf,10,1960,-0.11485828378108831,0.06271994772772002
rf,10,1961,-0.10171878218588014,0.04399819891293198
rf,10,1962,-0.056838868051876226,0.03844229312903444
rf,10,1963,-0.01615333401919032,0.09673370813218321
rf,10,1964,0.07971135809187135,0.0815526555542932
rf,10,1965,-0.03059547142622409,0.0353191060027455
rf,10,1966,-0.0005083167468875327,0.053146002189199334
rf,10,1967,-0.02653697040951805,-0.02653697040951805
rf,10,1968,0.021838087823876168,0.0650528315041359
rf,10,1969,0.07161003482995973,0.10096022704218452
rf,10,1970,0.02894686867446225,0.10891245517042344
rf,10,1971,0.09536584008327839,0.09536584008327839
rf,10,1972,-0.14323271025205703,0.051177594773434046
rf,10,1973,0.054081154245175136,0.06691367887655347
rf,10,1974,-0.004662307603913729,0.05219705530105469
rf,10,1975,0.056283048134483454,0.17080247800075235
rf,10,1976,-0.09346121738657863,0.0879636030062789
rf,10,1977,0.09700417430326858,0.13659505681354808
rf,10,1978,0.018544142512940745,0.1938314257143422
rf,10,1979,0.02426442137316416,0.11072137065170978
rf,10,1980,-0.05972552243620069,-0.0303836743136206
rf,10,1981,-0.13217446309402237,0.0822990695947976
rf,10,1982,0.11202887007888296,0.19534564774890867
rf,10,1983,-0.01634006597489756,-0.01634006597489756
rf,10,1984,7.540642411249521e-06,0.10799453939113246
rf,10,1985,0.05951439898053196,0.05951439898053196
rf,10,1986,-0.028844040929140627,0.00286127272439822
rf,10,1987,0.004087995615874487,0.022740169149049583
rf,10,1988,0.04198427984915527,0.04198427984915527
rf,10,1989,0.007284414139094544,0.11849630117336282
rf,10,1990,0.040115602081259846,0.1189453587158551
rf,10,1991,-0.033186933167638225,0.05894955621246603
rf,10,1992,0.05656360539342853,0.09644140022122441
rf,10,1993,-0.10014547611084229,0.04525058860308191
rf,10,1994,0.07582055318587042,0.08615262896144069
rf,10,1995,-0.10200919648659203,0.06316826622512789
rf,10,1996,-0.06523991811394046,0.12384224117869727
rf,10,1997,0.06273267360933368,0.08558119862721644
rf,10,1998,-0.19939456840263686,0.0018150514363879655
rf,10,1999,-0.10819782625633742,0.029211035991987405
